fecha,orden,grupo,centro_de_costo,capitulo,descripcion,unidad_funcional,proyecto,elemento,abs_inicial,abs_final,liberacion,acta,unidad_medida,largo,espesor,fc,cantidad,observacion,id_registro
2025-09-04,10,TIERRAS,3701.02.05,EXPLANACIONES,Excavaciones en material común APROVECHABLE,UF1,3701,tm2 pk 14+635 - 15+460,14635,15460,TOPOGRAFIA,11,m3,2646,,1.3,0,,xls-1
2025-09-04,10,TIERRAS,3701.02.05,EXPLANACIONES,Excavaciones en material común NO APROVECHABLE,UF1,3701,tm2 pk 12+822 - 14+225,12822,14225,TOPOGRAFIA,11,m3,154,1,1.3,118.46153846153845,DESCAPOTE,xls-2
2025-09-04,13,TIERRAS,3701.02.07,EXPLANACIONES,Terraplenes (solo conformación),UF1,3701,tm2 pk 12+822 - 14+225,12822,14225,TOPOGRAFIA,11,m3,1820,1,1.3,1400,,xls-3
2025-09-04,13,TIERRAS,3701.02.07,EXPLANACIONES,Terraplenes (solo conformación),UF1,3701,tm2 pk 23+820 - 24+800,23820,24800,TOPOGRAFIA,11,m3,770,1,1.3,592.3076923076923,,xls-4
2025-09-04,85,TIERRAS,3702.02.07,EXPLANACIONES,Terraplenes (solo conformación),UF2,3702,tm2 pk 30+500 - 31+942,30500,31942,TOPOGRAFIA,11,m3,56,1,1.3,43.07692307692307,CORONA,xls-5
2025-09-04,14,TIERRAS,3701.02.08,EXPLANACIONES,Conformación y disposición de sobrantes (incluye obras de adecuación),UF1,3701,RCD 15+800,15800,15800,TOPOGRAFIA,11,m3,154,1,2,77,,xls-6
2025-09-04,16,TIERRAS,3701.02.10,TRANSPORTE EXPLANACIONES,Transporte de la excavación entre cien metros (100 m) y mil metros (1.000 m),UF1,3701,tm2 pk 12+822 - 14+225,12822,14225,CAMPO,11,m3-Estación,1400,1,1,1400,,xls-7
2025-09-04,17,TIERRAS,3701.02.11,TRANSPORTE EXPLANACIONES,Transporte de la excavación de la explanación distancias mayores de mil metros (1000 m),UF1,3701,tm2 pk 23+820 - 24+800,23820,24800,TOPOGRAFIA,11,m3-km,592,1,1,592,,xls-8
2025-09-04,6,TIERRAS,3701.02.01,EXPLANACIONES,Desmonte y limpieza en bosque,UF1,3701,tm2 pk 19+000 - 20+875,19000,20875,CAMPO,11,Ha,0.04,1,1,0.04,,xls-9
2025-09-04,89,TIERRAS,3702.02.11,TRANSPORTE EXPLANACIONES,Transporte de la excavación de la explanación distancias mayores de mil metros (1000 m),UF2,3702,tm2 pk 30+500 - 31+942,30500,31942,TOPOGRAFIA,11,m3-km,43,1,1,43,,xls-10
2025-09-05,10,TIERRAS,3701.02.05,EXPLANACIONES,Excavaciones en material común APROVECHABLE,UF1,3701,tm2 pk 14+635 - 15+460,14635,15460,TOPOGRAFIA,11,m3,2870,1,1.3,2207.6923076923076,,xls-11
2025-09-05,10,TIERRAS,3701.02.05,EXPLANACIONES,Excavaciones en material común NO APROVECHABLE,UF1,3701,tm2 pk 12+822 - 14+225,12822,14225,TOPOGRAFIA,11,m3,364,1,1.3,280,DESCAPOTE,xls-12
2025-09-05,13,TIERRAS,3701.02.07,EXPLANACIONES,Terraplenes (solo conformación),UF1,3701,tm2 pk 12+822 - 14+225,12822,14225,TOPOGRAFIA,11,m3,1946,1,1.3,1496.923076923077,,xls-13
2025-09-05,13,TIERRAS,3701.02.07,EXPLANACIONES,Terraplenes (solo conformación),UF1,3701,tm2 pk 28+303 - 29+600,28303,29600,TOPOGRAFIA,11,m3,42,1,1.3,32.30769230769231,,xls-14
2025-09-05,13,TIERRAS,3701.02.07,EXPLANACIONES,Terraplenes (solo conformación),UF1,3701,tm2 pk 23+820 - 24+800,23820,24800,CAMPO,11,m3,854,1,1.3,656.9230769230769,,xls-15
2025-09-05,85,TIERRAS,3702.02.07,EXPLANACIONES,Terraplenes (solo conformación),UF2,3702,tm2 pk 33+380 - 34+445,33380,34445,TOPOGRAFIA,11,m3,28,1,1.3,21.538461538461537,CORONA,xls-16
2025-09-05,90,TIERRAS,3702.03.01,"BASES, SUBBASES Y AFIRMADOS",Subbase Granular,UF2,3702,tm2 pk 30+500 - 31+942,30500,31942,CAMPO,11,m3,518,1,1.3,398.46153846153845,,xls-17
2025-09-05,14,TIERRAS,3701.02.08,EXPLANACIONES,Conformación y disposición de sobrantes (incluye obras de adecuación),UF1,3701,RCD 15+800,15800,15800,TOPOGRAFIA,11,m3,364,1,2,182,,xls-18
2025-09-05,16,TIERRAS,3701.02.10,TRANSPORTE EXPLANACIONES,Transporte de la excavación entre cien metros (100 m) y mil metros (1.000 m),UF1,3701,tm2 pk 12+822 - 14+225,12822,14225,CAMPO,11,m3-Estación,1496,1,1,1496,,xls-19
2025-09-05,17,TIERRAS,3701.02.11,TRANSPORTE EXPLANACIONES,Transporte de la excavación de la explanación distancias mayores de mil metros (1000 m),UF1,3701,tm2 pk 28+303 - 29+600,28303,29600,CAMPO,11,m3-km,32,1,1,32,,xls-20
2025-09-05,17,TIERRAS,3701.02.11,TRANSPORTE EXPLANACIONES,Transporte de la excavación de la explanación distancias mayores de mil metros (1000 m),UF1,3701,tm2 pk 23+820 - 24+800,23820,24800,CAMPO,11,m3-km,656,1,1,656,,xls-21
2025-09-05,6,TIERRAS,3701.02.01,EXPLANACIONES,Desmonte y limpieza en bosque,UF1,3701,tm2 pk 19+000 - 20+875,19000,20875,TOPOGRAFIA,11,Ha,0.1,1,1,0.1,,xls-22
2025-09-06,10,TIERRAS,3701.02.05,EXPLANACIONES,Excavaciones en material común APROVECHABLE,UF1,3701,tm2 pk 14+635 - 15+460,14635,15460,TOPOGRAFIA,11,m3,1996,1,1.3,1535.3846153846152,,xls-23
2025-09-06,10,TIERRAS,3701.02.05,EXPLANACIONES,Excavaciones en material común NO APROVECHABLE,UF1,3701,tm2 pk 12+822 - 14+225,12822,14225,TOPOGRAFIA,11,m3,84,1,1.3,64.61538461538461,DESCAPOTE,xls-24
2025-09-06,14,TIERRAS,3701.02.08,EXPLANACIONES,Conformación y disposición de sobrantes (incluye obras de adecuación),UF1,3701,RCD 15+800,15800,15800,TOPOGRAFIA,11,m3,84,1,2,42,,xls-25
2025-09-06,13,TIERRAS,3701.02.07,EXPLANACIONES,Terraplenes (solo conformación),UF1,3701,tm2 pk 12+822 - 14+225,12822,14225,TOPOGRAFIA,11,m3,938,1,1.3,721.5384615384615,,xls-26
2025-09-06,16,TIERRAS,3701.02.10,TRANSPORTE EXPLANACIONES,Transporte de la excavación entre cien metros (100 m) y mil metros (1.000 m),UF1,3701,tm2 pk 12+822 - 14+225,12822,14225,CAMPO,11,m3-Estación,721,1,1,721,,xls-27
2025-09-06,13,TIERRAS,3701.02.07,EXPLANACIONES,Terraplenes (solo conformación),UF1,3701,tm2 pk 12+822 - 14+225,12822,14225,TOPOGRAFIA,11,m3,434,1,1.3,333.8461538461538,,xls-28
2025-09-06,16,TIERRAS,3701.02.10,TRANSPORTE EXPLANACIONES,Transporte de la excavación entre cien metros (100 m) y mil metros (1.000 m),UF1,3701,tm2 pk 12+822 - 14+225,12822,14225,CAMPO,11,m3-Estación,333,1,1,333,,xls-29
2025-09-06,13,TIERRAS,3701.02.07,EXPLANACIONES,Terraplenes (solo conformación),UF1,3701,tm2 pk 23+820 - 24+800,23820,24800,TOPOGRAFIA,11,m3,153,1,1.3,117.6923076923077,,xls-30
2025-09-06,17,TIERRAS,3701.02.11,TRANSPORTE EXPLANACIONES,Transporte de la excavación de la explanación distancias mayores de mil metros (1000 m),UF1,3701,tm2 pk 23+820 - 24+800,23820,24800,CAMPO,11,m3-km,117,1,1,117,,xls-31
2025-09-06,90,TIERRAS,3702.03.01,"BASES, SUBBASES Y AFIRMADOS",Subbase Granular,UF2,3702,tm2 pk 30+500 - 31+942,30500,31942,TOPOGRAFIA,11,m3,434,1,1.3,333.8461538461538,,xls-32
2025-09-06,93,TIERRAS,3702.03.02,TRANSPORTE FIRMES,Transporte de subbase granular,UF2,3702,tm2 pk 30+500 - 31+942,30500,31942,CAMPO,11,m3-km,333,1,1,333,,xls-33
2025-09-05,93,TIERRAS,3702.03.02,TRANSPORTE FIRMES,Transporte de subbase granular,UF2,3702,tm2 pk 30+500 - 31+942,30500,31942,CAMPO,11,m3-km,398,1,1,398,,xls-34
2025-09-08,10,TIERRAS,3701.02.05,EXPLANACIONES,Excavaciones en material común APROVECHABLE,UF1,3701,tm2 pk 14+635 - 15+460,14635,15460,TOPOGRAFIA,11,m3,2492,1,1.3,1916.923076923077,,xls-35
2025-09-08,10,TIERRAS,3701.02.05,EXPLANACIONES,Excavaciones en material común NO APROVECHABLE,UF1,3701,tm2 pk 16+210 - 17+120,16210,17120,TOPOGRAFIA,11,m3,140,12,1.3,1292.3076923076922,DESCAPOTE,xls-36
2025-09-08,10,TIERRAS,3701.02.05,EXPLANACIONES,Excavaciones en material común NO APROVECHABLE,UF1,3701,tm2 pk 19+000 - 20+875,19000,20875,TOPOGRAFIA,11,m3,490,10,1.3,3769.230769230769,DESCAPOTE,xls-37
2025-09-08,14,TIERRAS,3701.02.08,EXPLANACIONES,Conformación y disposición de sobrantes (incluye obras de adecuación),UF1,3701,RCD 15+800,15800,15800,TOPOGRAFIA,11,m3,630,1,2,315,,xls-38
2025-09-08,13,TIERRAS,3701.02.07,EXPLANACIONES,Terraplenes (solo conformación),UF1,3701,tm2 pk 12+822 - 14+225,12822,14225,TOPOGRAFIA,11,m3,1694,1,1.3,1303.076923076923,,xls-39
2025-09-08,16,TIERRAS,3701.02.10,TRANSPORTE EXPLANACIONES,Transporte de la excavación entre cien metros (100 m) y mil metros (1.000 m),UF1,3701,tm2 pk 12+822 - 14+225,12822,14225,CAMPO,11,m3-Estación,1303,1,1,1303,,xls-40
2025-09-08,13,TIERRAS,3701.02.07,EXPLANACIONES,Terraplenes (solo conformación),UF1,3701,tm2 pk 23+820 - 24+800,23820,24800,TOPOGRAFIA,11,m3,700,1,1.3,538.4615384615385,,xls-41
2025-09-08,17,TIERRAS,3701.02.11,TRANSPORTE EXPLANACIONES,Transporte de la excavación de la explanación distancias mayores de mil metros (1000 m),UF1,3701,tm2 pk 23+820 - 24+800,23820,24800,CAMPO,11,m3-km,538,1,1,538,,xls-42
2025-09-08,90,TIERRAS,3702.03.01,"BASES, SUBBASES Y AFIRMADOS",Subbase Granular,UF2,3702,tm2 pk 30+500 - 31+942,30500,31942,TOPOGRAFIA,11,m3,210,1,1.3,161.53846153846152,,xls-43
2025-09-08,93,TIERRAS,3702.03.02,TRANSPORTE FIRMES,Transporte de subbase granular,UF2,3702,tm2 pk 30+500 - 31+942,30500,31942,CAMPO,11,m3-km,161,1,1,161,,xls-44
2025-09-09,10,TIERRAS,3701.02.05,EXPLANACIONES,Excavaciones en material común APROVECHABLE,UF1,3701,tm2 pk 14+635 - 15+460,14635,15460,TOPOGRAFIA,11,m3,3248,1,1.3,2498.4615384615386,,xls-45
2025-09-09,10,TIERRAS,3701.02.05,EXPLANACIONES,Excavaciones en material común NO APROVECHABLE,UF1,3701,tm2 pk 16+210 - 17+120,16210,17120,TOPOGRAFIA,11,m3,252,0.1,1.3,19.384615384615387,DESCAPOTE,xls-46
2025-09-09,10,TIERRAS,3701.02.05,EXPLANACIONES,Excavaciones en material común NO APROVECHABLE,UF1,3701,tm2 pk 19+000 - 20+875,19000,20875,TOPOGRAFIA,11,m3,385,0.1,1.3,29.615384615384613,DESCAPOTE,xls-47
2025-09-09,14,TIERRAS,3701.02.08,EXPLANACIONES,Conformación y disposición de sobrantes (incluye obras de adecuación),UF1,3701,RCD 15+800,15800,15800,TOPOGRAFIA,11,m3,637,1,2,318.5,,xls-48
2025-09-09,13,TIERRAS,3701.02.07,EXPLANACIONES,Terraplenes (solo conformación),UF1,3701,tm2 pk 12+822 - 14+225,12822,14225,TOPOGRAFIA,11,m3,3024,1,1.3,2326.153846153846,,xls-49
2025-09-09,16,TIERRAS,3701.02.10,TRANSPORTE EXPLANACIONES,Transporte de la excavación entre cien metros (100 m) y mil metros (1.000 m),UF1,3701,tm2 pk 12+822 - 14+225,12822,14225,CAMPO,11,m3-Estación,2326,1,1,2326,,xls-50
2025-09-08,85,TIERRAS,3702.02.07,EXPLANACIONES,Terraplenes (solo conformación),UF2,3702,tm2 pk 30+500 - 31+942,30500,31942,TOPOGRAFIA,11,m3,98,1,1.3,75.38461538461539,CORONA,xls-51
2025-09-08,89,TIERRAS,3702.02.11,TRANSPORTE EXPLANACIONES,Transporte de la excavación de la explanación distancias mayores de mil metros (1000 m),UF2,3702,tm2 pk 30+500 - 31+942,30500,31942,CAMPO,11,m3-km,75,1,1,75,,xls-52
2025-09-10,10,TIERRAS,3701.02.05,EXPLANACIONES,Excavaciones en material común APROVECHABLE,UF1,3701,tm2 pk 14+635 - 15+460,14635,15460,TOPOGRAFIA,11,m3,3444,1,1.3,2649.230769230769,,xls-53
2025-09-10,10,TIERRAS,3701.02.05,EXPLANACIONES,Excavaciones en material común NO APROVECHABLE,UF1,3701,tm2 pk 16+210 - 17+120,16210,17120,TOPOGRAFIA,11,m3,336,0.1,1.3,25.846153846153847,DESCAPOTE,xls-54
2025-09-10,14,TIERRAS,3701.02.08,EXPLANACIONES,Conformación y disposición de sobrantes (incluye obras de adecuación),UF1,3701,RCD 15+800,15800,15800,TOPOGRAFIA,11,m3,336,1,2,168,,xls-55
2025-09-10,13,TIERRAS,3701.02.07,EXPLANACIONES,Terraplenes (solo conformación),UF1,3701,tm2 pk 12+822 - 14+225,12822,14225,TOPOGRAFIA,11,m3,2856,1,1.3,2196.9230769230767,,xls-56
2025-09-10,16,TIERRAS,3701.02.10,TRANSPORTE EXPLANACIONES,Transporte de la excavación entre cien metros (100 m) y mil metros (1.000 m),UF1,3701,tm2 pk 12+822 - 14+225,12822,14225,CAMPO,11,m3-Estación,2196,1,1,2196,,xls-57
2025-09-10,13,TIERRAS,3701.02.07,EXPLANACIONES,Terraplenes (solo conformación),UF1,3701,tm2 pk 24+800 - 25+530,24800,25530,TOPOGRAFIA,11,m3,238,1,1.3,183.07692307692307,CORONA,xls-58
2025-09-10,17,TIERRAS,3701.02.11,TRANSPORTE EXPLANACIONES,Transporte de la excavación de la explanación distancias mayores de mil metros (1000 m),UF1,3701,tm2 pk 24+800 - 25+530,24800,25530,CAMPO,11,m3-km,183,1,1,183,,xls-59
2025-09-11,10,TIERRAS,3701.02.05,EXPLANACIONES,Excavaciones en material común APROVECHABLE,UF1,3701,tm2 pk 14+635 - 15+460,14635,15460,TOPOGRAFIA,11,m3,2184,1,1.3,1680,,xls-60
2025-09-11,10,TIERRAS,3701.02.05,EXPLANACIONES,Excavaciones en material común NO APROVECHABLE,UF1,3701,tm2 pk 16+210 - 17+120,16210,17120,TOPOGRAFIA,11,m3,448,1,1.3,344.6153846153846,DESCAPOTE,xls-61
2025-09-11,14,TIERRAS,3701.02.08,EXPLANACIONES,Conformación y disposición de sobrantes (incluye obras de adecuación),UF1,3701,RCD 15+800,15800,15800,TOPOGRAFIA,11,m3,448,1,2,224,,xls-62
2025-09-11,13,TIERRAS,3701.02.07,EXPLANACIONES,Terraplenes (solo conformación),UF1,3701,tm2 pk 12+822 - 14+225,12822,14225,TOPOGRAFIA,11,m3,1904,1,1.3,1464.6153846153845,,xls-63
2025-09-11,16,TIERRAS,3701.02.10,TRANSPORTE EXPLANACIONES,Transporte de la excavación entre cien metros (100 m) y mil metros (1.000 m),UF1,3701,tm2 pk 12+822 - 14+225,12822,14225,CAMPO,11,m3-Estación,1464,1,1,1464,,xls-64
2025-09-11,13,TIERRAS,3701.02.07,EXPLANACIONES,Terraplenes (solo conformación),UF1,3701,tm2 pk 24+800 - 25+530,24800,25530,TOPOGRAFIA,11,m3,126,1,1.3,96.92307692307692,CORONA,xls-65
2025-09-11,17,TIERRAS,3701.02.11,TRANSPORTE EXPLANACIONES,Transporte de la excavación de la explanación distancias mayores de mil metros (1000 m),UF1,3701,tm2 pk 24+800 - 25+530,24800,25530,CAMPO,11,m3-km,96,1,1,96,,xls-66
2025-09-06,6,TIERRAS,3701.02.01,EXPLANACIONES,Desmonte y limpieza en bosque,UF1,3701,tm2 pk 19+000 - 20+875,19000,20875,TOPOGRAFIA,11,Ha,0.01,1,1,0.01,,xls-67
2025-09-08,6,TIERRAS,3701.02.01,EXPLANACIONES,Desmonte y limpieza en bosque,UF1,3701,tm2 pk 19+000 - 20+875,19000,20875,TOPOGRAFIA,11,Ha,0.6,1,1,0.6,,xls-68
2025-09-09,6,TIERRAS,3701.02.01,EXPLANACIONES,Desmonte y limpieza en bosque,UF1,3701,tm2 pk 19+000 - 20+875,19000,20875,TOPOGRAFIA,11,Ha,0.5,1,1,0.5,,xls-69
2025-09-10,6,TIERRAS,3701.02.01,EXPLANACIONES,Desmonte y limpieza en bosque,UF1,3701,tm2 pk 19+000 - 20+875,19000,20875,TOPOGRAFIA,11,Ha,0.4,1,1,0.4,,xls-70
2025-09-04,30,DRENAJES Y ESTRUCTURAS,3701.06.01,DRENAJE TRANSVERSAL,Excavaciones varias sin clasicar,UF1,3701,ODT1-018,13673,13673,TOPOGRAFIA,11,m3,23.66,1,1,23.66,,xls-71
2025-09-05,30,DRENAJES Y ESTRUCTURAS,3701.06.01,DRENAJE TRANSVERSAL,Excavaciones varias sin clasicar,UF1,3701,ODT1-080,28753,28753,TOPOGRAFIA,11,m3,3.2,1,1,3.2,,xls-72
2025-09-06,30,DRENAJES Y ESTRUCTURAS,3701.06.01,DRENAJE TRANSVERSAL,Excavaciones varias sin clasicar,UF1,3701,ODT1-022,14044,14044,TOPOGRAFIA,11,m3,2.8,1,1,2.8,,xls-73
2025-09-08,32,DRENAJES Y ESTRUCTURAS,3701.06.03,DRENAJE TRANSVERSAL,Material granular drenante,UF1,3701,ODT1-020,13942,13942,CAMPO,11,m3,37.16,0.4,1,14.863999999999999,,xls-74
2025-09-05,33,DRENAJES Y ESTRUCTURAS,3701.06.04,DRENAJE TRANSVERSAL,Acero de refuerzo Fy=420 Mpa.,UF1,3701,ODT1-018,13673,13673,CAMPO,11,kg,640,1,1,640,,xls-75
2025-09-06,33,DRENAJES Y ESTRUCTURAS,3701.06.04,DRENAJE TRANSVERSAL,Acero de refuerzo Fy=420 Mpa.,UF1,3701,ODT1-011,12838,12838,CAMPO,11,kg,510,1,1,510,,xls-76
2025-09-07,33,DRENAJES Y ESTRUCTURAS,3701.06.04,DRENAJE TRANSVERSAL,Acero de refuerzo Fy=420 Mpa.,UF1,3701,ODT1-022,14044,14044,CAMPO,11,kg,271,1,1,271,,xls-77
2025-09-08,33,DRENAJES Y ESTRUCTURAS,3701.06.04,DRENAJE TRANSVERSAL,Acero de refuerzo Fy=420 Mpa.,UF1,3701,ODT1-080,28753,28753,CAMPO,11,kg,1521,1,1,1521,,xls-78
2025-09-09,33,DRENAJES Y ESTRUCTURAS,3701.06.04,DRENAJE TRANSVERSAL,Acero de refuerzo Fy=420 Mpa.,UF1,3701,ODT1-081,28950,28950,CAMPO,11,kg,1951,1,1,1951,,xls-79
2025-09-10,33,DRENAJES Y ESTRUCTURAS,3701.06.04,DRENAJE TRANSVERSAL,Acero de refuerzo Fy=420 Mpa.,UF1,3701,ODT1-015,13227,13227,CAMPO,11,kg,707,1,1,707,,xls-80
2025-09-06,36,DRENAJES Y ESTRUCTURAS,3701.06.07,DRENAJE TRANSVERSAL,"Concreto clase 14 MPA (solados, estructuras)",UF1,3701,ODT1-081,28950,28950,CAMPO,11,m3,3,1,1,3,,xls-81
2025-09-05,38,DRENAJES Y ESTRUCTURAS,3701.06.09,DRENAJE TRANSVERSAL,"Concreto clase  28 MPA (encoles, descoles, box, sumideros)",UF1,3701,ODT1-082,29198,29198,CAMPO,11,m3,24.5,1,1,24.5,,xls-82
2025-09-06,38,DRENAJES Y ESTRUCTURAS,3701.06.09,DRENAJE TRANSVERSAL,"Concreto clase  28 MPA (encoles, descoles, box, sumideros)",UF1,3701,ODT1-018,13673,13673,CAMPO,11,m3,4.5,1,1,4.5,,xls-83
2025-09-08,38,DRENAJES Y ESTRUCTURAS,3701.06.09,DRENAJE TRANSVERSAL,"Concreto clase  28 MPA (encoles, descoles, box, sumideros)",UF1,3701,ODT1-022,14044,14044,CAMPO,11,m3,2.5,1,1,2.5,,xls-84
2025-09-09,38,DRENAJES Y ESTRUCTURAS,3701.06.09,DRENAJE TRANSVERSAL,"Concreto clase  28 MPA (encoles, descoles, box, sumideros)",UF1,3701,ODT1-082,29198,29198,CAMPO,11,m3,8.5,1,1,8.5,,xls-85
2025-09-10,38,DRENAJES Y ESTRUCTURAS,3701.06.09,DRENAJE TRANSVERSAL,"Concreto clase  28 MPA (encoles, descoles, box, sumideros)",UF1,3701,ODT1-011,12838,12838,CAMPO,11,m3,5.5,1,1,5.5,,xls-86
2025-09-10,38,DRENAJES Y ESTRUCTURAS,3701.06.09,DRENAJE TRANSVERSAL,"Concreto clase  28 MPA (encoles, descoles, box, sumideros)",UF1,3701,ODT1-015,13227,13227,CAMPO,11,m3,4,1,1,4,,xls-87
2025-09-05,41,DRENAJES Y ESTRUCTURAS,3701.06.12,DRENAJE TRANSVERSAL,Geodrén vial h=1 m con tubería de 100 mm,UF1,3701,ODT1-020,13942,13942,CAMPO,11,m,16.02,1,1,16.02,,xls-88
2025-09-06,41,DRENAJES Y ESTRUCTURAS,3701.06.12,DRENAJE TRANSVERSAL,Geodrén vial h=1 m con tubería de 100 mm,UF1,3701,ODT1-020,13942,13942,CAMPO,11,m,16.02,1,1,16.02,,xls-89
2025-09-05,42,DRENAJES Y ESTRUCTURAS,3701.06.13,DRENAJE TRANSVERSAL,Geodrén planar h=1 m,UF1,3701,ODT1-020,13942,13942,CAMPO,11,m2,16.02,1,1,16.02,,xls-90
2025-09-06,42,DRENAJES Y ESTRUCTURAS,3701.06.13,DRENAJE TRANSVERSAL,Geodrén planar h=1 m,UF1,3701,ODT1-020,13942,13942,CAMPO,11,m2,16.02,1,1,16.02,,xls-91
2025-09-10,38,DRENAJES Y ESTRUCTURAS,3701.06.09,DRENAJE TRANSVERSAL,"Concreto clase  28 MPA (encoles, descoles, box, sumideros)",UF1,3701,ODT1-080,28753,28753,CAMPO,11,m3,4,1,1,4,,xls-92
2025-09-09,105,DRENAJES Y ESTRUCTURAS,3702.06.04,DRENAJE TRANSVERSAL,Acero de refuerzo Fy=420 Mpa.,UF2,3702,ODT2-003,31006,31006,CAMPO,11,kg,520,1,1,520,,xls-93
2025-09-11,33,DRENAJES Y ESTRUCTURAS,3701.06.04,DRENAJE TRANSVERSAL,Acero de refuerzo Fy=420 Mpa.,UF1,3701,ODT1-012,12881,12881,CAMPO,11,kg,140,1,1,140,,xls-94
2025-09-11,33,DRENAJES Y ESTRUCTURAS,3701.06.04,DRENAJE TRANSVERSAL,Acero de refuerzo Fy=420 Mpa.,UF1,3701,ODT1-014,13067,13067,CAMPO,11,kg,80,1,1,80,,xls-95
2025-09-11,30,DRENAJES Y ESTRUCTURAS,3701.06.01,DRENAJE TRANSVERSAL,Excavaciones varias sin clasicar,UF1,3701,ODT1-015,13227,13227,TOPOGRAFIA,11,m3,3.5,1,1,3.5,,xls-96
2025-09-11,33,DRENAJES Y ESTRUCTURAS,3701.06.04,DRENAJE TRANSVERSAL,Acero de refuerzo Fy=420 Mpa.,UF1,3701,ODT1-022,14044,14044,CAMPO,11,kg,300,1,1,300,,xls-97
2025-09-11,33,DRENAJES Y ESTRUCTURAS,3701.06.04,DRENAJE TRANSVERSAL,Acero de refuerzo Fy=420 Mpa.,UF1,3701,ODT1-012,12881,12881,CAMPO,11,kg,100,1,1,100,,xls-98
2025-09-11,30,DRENAJES Y ESTRUCTURAS,3701.06.01,DRENAJE TRANSVERSAL,Excavaciones varias sin clasicar,UF1,3701,ODT1-078,28348,28348,TOPOGRAFIA,11,m3,11,0.6,1,6.6,,xls-99
2025-09-11,38,DRENAJES Y ESTRUCTURAS,3701.06.09,DRENAJE TRANSVERSAL,"Concreto clase  28 MPA (encoles, descoles, box, sumideros)",UF1,3701,ODT1-080,28753,28753,CAMPO,11,m3,3,1,1,3,,xls-100
2025-09-11,33,DRENAJES Y ESTRUCTURAS,3701.06.04,DRENAJE TRANSVERSAL,Acero de refuerzo Fy=420 Mpa.,UF1,3701,ODT1-082,29198,29198,CAMPO,11,kg,200,1,1,200,,xls-101
2025-09-12,10,TIERRAS,3701.02.05,EXPLANACIONES,Excavaciones en material común APROVECHABLE,UF1,3701,tm2 pk 14+635 - 15+460,14635,15460,TOPOGRAFIA,11,m3,2632,1,1.3,2024.6153846153845,,xls-102
2025-09-12,10,TIERRAS,3701.02.05,EXPLANACIONES,Excavaciones en material común NO APROVECHABLE,UF1,3701,tm2 pk 12+822 - 14+225,12822,14225,TOPOGRAFIA,11,m3,98,1,1.3,75.38461538461539,DESCAPOTE,xls-103
2025-09-12,10,TIERRAS,3701.02.05,EXPLANACIONES,Excavaciones en material común NO APROVECHABLE,UF1,3701,tm2 pk 16+210 - 17+120,16210,17120,TOPOGRAFIA,11,m3,168,1,1.3,129.23076923076923,DESCAPOTE,xls-104
2025-09-12,14,TIERRAS,3701.02.08,EXPLANACIONES,Conformación y disposición de sobrantes (incluye obras de adecuación),UF1,3701,RCD 15+800,15800,15800,TOPOGRAFIA,11,m3,266,1,2,133,,xls-105
2025-09-12,13,TIERRAS,3701.02.07,EXPLANACIONES,Terraplenes (solo conformación),UF1,3701,tm2 pk 12+822 - 14+225,12822,14225,TOPOGRAFIA,11,m3,2352,1,1.3,1809.230769230769,,xls-106
2025-09-12,16,TIERRAS,3701.02.10,TRANSPORTE EXPLANACIONES,Transporte de la excavación entre cien metros (100 m) y mil metros (1.000 m),UF1,3701,tm2 pk 12+822 - 14+225,12822,14225,CAMPO,11,m3-Estación,1809.23,1,1,1809.23,,xls-107
2025-09-12,13,TIERRAS,3701.02.07,EXPLANACIONES,Terraplenes (solo conformación),UF1,3701,tm2 pk 23+820 - 24+800,23820,24800,TOPOGRAFIA,11,m3,280,1,1.3,215.3846153846154,,xls-108
2025-09-12,17,TIERRAS,3701.02.11,TRANSPORTE EXPLANACIONES,Transporte de la excavación de la explanación distancias mayores de mil metros (1000 m),UF1,3701,tm2 pk 23+820 - 24+800,23820,24800,CAMPO,11,m3-km,215.38,1,1,215.38,,xls-109
2025-09-12,90,TIERRAS,3702.03.01,"BASES, SUBBASES Y AFIRMADOS",Subbase Granular,UF2,3702,tm2 pk 30+500 - 31+942,30500,31942,TOPOGRAFIA,11,m3,308,1,1.3,236.9230769230769,,xls-110
2025-09-12,93,TIERRAS,3702.03.02,TRANSPORTE FIRMES,Transporte de subbase granular,UF2,3702,tm2 pk 30+500 - 31+942,30500,31942,CAMPO,11,m3-km,236.92,1,1,236.92,,xls-111
2025-09-13,10,TIERRAS,3701.02.05,EXPLANACIONES,Excavaciones en material común APROVECHABLE,UF1,3701,tm2 pk 14+635 - 15+460,14635,15460,TOPOGRAFIA,11,m3,1960,1,1.3,1507.6923076923076,,xls-112
2025-09-13,13,TIERRAS,3701.02.07,EXPLANACIONES,Terraplenes (solo conformación),UF1,3701,tm2 pk 12+822 - 14+225,12822,14225,TOPOGRAFIA,11,m3,1246,1,1.3,958.4615384615385,,xls-113
2025-09-13,16,TIERRAS,3701.02.10,TRANSPORTE EXPLANACIONES,Transporte de la excavación entre cien metros (100 m) y mil metros (1.000 m),UF1,3701,tm2 pk 12+822 - 14+225,12822,14225,CAMPO,11,m3-Estación,958.46,1,1,958.46,,xls-114
2025-09-13,13,TIERRAS,3701.02.07,EXPLANACIONES,Terraplenes (solo conformación),UF1,3701,tm2 pk 16+210 - 17+120,16210,17120,TOPOGRAFIA,11,m3,658,1,1.3,506.15384615384613,,xls-115
2025-09-13,17,TIERRAS,3701.02.11,TRANSPORTE EXPLANACIONES,Transporte de la excavación de la explanación distancias mayores de mil metros (1000 m),UF1,3701,tm2 pk 16+210 - 17+120,16210,17120,CAMPO,11,m3-km,506.15,1,1,506.15,,xls-116
2025-09-13,13,TIERRAS,3701.02.07,EXPLANACIONES,Terraplenes (solo conformación),UF1,3701,tm2 pk 23+820 - 24+800,23820,24800,TOPOGRAFIA,11,m3,56,1,1.3,43.07692307692307,,xls-117
2025-09-13,17,TIERRAS,3701.02.11,TRANSPORTE EXPLANACIONES,Transporte de la excavación de la explanación distancias mayores de mil metros (1000 m),UF1,3701,tm2 pk 23+820 - 24+800,23820,24800,CAMPO,11,m3-km,43.07,1,1,43.07,,xls-118
2025-09-13,90,TIERRAS,3702.03.01,"BASES, SUBBASES Y AFIRMADOS",Subbase Granular,UF2,3702,tm2 pk 30+500 - 31+942,30500,31942,TOPOGRAFIA,11,m3,420,1,1.3,323.07692307692304,,xls-119
2025-09-13,93,TIERRAS,3702.03.02,TRANSPORTE FIRMES,Transporte de subbase granular,UF2,3702,tm2 pk 30+500 - 31+942,30500,31942,CAMPO,11,m3-km,323.07,1,1,323.07,,xls-120
2025-09-12,33,DRENAJES Y ESTRUCTURAS,3701.06.04,DRENAJE TRANSVERSAL,Acero de refuerzo Fy=420 Mpa.,UF1,3701,ODT1-012,12881,12881,CAMPO,11,kg,240,1,1,240,,xls-121
2025-09-12,38,DRENAJES Y ESTRUCTURAS,3701.06.09,DRENAJE TRANSVERSAL,"Concreto clase  28 MPA (encoles, descoles, box, sumideros)",UF1,3701,ODT1-014,13067,13067,CAMPO,11,m3,3,1,1,3,,xls-122
2025-09-12,33,DRENAJES Y ESTRUCTURAS,3701.06.04,DRENAJE TRANSVERSAL,Acero de refuerzo Fy=420 Mpa.,UF1,3701,ODT1-022,14044,14044,CAMPO,11,kg,80,1,1,80,,xls-123
2025-09-12,38,DRENAJES Y ESTRUCTURAS,3701.06.09,DRENAJE TRANSVERSAL,"Concreto clase  28 MPA (encoles, descoles, box, sumideros)",UF1,3701,ODT1-022,14044,14044,CAMPO,11,m3,4.5,1,1,4.5,,xls-124
2025-09-12,33,DRENAJES Y ESTRUCTURAS,3701.06.04,DRENAJE TRANSVERSAL,Acero de refuerzo Fy=420 Mpa.,UF1,3701,ODT1-080,28753,28753,CAMPO,11,kg,400,1,1,400,,xls-125
2025-09-13,38,DRENAJES Y ESTRUCTURAS,3701.06.09,DRENAJE TRANSVERSAL,"Concreto clase  28 MPA (encoles, descoles, box, sumideros)",UF1,3701,ODT1-012,12881,12881,CAMPO,11,m3,3.5,1,1,3.5,,xls-126
2025-09-13,36,DRENAJES Y ESTRUCTURAS,3701.06.07,DRENAJE TRANSVERSAL,"Concreto clase 14 MPA (solados, estructuras)",UF1,3701,ODT1-012,12881,12881,CAMPO,11,m3,0.5,1,1,0.5,,xls-127
2025-09-13,36,DRENAJES Y ESTRUCTURAS,3701.06.07,DRENAJE TRANSVERSAL,"Concreto clase 14 MPA (solados, estructuras)",UF1,3701,ODT1-015,13227,13227,CAMPO,11,m3,5,1,1,5,,xls-128
2025-09-13,38,DRENAJES Y ESTRUCTURAS,3701.06.09,DRENAJE TRANSVERSAL,"Concreto clase  28 MPA (encoles, descoles, box, sumideros)",UF1,3701,ODT1-022,14044,14044,CAMPO,11,m3,4,1,1,4,,xls-129
2025-09-13,30,DRENAJES Y ESTRUCTURAS,3701.06.01,DRENAJE TRANSVERSAL,Excavaciones varias sin clasicar,UF1,3701,ODT1-078,28348,28348,CAMPO,11,m3,56,1,1,56,,xls-130
2025-09-13,33,DRENAJES Y ESTRUCTURAS,3701.06.04,DRENAJE TRANSVERSAL,Acero de refuerzo Fy=420 Mpa.,UF1,3701,ODT1-080,28753,28753,CAMPO,11,kg,160,1,1,160,,xls-131
2025-09-15,10,TIERRAS,3701.02.05,EXPLANACIONES,Excavaciones en material común APROVECHABLE,UF1,3701,tm2 pk 14+635 - 15+460,14635,15460,TOPOGRAFIA,11,m3,3570,1,1.3,2746.153846153846,,xls-132
2025-09-15,10,TIERRAS,3701.02.05,EXPLANACIONES,Excavaciones en material común NO APROVECHABLE,UF1,3701,tm2 pk 14+635 - 15+460,14635,15460,TOPOGRAFIA,11,m3,56,1,1.3,43.07692307692307,DESCAPOTE,xls-133
2025-09-15,14,TIERRAS,3701.02.08,EXPLANACIONES,Conformación y disposición de sobrantes (incluye obras de adecuación),UF1,3701,RCD 15+800,15800,15800,TOPOGRAFIA,11,m3,56,1,2,28,,xls-134
2025-09-15,13,TIERRAS,3701.02.07,EXPLANACIONES,Terraplenes (solo conformación),UF1,3701,tm2 pk 12+822 - 14+225,12822,14225,TOPOGRAFIA,11,m3,1414,1,1.3,1087.6923076923076,,xls-135
2025-09-15,16,TIERRAS,3701.02.10,TRANSPORTE EXPLANACIONES,Transporte de la excavación entre cien metros (100 m) y mil metros (1.000 m),UF1,3701,tm2 pk 12+822 - 14+225,12822,14225,CAMPO,11,m3-Estación,1087.69,1,1,1087.69,,xls-136
2025-09-15,13,TIERRAS,3701.02.07,EXPLANACIONES,Terraplenes (solo conformación),UF1,3701,tm2 pk 23+820 - 24+800,23820,24800,TOPOGRAFIA,11,m3,1078,1,1.3,829.2307692307692,,xls-137
2025-09-15,17,TIERRAS,3701.02.11,TRANSPORTE EXPLANACIONES,Transporte de la excavación de la explanación distancias mayores de mil metros (1000 m),UF1,3701,tm2 pk 23+820 - 24+800,23820,24800,CAMPO,11,m3-km,829.23,1,1,829.23,,xls-138
2025-09-15,13,TIERRAS,3701.02.07,EXPLANACIONES,Terraplenes (solo conformación),UF1,3701,tm2 pk 16+210 - 17+120,16210,17120,TOPOGRAFIA,11,m3,1036,1,1.3,796.9230769230769,,xls-139
2025-09-15,17,TIERRAS,3701.02.11,TRANSPORTE EXPLANACIONES,Transporte de la excavación de la explanación distancias mayores de mil metros (1000 m),UF1,3701,tm2 pk 16+210 - 17+120,16210,17120,CAMPO,11,m3-km,796.92,1,1,796.92,,xls-140
2025-09-15,33,DRENAJES Y ESTRUCTURAS,3701.06.04,DRENAJE TRANSVERSAL,Acero de refuerzo Fy=420 Mpa.,UF1,3701,ODT1-012,12881,12881,CAMPO,11,kg,300,1,1,300,,xls-141
2025-09-15,38,DRENAJES Y ESTRUCTURAS,3701.06.09,DRENAJE TRANSVERSAL,"Concreto clase  28 MPA (encoles, descoles, box, sumideros)",UF1,3701,ODT1-014,13067,13067,CAMPO,11,m3,3.5,1,1,3.5,,xls-142
2025-09-15,33,DRENAJES Y ESTRUCTURAS,3701.06.04,DRENAJE TRANSVERSAL,Acero de refuerzo Fy=420 Mpa.,UF1,3701,ODT1-015,13227,13227,CAMPO,11,kg,300,1,1,300,,xls-143
2025-09-15,36,DRENAJES Y ESTRUCTURAS,3701.06.07,DRENAJE TRANSVERSAL,"Concreto clase 14 MPA (solados, estructuras)",UF1,3701,ODT1-022,14044,14044,CAMPO,11,m3,7.5,1,1,7.5,,xls-144
2025-09-15,33,DRENAJES Y ESTRUCTURAS,3701.06.04,DRENAJE TRANSVERSAL,Acero de refuerzo Fy=420 Mpa.,UF1,3701,ODT1-081,28950,28950,CAMPO,11,kg,200,1,1,200,,xls-145
2025-09-16,38,DRENAJES Y ESTRUCTURAS,3701.06.09,DRENAJE TRANSVERSAL,"Concreto clase  28 MPA (encoles, descoles, box, sumideros)",UF1,3701,ODT1-012,12881,12881,CAMPO,12,m3,3.7,1,1,3.7,,xls-146
2025-09-16,38,DRENAJES Y ESTRUCTURAS,3701.06.09,DRENAJE TRANSVERSAL,"Concreto clase  28 MPA (encoles, descoles, box, sumideros)",UF1,3701,ODT1-015,13227,13227,CAMPO,12,m3,3.5,1,1,3.5,,xls-147
2025-09-16,41,DRENAJES Y ESTRUCTURAS,3701.06.12,DRENAJE TRANSVERSAL,Geodrén vial h=1 m con tubería de 100 mm,UF1,3701,ODT1-016,13376,13376,CAMPO,12,m,27.86,1,1,27.86,,xls-148
2025-09-16,36,DRENAJES Y ESTRUCTURAS,3701.06.07,DRENAJE TRANSVERSAL,"Concreto clase 14 MPA (solados, estructuras)",UF1,3701,ODT1-017,13521,13521,CAMPO,12,m3,0.5,1,1,0.5,,xls-149
2025-09-16,33,DRENAJES Y ESTRUCTURAS,3701.06.04,DRENAJE TRANSVERSAL,Acero de refuerzo Fy=420 Mpa.,UF1,3701,ODT1-022,14044,14044,CAMPO,12,kg,120,1,1,120,,xls-150
2025-09-16,30,DRENAJES Y ESTRUCTURAS,3701.06.01,DRENAJE TRANSVERSAL,Excavaciones varias sin clasicar,UF1,3701,ODT1-078,28348,28348,CAMPO,12,m3,58,1,1,58,,xls-151
2025-09-16,38,DRENAJES Y ESTRUCTURAS,3701.06.09,DRENAJE TRANSVERSAL,"Concreto clase  28 MPA (encoles, descoles, box, sumideros)",UF1,3701,ODT1-080,28753,28753,CAMPO,12,m3,4,1,1,4,,xls-152
2025-09-16,33,DRENAJES Y ESTRUCTURAS,3701.06.04,DRENAJE TRANSVERSAL,Acero de refuerzo Fy=420 Mpa.,UF1,3701,ODT1-081,28950,28950,CAMPO,12,kg,400,1,1,400,,xls-153
2025-09-16,10,TIERRAS,3701.02.05,EXPLANACIONES,Excavaciones en material común APROVECHABLE,UF1,3701,tm2 pk 14+635 - 15+460,14635,15460,TOPOGRAFIA,12,m3,1666,1,1.3,1281.5384615384614,,xls-154
2025-09-16,14,TIERRAS,3701.02.08,EXPLANACIONES,Conformación y disposición de sobrantes (incluye obras de adecuación),UF1,3701,RCD 15+800,15800,15800,TOPOGRAFIA,12,m3,595,1,2,297.5,,xls-155
2025-09-16,90,TIERRAS,3702.03.01,"BASES, SUBBASES Y AFIRMADOS",Subbase Granular,UF2,3702,tm2 pk 30+500 - 31+942,30500,31942,TOPOGRAFIA,12,m3,1004.69,1,1.3,772.8384615384615,,xls-156
2025-09-16,93,TIERRAS,3702.03.02,TRANSPORTE FIRMES,Transporte de subbase granular,UF2,3702,tm2 pk 30+500 - 31+942,30500,31942,CAMPO,12,m3-km,660,1,1,660,,xls-157
2025-09-16,13,TIERRAS,3701.02.07,EXPLANACIONES,Terraplenes (solo conformación),UF1,3701,tm2 pk 12+822 - 14+225,12822,14225,TOPOGRAFIA,12,m3,602,1,1.3,463.07692307692304,,xls-158
2025-09-16,16,TIERRAS,3701.02.10,TRANSPORTE EXPLANACIONES,Transporte de la excavación entre cien metros (100 m) y mil metros (1.000 m),UF1,3701,tm2 pk 12+822 - 14+225,12822,14225,CAMPO,12,m3-Estación,463.07,1,1,463.07,,xls-159
2025-09-16,13,TIERRAS,3701.02.07,EXPLANACIONES,Terraplenes (solo conformación),UF1,3701,tm2 pk 16+210 - 17+120,16210,17120,TOPOGRAFIA,12,m3,728,1,1.3,560,,xls-160
2025-09-16,17,TIERRAS,3701.02.11,TRANSPORTE EXPLANACIONES,Transporte de la excavación de la explanación distancias mayores de mil metros (1000 m),UF1,3701,tm2 pk 16+210 - 17+120,16210,17120,CAMPO,12,m3-km,560,1,1,560,,xls-161
2025-09-17,85,TIERRAS,3702.02.07,EXPLANACIONES,Terraplenes (solo conformación),UF2,3702,tm2 pk 30+500 - 31+942,30500,31942,TOPOGRAFIA,12,m3,28,1,1.3,21.538461538461537,,xls-162
2025-09-17,89,TIERRAS,3702.02.11,TRANSPORTE EXPLANACIONES,Transporte de la excavación de la explanación distancias mayores de mil metros (1000 m),UF2,3702,tm2 pk 30+500 - 31+942,30500,31942,CAMPO,12,m3-km,21.5,1,1,21.5,,xls-163
2025-09-17,13,TIERRAS,3701.02.07,EXPLANACIONES,Terraplenes (solo conformación),UF1,3701,tm2 pk 28+303 - 29+600,28303,29600,TOPOGRAFIA,12,m3,56,1,1.3,43.07692307692307,,xls-164
2025-09-17,17,TIERRAS,3701.02.11,TRANSPORTE EXPLANACIONES,Transporte de la excavación de la explanación distancias mayores de mil metros (1000 m),UF1,3701,tm2 pk 28+303 - 29+600,28303,29600,CAMPO,12,m3-km,43,1,1,43,,xls-165
2025-09-17,10,TIERRAS,3701.02.05,EXPLANACIONES,Excavaciones en material común APROVECHABLE,UF1,3701,tm2 pk 14+635 - 15+460,14635,15460,TOPOGRAFIA,12,m3,140,1,1.3,107.6923076923077,,xls-166
2025-09-17,33,DRENAJES Y ESTRUCTURAS,3701.06.04,DRENAJE TRANSVERSAL,Acero de refuerzo Fy=420 Mpa.,UF1,3701,ODT1-012,12881,12881,CAMPO,12,kg,250,1,1,250,,xls-167
2025-09-17,42,DRENAJES Y ESTRUCTURAS,3701.06.13,DRENAJE TRANSVERSAL,Geodrén planar h=1 m,UF1,3701,ODT1-016,13376,13376,CAMPO,12,m2,13,1,1,13,,xls-168
2025-09-17,33,DRENAJES Y ESTRUCTURAS,3701.06.04,DRENAJE TRANSVERSAL,Acero de refuerzo Fy=420 Mpa.,UF1,3701,ODT1-017,13521,13521,CAMPO,12,kg,200,1,1,200,,xls-169
2025-09-17,33,DRENAJES Y ESTRUCTURAS,3701.06.04,DRENAJE TRANSVERSAL,Acero de refuerzo Fy=420 Mpa.,UF1,3701,ODT1-022,14044,14044,CAMPO,12,kg,245,1,1,245,,xls-170
2025-09-17,31,DRENAJES Y ESTRUCTURAS,3701.06.02,DRENAJE TRANSVERSAL,Rellenos con material seleccionado,UF1,3701,ODT1-078,28348,28348,TOPOGRAFIA,12,m3,42,1,1.3,32.30769230769231,,xls-171
2025-09-17,36,DRENAJES Y ESTRUCTURAS,3701.06.07,DRENAJE TRANSVERSAL,"Concreto clase 14 MPA (solados, estructuras)",UF1,3701,ODT1-078,28348,28348,CAMPO,12,m3,5,1,1,5,,xls-172
2025-09-17,38,DRENAJES Y ESTRUCTURAS,3701.06.09,DRENAJE TRANSVERSAL,"Concreto clase  28 MPA (encoles, descoles, box, sumideros)",UF1,3701,ODT1-081,28950,28950,CAMPO,12,m3,10.3,1,1,10.3,,xls-173
2025-09-18,38,DRENAJES Y ESTRUCTURAS,3701.06.09,DRENAJE TRANSVERSAL,"Concreto clase  28 MPA (encoles, descoles, box, sumideros)",UF1,3701,ODT1-017,13521,13521,CAMPO,12,m3,3.5,1,1,3.5,,xls-174
2025-09-18,38,DRENAJES Y ESTRUCTURAS,3701.06.09,DRENAJE TRANSVERSAL,"Concreto clase  28 MPA (encoles, descoles, box, sumideros)",UF1,3701,ODT1-018,13673,13673,CAMPO,12,m3,2,1,1,2,,xls-175
2025-09-18,33,DRENAJES Y ESTRUCTURAS,3701.06.04,DRENAJE TRANSVERSAL,Acero de refuerzo Fy=420 Mpa.,UF1,3701,ODT1-022,14044,14044,CAMPO,12,kg,120,1,1,120,,xls-176
2025-09-18,10,TIERRAS,3701.02.05,EXPLANACIONES,Excavaciones en material común NO APROVECHABLE,UF1,3701,tm2 pk 24+800 - 25+530,24800,25530,TOPOGRAFIA,12,m3,490,1,1.3,376.9230769230769,SANEO,xls-177
2025-09-18,13,TIERRAS,3701.02.07,EXPLANACIONES,Terraplenes (solo conformación),UF1,3701,tm2 pk 28+303 - 29+600,28303,29600,TOPOGRAFIA,12,m3,42,1,1.3,32.30769230769231,,xls-178
2025-09-18,90,TIERRAS,3702.03.01,"BASES, SUBBASES Y AFIRMADOS",Subbase Granular,UF2,3702,tm2 pk 30+500 - 31+942,30500,31942,TOPOGRAFIA,12,m3,1019.43,1,1.3,784.176923076923,,xls-179
2025-09-18,6,TIERRAS,3701.02.01,EXPLANACIONES,Desmonte y limpieza en bosque,UF1,3701,tm2 pk 24+800 - 25+530,24800,25530,TOPOGRAFIA,12,Ha,0.6,1,1,0.6,,xls-180
2025-09-18,93,TIERRAS,3702.03.02,TRANSPORTE FIRMES,Transporte de subbase granular,UF2,3702,tm2 pk 30+500 - 31+942,30500,31942,CAMPO,12,m3-km,730,1,1,730,,xls-181
2025-09-18,10,TIERRAS,3701.02.05,EXPLANACIONES,Excavaciones en material común APROVECHABLE,UF1,3701,tm2 pk 14+635 - 15+460,14635,15460,TOPOGRAFIA,12,m3,42,1,1.3,32.30769230769231,,xls-182
2025-09-19,38,DRENAJES Y ESTRUCTURAS,3701.06.09,DRENAJE TRANSVERSAL,"Concreto clase  28 MPA (encoles, descoles, box, sumideros)",UF1,3701,ODT1-012,12881,12881,CAMPO,12,m3,5.5,1,1,5.5,,xls-183
2025-09-19,32,DRENAJES Y ESTRUCTURAS,3701.06.03,DRENAJE TRANSVERSAL,Material granular drenante,UF1,3701,ODT1-016,13376,13376,CAMPO,12,m3,34,0.4,1,13.600000000000001,,xls-184
2025-09-19,42,DRENAJES Y ESTRUCTURAS,3701.06.13,DRENAJE TRANSVERSAL,Geodrén planar h=1 m,UF1,3701,ODT1-016,13376,13376,CAMPO,12,m2,13,1,1,13,,xls-185
2025-09-19,33,DRENAJES Y ESTRUCTURAS,3701.06.04,DRENAJE TRANSVERSAL,Acero de refuerzo Fy=420 Mpa.,UF1,3701,ODT1-017,13521,13521,CAMPO,12,kg,150,1,1,150,,xls-186
2025-09-19,33,DRENAJES Y ESTRUCTURAS,3701.06.04,DRENAJE TRANSVERSAL,Acero de refuerzo Fy=420 Mpa.,UF1,3701,ODT1-018,13673,13673,CAMPO,12,kg,125,1,1,125,,xls-187
2025-09-19,38,DRENAJES Y ESTRUCTURAS,3701.06.09,DRENAJE TRANSVERSAL,"Concreto clase  28 MPA (encoles, descoles, box, sumideros)",UF1,3701,ODT1-022,14044,14044,CAMPO,12,m3,4.5,1,1,4.5,,xls-188
2025-09-19,38,DRENAJES Y ESTRUCTURAS,3701.06.09,DRENAJE TRANSVERSAL,"Concreto clase  28 MPA (encoles, descoles, box, sumideros)",UF1,3701,ODT1-080,28753,28753,CAMPO,12,m3,3.5,1,1,3.5,,xls-189
2025-09-19,105,DRENAJES Y ESTRUCTURAS,3702.06.04,DRENAJE TRANSVERSAL,Acero de refuerzo Fy=420 Mpa.,UF2,3702,ODT2-003,31006,31006,CAMPO,12,kg,160,1,1,160,,xls-190
2025-09-19,10,TIERRAS,3701.02.05,EXPLANACIONES,Excavaciones en material común APROVECHABLE,UF1,3701,tm2 pk 14+635 - 15+460,14635,15460,TOPOGRAFIA,12,m3,530,1,1.3,407.6923076923077,,xls-191
2025-09-19,90,TIERRAS,3702.03.01,"BASES, SUBBASES Y AFIRMADOS",Subbase Granular,UF2,3702,tm2 pk 30+500 - 31+942,30500,31942,TOPOGRAFIA,12,m3,254.15,1,1.3,195.5,,xls-192
2025-09-19,93,TIERRAS,3702.03.02,TRANSPORTE FIRMES,Transporte de subbase granular,UF2,3702,tm2 pk 30+500 - 31+942,30500,31942,CAMPO,12,m3-km,183.07,1,1,183.07,,xls-193
2025-09-20,42,DRENAJES Y ESTRUCTURAS,3701.06.13,DRENAJE TRANSVERSAL,Geodrén planar h=1 m,UF1,3701,ODT1-016,13376,13376,CAMPO,12,m2,1.86,1,1,1.86,,xls-194
2025-09-20,33,DRENAJES Y ESTRUCTURAS,3701.06.04,DRENAJE TRANSVERSAL,Acero de refuerzo Fy=420 Mpa.,UF1,3701,ODT1-017,13521,13521,CAMPO,12,kg,140,1,1,140,,xls-195
2025-09-20,33,DRENAJES Y ESTRUCTURAS,3701.06.04,DRENAJE TRANSVERSAL,Acero de refuerzo Fy=420 Mpa.,UF1,3701,ODT1-018,13673,13673,CAMPO,12,kg,150,1,1,150,,xls-196
2025-09-20,34,DRENAJES Y ESTRUCTURAS,3701.06.05,DRENAJE TRANSVERSAL,Tubería de Concreto Reforzado de 900mm de diámetro interior (Tipo III),UF1,3701,ODT1-078,28348,28348,CAMPO,12,m,1.2,1,1,1.2,,xls-197
2025-09-20,38,DRENAJES Y ESTRUCTURAS,3701.06.09,DRENAJE TRANSVERSAL,"Concreto clase  28 MPA (encoles, descoles, box, sumideros)",UF1,3701,ODT1-081,28950,28950,CAMPO,12,m3,7.3,1,1,7.3,,xls-198
2025-09-20,105,DRENAJES Y ESTRUCTURAS,3702.06.04,DRENAJE TRANSVERSAL,Acero de refuerzo Fy=420 Mpa.,UF2,3702,ODT2-003,31006,31006,CAMPO,12,kg,220,1,1,220,,xls-199
2025-09-20,13,TIERRAS,3701.02.07,EXPLANACIONES,Terraplenes (solo conformación),UF1,3701,tm2 pk 12+822 - 14+225,12822,14225,TOPOGRAFIA,12,m3,1204,1,1.3,926.1538461538461,,xls-200
2025-09-20,16,TIERRAS,3701.02.10,TRANSPORTE EXPLANACIONES,Transporte de la excavación entre cien metros (100 m) y mil metros (1.000 m),UF1,3701,tm2 pk 12+822 - 14+225,12822,14225,CAMPO,12,m3-Estación,926.15,1,1,926.15,,xls-201
2025-09-20,13,TIERRAS,3701.02.07,EXPLANACIONES,Terraplenes (solo conformación),UF1,3701,tm2 pk 23+820 - 24+800,23820,24800,TOPOGRAFIA,12,m3,1078,1,1.3,829.2307692307692,,xls-202
2025-09-20,17,TIERRAS,3701.02.11,TRANSPORTE EXPLANACIONES,Transporte de la excavación de la explanación distancias mayores de mil metros (1000 m),UF1,3701,tm2 pk 23+820 - 24+800,23820,24800,CAMPO,12,m3-km,829.23,1,1,829.23,,xls-203
2025-09-20,10,TIERRAS,3701.02.05,EXPLANACIONES,Excavaciones en material común APROVECHABLE,UF1,3701,tm2 pk 14+635 - 15+460,14635,15460,TOPOGRAFIA,12,m3,2296,1,1.3,1766.1538461538462,,xls-204
2025-09-22,10,TIERRAS,3701.02.05,EXPLANACIONES,Excavaciones en material común APROVECHABLE,UF1,3701,tm2 pk 14+635 - 15+460,14635,15460,TOPOGRAFIA,12,m3,2436,1,1.3,1873.8461538461538,,xls-205
2025-09-22,10,TIERRAS,3701.02.05,EXPLANACIONES,Excavaciones en material común NO APROVECHABLE,UF1,3701,tm2 pk 24+800 - 25+530,24800,25530,TOPOGRAFIA,12,m3,448,1,1.3,344.6153846153846,SANEO,xls-206
2025-09-22,14,TIERRAS,3701.02.08,EXPLANACIONES,Conformación y disposición de sobrantes (incluye obras de adecuación),UF1,3701,RCD 15+800,15800,15800,TOPOGRAFIA,12,m3,448,1,1.5,298.6666666666667,,xls-207
2025-09-22,13,TIERRAS,3701.02.07,EXPLANACIONES,Terraplenes (solo conformación),UF1,3701,tm2 pk 12+822 - 14+225,12822,14225,TOPOGRAFIA,12,m3,1400,1,1.3,1076.923076923077,,xls-208
2025-09-22,16,TIERRAS,3701.02.10,TRANSPORTE EXPLANACIONES,Transporte de la excavación entre cien metros (100 m) y mil metros (1.000 m),UF1,3701,tm2 pk 12+822 - 14+225,12822,14225,CAMPO,12,m3-Estación,1076.92,1,1,1076.92,,xls-209
2025-09-22,13,TIERRAS,3701.02.07,EXPLANACIONES,Terraplenes (solo conformación),UF1,3701,tm2 pk 23+820 - 24+800,23820,24800,TOPOGRAFIA,12,m3,994,1,1.3,764.6153846153846,,xls-210
2025-09-22,17,TIERRAS,3701.02.11,TRANSPORTE EXPLANACIONES,Transporte de la excavación de la explanación distancias mayores de mil metros (1000 m),UF1,3701,tm2 pk 23+820 - 24+800,23820,24800,CAMPO,12,m3-km,764.61,1,1,764.61,,xls-211
2025-09-23,10,TIERRAS,3701.02.05,EXPLANACIONES,Excavaciones en material común APROVECHABLE,UF1,3701,tm2 pk 14+635 - 15+460,14635,15460,TOPOGRAFIA,12,m3,2828,1,1.3,2175.3846153846152,,xls-212
2025-09-23,10,TIERRAS,3701.02.05,EXPLANACIONES,Excavaciones en material común NO APROVECHABLE,UF1,3701,tm2 pk 24+800 - 25+530,24800,25530,TOPOGRAFIA,12,m3,224,1,1.3,172.3076923076923,SANEO,xls-213
2025-09-23,13,TIERRAS,3701.02.07,EXPLANACIONES,Terraplenes (solo conformación),UF1,3701,tm2 pk 12+822 - 14+225,12822,14225,TOPOGRAFIA,12,m3,1498,1,1.3,1152.3076923076924,,xls-214
2025-09-23,13,TIERRAS,3701.02.07,EXPLANACIONES,Terraplenes (solo conformación),UF1,3701,tm2 pk 23+820 - 24+800,23820,24800,TOPOGRAFIA,12,m3,966,1,1.3,743.0769230769231,,xls-215
2025-09-23,13,TIERRAS,3701.02.07,EXPLANACIONES,Terraplenes (solo conformación),UF1,3701,tm2 pk 28+303 - 29+600,28303,29600,TOPOGRAFIA,12,m3,364,1,1.3,280,,xls-216
2025-09-23,14,TIERRAS,3701.02.08,EXPLANACIONES,Conformación y disposición de sobrantes (incluye obras de adecuación),UF1,3701,RCD 15+800,15800,15800,TOPOGRAFIA,12,m3,224,1,1.5,149.33333333333334,,xls-217
2025-09-23,16,TIERRAS,3701.02.10,TRANSPORTE EXPLANACIONES,Transporte de la excavación entre cien metros (100 m) y mil metros (1.000 m),UF1,3701,tm2 pk 12+822 - 14+225,12822,14225,CAMPO,12,m3-Estación,1152.3,1,1,1152.3,,xls-218
2025-09-23,17,TIERRAS,3701.02.11,TRANSPORTE EXPLANACIONES,Transporte de la excavación de la explanación distancias mayores de mil metros (1000 m),UF1,3701,tm2 pk 23+820 - 24+800,23820,24800,CAMPO,12,m3-km,743.07,1,1,743.07,,xls-219
2025-09-23,17,TIERRAS,3701.02.11,TRANSPORTE EXPLANACIONES,Transporte de la excavación de la explanación distancias mayores de mil metros (1000 m),UF1,3701,tm2 pk 28+303 - 29+600,28303,29600,CAMPO,12,m3-km,280,1,1,280,,xls-220
2025-09-23,5,TIERRAS,3701.01.05,DEMOLICIONES Y REUBICACIONES,Cercas de alambre de púas con postes de concreto,UF1,3701,tm2 pk 14+225 - 14+635,14225,14635,CAMPO,12,m,250,1,1,250,,xls-221
2025-09-23,38,DRENAJES Y ESTRUCTURAS,3701.06.09,DRENAJE TRANSVERSAL,"Concreto clase  28 MPA (encoles, descoles, box, sumideros)",UF1,3701,ODT1-015,13227,13227,CAMPO,12,m3,3,1,1,3,,xls-222
2025-09-23,36,DRENAJES Y ESTRUCTURAS,3701.06.07,DRENAJE TRANSVERSAL,"Concreto clase 14 MPA (solados, estructuras)",UF1,3701,ODT1-019,13849,13849,CAMPO,12,m3,1.5,1,1,1.5,,xls-223
2025-09-23,33,DRENAJES Y ESTRUCTURAS,3701.06.04,DRENAJE TRANSVERSAL,Acero de refuerzo Fy=420 Mpa.,UF1,3701,ODT1-019,13849,13849,CAMPO,12,kg,140,1,1,140,,xls-224
2025-09-23,36,DRENAJES Y ESTRUCTURAS,3701.06.07,DRENAJE TRANSVERSAL,"Concreto clase 14 MPA (solados, estructuras)",UF1,3701,ODT1-078,28348,28348,CAMPO,12,m3,5,1,1,5,,xls-225
2025-09-23,33,DRENAJES Y ESTRUCTURAS,3701.06.04,DRENAJE TRANSVERSAL,Acero de refuerzo Fy=420 Mpa.,UF1,3701,ODT1-081,28950,28950,CAMPO,12,kg,281,1,1,281,,xls-226
2025-09-23,105,DRENAJES Y ESTRUCTURAS,3702.06.04,DRENAJE TRANSVERSAL,Acero de refuerzo Fy=420 Mpa.,UF2,3702,ODT2-003,31006,31006,CAMPO,12,kg,200,1,1,200,,xls-227
2025-09-23,32,DRENAJES Y ESTRUCTURAS,3701.06.03,DRENAJE TRANSVERSAL,Material granular drenante,UF1,3701,RCD 15+800,15800,15800,CAMPO,12,m3,100,0.4,1,40,,xls-228
2025-09-24,33,DRENAJES Y ESTRUCTURAS,3701.06.04,DRENAJE TRANSVERSAL,Acero de refuerzo Fy=420 Mpa.,UF1,3701,ODT1-015,13227,13227,CAMPO,12,kg,200,1,1,200,,xls-229
2025-09-24,33,DRENAJES Y ESTRUCTURAS,3701.06.04,DRENAJE TRANSVERSAL,Acero de refuerzo Fy=420 Mpa.,UF1,3701,ODT1-019,13849,13849,CAMPO,12,kg,180,1,1,180,,xls-230
2025-09-24,36,DRENAJES Y ESTRUCTURAS,3701.06.07,DRENAJE TRANSVERSAL,"Concreto clase 14 MPA (solados, estructuras)",UF1,3701,ODT1-078,28348,28348,CAMPO,12,m3,4,1,1,4,,xls-231
2025-09-24,38,DRENAJES Y ESTRUCTURAS,3701.06.09,DRENAJE TRANSVERSAL,"Concreto clase  28 MPA (encoles, descoles, box, sumideros)",UF1,3701,ODT1-081,28950,28950,CAMPO,12,m3,7.8,1,1,7.8,,xls-232
2025-09-24,105,DRENAJES Y ESTRUCTURAS,3702.06.04,DRENAJE TRANSVERSAL,Acero de refuerzo Fy=420 Mpa.,UF2,3702,ODT2-003,31006,31006,CAMPO,12,kg,240,1,1,240,,xls-233
2025-09-24,32,DRENAJES Y ESTRUCTURAS,3701.06.03,DRENAJE TRANSVERSAL,Material granular drenante,UF1,3701,RCD 15+800,15800,15800,CAMPO,12,m3,100,0.4,1,40,,xls-234
2025-09-24,10,TIERRAS,3701.02.05,EXPLANACIONES,Excavaciones en material común APROVECHABLE,UF1,3701,tm2 pk 14+635 - 15+460,14635,15460,TOPOGRAFIA,12,m3,1512,1,1.3,1163.076923076923,,xls-235
2025-09-24,10,TIERRAS,3701.02.05,EXPLANACIONES,Excavaciones en material común NO APROVECHABLE,UF1,3701,tm2 pk 24+800 - 25+530,24800,25530,TOPOGRAFIA,12,m3,1526,1,1.3,1173.8461538461538,SANEO,xls-236
2025-09-24,14,TIERRAS,3701.02.08,EXPLANACIONES,Conformación y disposición de sobrantes (incluye obras de adecuación),UF1,3701,RCD 15+800,15800,15800,TOPOGRAFIA,12,m3,1526,1,1.5,1017.3333333333334,,xls-237
2025-09-24,13,TIERRAS,3701.02.07,EXPLANACIONES,Terraplenes (solo conformación),UF1,3701,tm2 pk 12+822 - 14+225,12822,14225,TOPOGRAFIA,12,m3,1470,1,1.3,1130.7692307692307,,xls-238
2025-09-24,16,TIERRAS,3701.02.10,TRANSPORTE EXPLANACIONES,Transporte de la excavación entre cien metros (100 m) y mil metros (1.000 m),UF1,3701,tm2 pk 12+822 - 14+225,12822,14225,CAMPO,12,m3-Estación,1130.76,1,1,1130.76,,xls-239
2025-09-24,13,TIERRAS,3701.02.07,EXPLANACIONES,Terraplenes (solo conformación),UF1,3701,tm2 pk 28+303 - 29+600,28303,29600,TOPOGRAFIA,12,m3,42,1,1.3,32.30769230769231,,xls-240
2025-09-24,17,TIERRAS,3701.02.11,TRANSPORTE EXPLANACIONES,Transporte de la excavación de la explanación distancias mayores de mil metros (1000 m),UF1,3701,tm2 pk 28+303 - 29+600,28303,29600,CAMPO,12,m3-km,32.3,1,1,32.3,,xls-241
2025-09-24,5,TIERRAS,3701.01.05,DEMOLICIONES Y REUBICACIONES,Cercas de alambre de púas con postes de concreto,UF1,3701,tm2 pk 14+225 - 14+635,14225,14635,CAMPO,12,m,100,1,1,100,,xls-242
2025-09-25,38,DRENAJES Y ESTRUCTURAS,3701.06.09,DRENAJE TRANSVERSAL,"Concreto clase  28 MPA (encoles, descoles, box, sumideros)",UF1,3701,ODT1-018,13673,13673,CAMPO,12,m3,3.5,1,1,3.5,,xls-243
2025-09-25,33,DRENAJES Y ESTRUCTURAS,3701.06.04,DRENAJE TRANSVERSAL,Acero de refuerzo Fy=420 Mpa.,UF1,3701,ODT1-019,13849,13849,CAMPO,12,kg,300,1,1,300,,xls-244
2025-09-25,38,DRENAJES Y ESTRUCTURAS,3701.06.09,DRENAJE TRANSVERSAL,"Concreto clase  28 MPA (encoles, descoles, box, sumideros)",UF1,3701,ODT1-019,13849,13849,CAMPO,12,m3,7,1,1,7,,xls-245
2025-09-25,38,DRENAJES Y ESTRUCTURAS,3701.06.09,DRENAJE TRANSVERSAL,"Concreto clase  28 MPA (encoles, descoles, box, sumideros)",UF1,3701,ODT1-022,14044,14044,CAMPO,12,m3,5.5,1,1,5.5,,xls-246
2025-09-25,30,DRENAJES Y ESTRUCTURAS,3701.06.01,DRENAJE TRANSVERSAL,Excavaciones varias sin clasicar,UF1,3701,ODT1-078,28348,28348,CAMPO,12,m3,3.5,1,1,3.5,,xls-247
2025-09-25,36,DRENAJES Y ESTRUCTURAS,3701.06.07,DRENAJE TRANSVERSAL,"Concreto clase 14 MPA (solados, estructuras)",UF1,3701,ODT1-079,28550,28550,CAMPO,12,m3,5.5,1,1,5.5,,xls-248
2025-09-25,30,DRENAJES Y ESTRUCTURAS,3701.06.01,DRENAJE TRANSVERSAL,Excavaciones varias sin clasicar,UF1,3701,ODT1-065,24008,24008,CAMPO,12,m3,45,1,1,45,,xls-249
2025-09-25,105,DRENAJES Y ESTRUCTURAS,3702.06.04,DRENAJE TRANSVERSAL,Acero de refuerzo Fy=420 Mpa.,UF2,3702,ODT2-003,31006,31006,CAMPO,12,kg,60,1,1,60,,xls-250
2025-09-25,10,TIERRAS,3701.02.05,EXPLANACIONES,Excavaciones en material común APROVECHABLE,UF1,3701,tm2 pk 14+635 - 15+460,14635,15460,TOPOGRAFIA,12,m3,1970,1,1.3,1515.3846153846152,,xls-251
2025-09-25,10,TIERRAS,3701.02.05,EXPLANACIONES,Excavaciones en material común APROVECHABLE,UF1,3701,tm2 pk 14+635 - 15+460,14635,15460,TOPOGRAFIA,12,m3,658,1,1.3,506.15384615384613,,xls-252
2025-09-25,10,TIERRAS,3701.02.05,EXPLANACIONES,Excavaciones en material común NO APROVECHABLE,UF1,3701,tm2 pk 24+800 - 25+530,24800,25530,TOPOGRAFIA,12,m3,1092,1,1.3,840,SANEO,xls-253
2025-09-25,13,TIERRAS,3701.02.07,EXPLANACIONES,Terraplenes (solo conformación),UF1,3701,tm2 pk 12+822 - 14+225,12822,14225,TOPOGRAFIA,12,m3,1722,1,1.3,1324.6153846153845,,xls-254
2025-09-25,13,TIERRAS,3701.02.07,EXPLANACIONES,Terraplenes (solo conformación),UF1,3701,tm2 pk 28+303 - 29+600,28303,29600,TOPOGRAFIA,12,m3,112,1,1.3,86.15384615384615,,xls-255
2025-09-25,16,TIERRAS,3701.02.10,TRANSPORTE EXPLANACIONES,Transporte de la excavación entre cien metros (100 m) y mil metros (1.000 m),UF1,3701,tm2 pk 12+822 - 14+225,12822,14225,CAMPO,12,m3-Estación,1324.61,1,1,1324.61,,xls-256
2025-09-25,17,TIERRAS,3701.02.11,TRANSPORTE EXPLANACIONES,Transporte de la excavación de la explanación distancias mayores de mil metros (1000 m),UF1,3701,tm2 pk 28+303 - 29+600,28303,29600,CAMPO,12,m3-km,86.15,1,1,86.15,,xls-257
2025-09-25,18,TIERRAS,3701.03.01,"BASES, SUBBASES Y AFIRMADOS",Subbase Granular,UF1,3701,tm2 pk 12+822 - 14+225,12822,14225,TOPOGRAFIA,12,m3,315.52,1,1.3,242.7076923076923,,xls-258
2025-09-25,21,TIERRAS,3701.03.02,TRANSPORTE FIRMES,Transporte de subbase granular,UF1,3701,tm2 pk 12+822 - 14+225,12822,14225,CAMPO,12,m3-km,245.38,1,1,245.38,,xls-259
2025-09-25,14,TIERRAS,3701.02.08,EXPLANACIONES,Conformación y disposición de sobrantes (incluye obras de adecuación),UF1,3701,RCD 15+800,15800,15800,TOPOGRAFIA,12,m3,1750,1,1.5,1166.6666666666667,,xls-260
2025-09-26,10,TIERRAS,3701.02.05,EXPLANACIONES,Excavaciones en material común APROVECHABLE,UF1,3701,tm2 pk 14+635 - 15+460,14635,15460,TOPOGRAFIA,12,m3,1792,1,1.3,1378.4615384615383,,xls-261
2025-09-26,10,TIERRAS,3701.02.05,EXPLANACIONES,Excavaciones en material común NO APROVECHABLE,UF1,3701,tm2 pk 24+800 - 25+530,24800,25530,TOPOGRAFIA,12,m3,588,1,1.3,452.30769230769226,SANEO,xls-262
2025-09-26,14,TIERRAS,3701.02.08,EXPLANACIONES,Conformación y disposición de sobrantes (incluye obras de adecuación),UF1,3701,RCD 15+800,15800,15800,TOPOGRAFIA,12,m3,588,1,1.5,392,,xls-263
2025-09-26,13,TIERRAS,3701.02.07,EXPLANACIONES,Terraplenes (solo conformación),UF1,3701,tm2 pk 12+822 - 14+225,12822,14225,TOPOGRAFIA,12,m3,1022,1,1.3,786.1538461538461,,xls-264
2025-09-26,16,TIERRAS,3701.02.10,TRANSPORTE EXPLANACIONES,Transporte de la excavación entre cien metros (100 m) y mil metros (1.000 m),UF1,3701,tm2 pk 12+822 - 14+225,12822,14225,CAMPO,12,m3-Estación,786.15,1,1,786.15,,xls-265
2025-09-26,13,TIERRAS,3701.02.07,EXPLANACIONES,Terraplenes (solo conformación),UF1,3701,tm2 pk 23+820 - 24+800,23820,24800,TOPOGRAFIA,12,m3,602,1,1.3,463.07692307692304,,xls-266
2025-09-26,17,TIERRAS,3701.02.11,TRANSPORTE EXPLANACIONES,Transporte de la excavación de la explanación distancias mayores de mil metros (1000 m),UF1,3701,tm2 pk 23+820 - 24+800,23820,24800,CAMPO,12,m3-km,463.07,1,1,463.07,,xls-267
2025-09-26,13,TIERRAS,3701.02.07,EXPLANACIONES,Terraplenes (solo conformación),UF1,3701,tm2 pk 28+303 - 29+600,28303,29600,TOPOGRAFIA,12,m3,84,1,1.3,64.61538461538461,,xls-268
2025-09-26,17,TIERRAS,3701.02.11,TRANSPORTE EXPLANACIONES,Transporte de la excavación de la explanación distancias mayores de mil metros (1000 m),UF1,3701,tm2 pk 28+303 - 29+600,28303,29600,CAMPO,12,m3-km,64.61,1,1,64.61,,xls-269
2025-09-26,31,DRENAJES Y ESTRUCTURAS,3701.06.02,DRENAJE TRANSVERSAL,Rellenos con material seleccionado,UF1,3701,ODT1-022,14044,14044,TOPOGRAFIA,12,m3,56,1,1.3,43.07692307692307,,xls-270
2025-09-26,30,DRENAJES Y ESTRUCTURAS,3701.06.01,DRENAJE TRANSVERSAL,Excavaciones varias sin clasicar,UF1,3701,ODT1-065,24008,24008,TOPOGRAFIA,12,m3,123,1,1,123,,xls-271
2025-09-26,36,DRENAJES Y ESTRUCTURAS,3701.06.07,DRENAJE TRANSVERSAL,"Concreto clase 14 MPA (solados, estructuras)",UF1,3701,ODT1-065,24008,24008,CAMPO,12,m3,3,1,1,3,,xls-272
2025-09-26,30,DRENAJES Y ESTRUCTURAS,3701.06.01,DRENAJE TRANSVERSAL,Excavaciones varias sin clasicar,UF1,3701,ODT1-079,28550,28550,CAMPO,12,m3,6,1,1,6,,xls-273
2025-09-26,36,DRENAJES Y ESTRUCTURAS,3701.06.07,DRENAJE TRANSVERSAL,"Concreto clase 14 MPA (solados, estructuras)",UF1,3701,ODT1-078,28348,28348,CAMPO,12,m3,1,1,1,1,,xls-274
2025-09-26,30,DRENAJES Y ESTRUCTURAS,3701.06.01,DRENAJE TRANSVERSAL,Excavaciones varias sin clasicar,UF1,3701,ODT1-079,28550,28550,CAMPO,12,m3,1,1,1,1,,xls-275
2025-09-26,33,DRENAJES Y ESTRUCTURAS,3701.06.04,DRENAJE TRANSVERSAL,Acero de refuerzo Fy=420 Mpa.,UF1,3701,ODT1-079,28550,28550,CAMPO,12,kg,350,1,1,350,,xls-276
2025-09-27,38,DRENAJES Y ESTRUCTURAS,3701.06.09,DRENAJE TRANSVERSAL,"Concreto clase  28 MPA (encoles, descoles, box, sumideros)",UF1,3701,ODT1-015,13227,13227,CAMPO,12,m3,4,1,1,4,,xls-277
2025-09-27,33,DRENAJES Y ESTRUCTURAS,3701.06.04,DRENAJE TRANSVERSAL,Acero de refuerzo Fy=420 Mpa.,UF1,3701,ODT1-022,14044,14044,CAMPO,12,kg,100,1,1,100,,xls-278
2025-09-27,30,DRENAJES Y ESTRUCTURAS,3701.06.01,DRENAJE TRANSVERSAL,Excavaciones varias sin clasicar,UF1,3701,ODT1-065,24008,24008,CAMPO,12,m3,2.88,1,1,2.88,,xls-279
2025-09-27,33,DRENAJES Y ESTRUCTURAS,3701.06.04,DRENAJE TRANSVERSAL,Acero de refuerzo Fy=420 Mpa.,UF1,3701,ODT1-078,28348,28348,CAMPO,12,kg,122,1,1,122,,xls-280
2025-09-27,33,DRENAJES Y ESTRUCTURAS,3701.06.04,DRENAJE TRANSVERSAL,Acero de refuerzo Fy=420 Mpa.,UF1,3701,ODT1-079,28550,28550,CAMPO,12,kg,200,1,1,200,,xls-281
2025-09-27,33,DRENAJES Y ESTRUCTURAS,3701.06.04,DRENAJE TRANSVERSAL,Acero de refuerzo Fy=420 Mpa.,UF1,3701,ODT1-022,14044,14044,CAMPO,12,kg,120,1,1,120,,xls-282
2025-09-29,38,DRENAJES Y ESTRUCTURAS,3701.06.09,DRENAJE TRANSVERSAL,"Concreto clase  28 MPA (encoles, descoles, box, sumideros)",UF1,3701,ODT1-017,13521,13521,CAMPO,12,m3,3.5,1,1,3.5,,xls-283
2025-09-29,38,DRENAJES Y ESTRUCTURAS,3701.06.09,DRENAJE TRANSVERSAL,"Concreto clase  28 MPA (encoles, descoles, box, sumideros)",UF1,3701,ODT1-019,13849,13849,CAMPO,12,m3,6,1,1,6,,xls-284
2025-09-29,33,DRENAJES Y ESTRUCTURAS,3701.06.04,DRENAJE TRANSVERSAL,Acero de refuerzo Fy=420 Mpa.,UF1,3701,ODT1-022,14044,14044,CAMPO,12,kg,120,1,1,120,,xls-285
2025-09-29,33,DRENAJES Y ESTRUCTURAS,3701.06.04,DRENAJE TRANSVERSAL,Acero de refuerzo Fy=420 Mpa.,UF1,3701,ODT1-078,28348,28348,CAMPO,12,kg,100,1,1,100,,xls-286
2025-09-29,30,DRENAJES Y ESTRUCTURAS,3701.06.01,DRENAJE TRANSVERSAL,Excavaciones varias sin clasicar,UF1,3701,ODT1-078,28348,28348,CAMPO,12,m3,10,1,1,10,,xls-287
2025-09-29,33,DRENAJES Y ESTRUCTURAS,3701.06.04,DRENAJE TRANSVERSAL,Acero de refuerzo Fy=420 Mpa.,UF1,3701,ODT1-079,28550,28550,CAMPO,12,kg,900,1,1,900,,xls-288
2025-09-29,10,TIERRAS,3701.02.05,EXPLANACIONES,Excavaciones en material común APROVECHABLE,UF1,3701,tm2 pk 14+635 - 15+460,14635,15460,TOPOGRAFIA,12,m3,2114,1,1.3,1626.1538461538462,,xls-289
2025-09-29,13,TIERRAS,3701.02.07,EXPLANACIONES,Terraplenes (solo conformación),UF1,3701,tm2 pk 12+822 - 14+225,12822,14225,TOPOGRAFIA,12,m3,1218,1,1.3,936.9230769230769,,xls-290
2025-09-29,16,TIERRAS,3701.02.10,TRANSPORTE EXPLANACIONES,Transporte de la excavación entre cien metros (100 m) y mil metros (1.000 m),UF1,3701,tm2 pk 12+822 - 14+225,12822,14225,CAMPO,12,m3-Estación,936.92,1,1,936.92,,xls-291
2025-09-29,13,TIERRAS,3701.02.07,EXPLANACIONES,Terraplenes (solo conformación),UF1,3701,tm2 pk 23+820 - 24+800,23820,24800,TOPOGRAFIA,12,m3,714,1,1.3,549.2307692307692,,xls-292
2025-09-29,17,TIERRAS,3701.02.11,TRANSPORTE EXPLANACIONES,Transporte de la excavación de la explanación distancias mayores de mil metros (1000 m),UF1,3701,tm2 pk 23+820 - 24+800,23820,24800,CAMPO,12,m3-km,549.23,1,1,549.23,,xls-293
2025-09-29,13,TIERRAS,3701.02.07,EXPLANACIONES,Terraplenes (solo conformación),UF1,3701,tm2 pk 28+303 - 29+600,28303,29600,TOPOGRAFIA,12,m3,112,1,1.3,86.15384615384615,,xls-294
2025-09-29,17,TIERRAS,3701.02.11,TRANSPORTE EXPLANACIONES,Transporte de la excavación de la explanación distancias mayores de mil metros (1000 m),UF1,3701,tm2 pk 28+303 - 29+600,28303,29600,CAMPO,12,m3-km,86.15,1,1,86.15,,xls-295
2025-09-30,38,DRENAJES Y ESTRUCTURAS,3701.06.09,DRENAJE TRANSVERSAL,"Concreto clase  28 MPA (encoles, descoles, box, sumideros)",UF1,3701,ODT1-078,28348,28348,CAMPO,12,m3,4.2,1,1,4.2,,xls-296
2025-09-30,33,DRENAJES Y ESTRUCTURAS,3701.06.04,DRENAJE TRANSVERSAL,Acero de refuerzo Fy=420 Mpa.,UF1,3701,ODT1-078,28348,28348,CAMPO,12,kg,140,1,1,140,,xls-297
2025-09-30,36,DRENAJES Y ESTRUCTURAS,3701.06.07,DRENAJE TRANSVERSAL,"Concreto clase 14 MPA (solados, estructuras)",UF1,3701,ODT1-078,28348,28348,CAMPO,12,m3,0.6,1,1,0.6,,xls-298
2025-09-30,33,DRENAJES Y ESTRUCTURAS,3701.06.04,DRENAJE TRANSVERSAL,Acero de refuerzo Fy=420 Mpa.,UF1,3701,ODT1-079,28550,28550,CAMPO,12,kg,400,1,1,400,,xls-299
2025-10-01,38,DRENAJES Y ESTRUCTURAS,3701.06.09,DRENAJE TRANSVERSAL,"Concreto clase  28 MPA (encoles, descoles, box, sumideros)",UF1,3701,ODT1-018,13673,13673,CAMPO,12,m3,1.25,1,1,1.25,,xls-300
2025-10-01,30,DRENAJES Y ESTRUCTURAS,3701.06.01,DRENAJE TRANSVERSAL,Excavaciones varias sin clasicar,UF1,3701,ODT1-032,15147,15147,CAMPO,12,m3,135,1,1,135,,xls-301
2025-10-01,36,DRENAJES Y ESTRUCTURAS,3701.06.07,DRENAJE TRANSVERSAL,"Concreto clase 14 MPA (solados, estructuras)",UF1,3701,ODT1-032,15147,15147,CAMPO,12,m3,2,1,1,2,,xls-302
2025-10-01,30,DRENAJES Y ESTRUCTURAS,3701.06.01,DRENAJE TRANSVERSAL,Excavaciones varias sin clasicar,UF1,3701,ODT1-078,28348,28348,CAMPO,12,m3,0.6,1,1,0.6,,xls-303
2025-10-01,33,DRENAJES Y ESTRUCTURAS,3701.06.04,DRENAJE TRANSVERSAL,Acero de refuerzo Fy=420 Mpa.,UF1,3701,ODT1-078,28348,28348,CAMPO,12,kg,100,1,1,100,,xls-304
2025-10-01,38,DRENAJES Y ESTRUCTURAS,3701.06.09,DRENAJE TRANSVERSAL,"Concreto clase  28 MPA (encoles, descoles, box, sumideros)",UF1,3701,ODT1-079,28550,28550,CAMPO,12,m3,15.5,1,1,15.5,,xls-305
2025-10-01,105,DRENAJES Y ESTRUCTURAS,3702.06.04,DRENAJE TRANSVERSAL,Acero de refuerzo Fy=420 Mpa.,UF2,3702,ODT2-003,31006,31006,CAMPO,12,kg,350,1,1,350,,xls-306
2025-10-01,10,TIERRAS,3701.02.05,EXPLANACIONES,Excavaciones en material común APROVECHABLE,UF1,3701,tm2 pk 14+635 - 15+460,14635,15460,TOPOGRAFIA,12,m3,1358,1,1.3,1044.6153846153845,,xls-307
2025-10-01,10,TIERRAS,3701.02.05,EXPLANACIONES,Excavaciones en material común NO APROVECHABLE,UF1,3701,tm2 pk 24+800 - 25+530,24800,25530,TOPOGRAFIA,12,m3,850,1,1,850,descapote,xls-308
2025-10-01,6,TIERRAS,3701.02.01,EXPLANACIONES,Desmonte y limpieza en bosque,UF1,3701,tm2 pk 24+800 - 25+530,24800,25530,TOPOGRAFIA,12,Ha,850,0.0001,1,0.085,,xls-309
2025-10-01,13,TIERRAS,3701.02.07,EXPLANACIONES,Terraplenes (solo conformación),UF1,3701,tm2 pk 12+822 - 14+225,12822,14225,TOPOGRAFIA,12,m3,546,1,1.3,420,,xls-310
2025-10-01,16,TIERRAS,3701.02.10,TRANSPORTE EXPLANACIONES,Transporte de la excavación entre cien metros (100 m) y mil metros (1.000 m),UF1,3701,tm2 pk 12+822 - 14+225,12822,14225,CAMPO,12,m3-Estación,420,1,1,420,,xls-311
2025-10-01,13,TIERRAS,3701.02.07,EXPLANACIONES,Terraplenes (solo conformación),UF1,3701,tm2 pk 23+820 - 24+800,23820,24800,TOPOGRAFIA,12,m3,280,1,1.3,215.3846153846154,,xls-312
2025-10-01,17,TIERRAS,3701.02.11,TRANSPORTE EXPLANACIONES,Transporte de la excavación de la explanación distancias mayores de mil metros (1000 m),UF1,3701,tm2 pk 23+820 - 24+800,23820,24800,CAMPO,12,m3-km,215.38,1,1,215.38,,xls-313
2025-10-01,13,TIERRAS,3701.02.07,EXPLANACIONES,Terraplenes (solo conformación),UF1,3701,tm2 pk 28+303 - 29+600,28303,29600,TOPOGRAFIA,12,m3,462,1,1.3,355.38461538461536,,xls-314
2025-10-01,17,TIERRAS,3701.02.11,TRANSPORTE EXPLANACIONES,Transporte de la excavación de la explanación distancias mayores de mil metros (1000 m),UF1,3701,tm2 pk 28+303 - 29+600,28303,29600,CAMPO,12,m3-km,355.38,1,1,355.38,,xls-315
2025-10-02,38,DRENAJES Y ESTRUCTURAS,3701.06.09,DRENAJE TRANSVERSAL,"Concreto clase  28 MPA (encoles, descoles, box, sumideros)",UF1,3701,ODT1-022,14044,14044,CAMPO,12,m3,3.5,1,1,3.5,,xls-316
2025-10-02,30,DRENAJES Y ESTRUCTURAS,3701.06.01,DRENAJE TRANSVERSAL,Excavaciones varias sin clasicar,UF1,3701,ODT1-032,15147,15147,CAMPO,12,m3,30.6,1,1,30.6,,xls-317
2025-10-02,34,DRENAJES Y ESTRUCTURAS,3701.06.05,DRENAJE TRANSVERSAL,Tubería de Concreto Reforzado de 900mm de diámetro interior (Tipo III),UF1,3701,ODT1-032,15147,15147,CAMPO,12,m,12.5,1,1,12.5,10 tubos,xls-318
2025-10-02,33,DRENAJES Y ESTRUCTURAS,3701.06.04,DRENAJE TRANSVERSAL,Acero de refuerzo Fy=420 Mpa.,UF1,3701,ODT1-078,28348,28348,CAMPO,12,kg,120,1,1,120,,xls-319
2025-10-02,38,DRENAJES Y ESTRUCTURAS,3701.06.09,DRENAJE TRANSVERSAL,"Concreto clase  28 MPA (encoles, descoles, box, sumideros)",UF1,3701,ODT1-078,28348,28348,CAMPO,12,m3,4.3,1,1,4.3,,xls-320
2025-10-02,10,TIERRAS,3701.02.05,EXPLANACIONES,Excavaciones en material común APROVECHABLE,UF1,3701,tm2 pk 16+210 - 17+120,16210,17120,TOPOGRAFIA,12,m3,80,1,1.3,61.53846153846153,,xls-321
2025-10-02,10,TIERRAS,3701.02.05,EXPLANACIONES,Excavaciones en material común APROVECHABLE,UF1,3701,tm2 pk 14+635 - 15+460,14635,15460,TOPOGRAFIA,12,m3,120,1,1.3,92.3076923076923,,xls-322
2025-10-02,10,TIERRAS,3701.02.05,EXPLANACIONES,Excavaciones en material común NO APROVECHABLE,UF1,3701,tm2 pk 24+800 - 25+530,24800,25530,TOPOGRAFIA,12,m3,680,1,1,680,SANEO,xls-323
2025-10-02,6,TIERRAS,3701.02.01,EXPLANACIONES,Desmonte y limpieza en bosque,UF1,3701,tm2 pk 24+800 - 25+530,24800,25530,TOPOGRAFIA,12,Ha,680,0.0001,1,0.068,,xls-324
2025-10-02,13,TIERRAS,3701.02.07,EXPLANACIONES,Terraplenes (solo conformación),UF1,3701,tm2 pk 12+822 - 14+225,12822,14225,TOPOGRAFIA,12,m3,80,1,1.3,61.53846153846153,,xls-325
2025-10-02,17,TIERRAS,3701.02.11,TRANSPORTE EXPLANACIONES,Transporte de la excavación de la explanación distancias mayores de mil metros (1000 m),UF1,3701,tm2 pk 12+822 - 14+225,12822,14225,CAMPO,12,m3-km,861.53,1,1,861.53,,xls-326
2025-10-02,13,TIERRAS,3701.02.07,EXPLANACIONES,Terraplenes (solo conformación),UF1,3701,tm2 pk 23+820 - 24+800,23820,24800,TOPOGRAFIA,12,m3,120,1,1.3,92.3076923076923,,xls-327
2025-10-02,17,TIERRAS,3701.02.11,TRANSPORTE EXPLANACIONES,Transporte de la excavación de la explanación distancias mayores de mil metros (1000 m),UF1,3701,tm2 pk 23+820 - 24+800,23820,24800,CAMPO,12,m3-km,1292.3,1,1,1292.3,,xls-328
2025-10-02,18,TIERRAS,3701.03.01,"BASES, SUBBASES Y AFIRMADOS",Subbase Granular,UF1,3701,tm2 pk 12+822 - 14+225,12822,14225,TOPOGRAFIA,12,m3,344.89,1,1.3,265.29999999999995,,xls-329
2025-10-02,21,TIERRAS,3701.03.02,TRANSPORTE FIRMES,Transporte de subbase granular,UF1,3701,tm2 pk 12+822 - 14+225,12822,14225,CAMPO,12,m3-km,258.46,1,1,258.46,,xls-330
2025-10-03,36,DRENAJES Y ESTRUCTURAS,3701.06.07,DRENAJE TRANSVERSAL,"Concreto clase 14 MPA (solados, estructuras)",UF1,3701,ODT1-032,15147,15147,CAMPO,12,m3,4,1,1,4,,xls-331
2025-10-03,33,DRENAJES Y ESTRUCTURAS,3701.06.04,DRENAJE TRANSVERSAL,Acero de refuerzo Fy=420 Mpa.,UF1,3701,ODT1-032,15147,15147,CAMPO,12,kg,140,1,1,140,,xls-332
2025-10-03,30,DRENAJES Y ESTRUCTURAS,3701.06.01,DRENAJE TRANSVERSAL,Excavaciones varias sin clasicar,UF1,3701,ODT1-033,15447,15447,CAMPO,12,m3,138,1,1,138,,xls-333
2025-10-03,33,DRENAJES Y ESTRUCTURAS,3701.06.04,DRENAJE TRANSVERSAL,Acero de refuerzo Fy=420 Mpa.,UF1,3701,ODT1-065,24008,24008,CAMPO,12,kg,350,1,1,350,,xls-334
2025-10-03,33,DRENAJES Y ESTRUCTURAS,3701.06.04,DRENAJE TRANSVERSAL,Acero de refuerzo Fy=420 Mpa.,UF1,3701,ODT1-078,28348,28348,CAMPO,12,kg,150,1,1,150,,xls-335
2025-10-03,110,DRENAJES Y ESTRUCTURAS,3702.06.09,DRENAJE TRANSVERSAL,"Concreto clase  28 MPA (encoles, descoles, box, sumideros)",UF2,3702,ODT2-003,31006,31006,CAMPO,12,m3,28.3,1,1,28.3,,xls-336
2025-10-03,105,DRENAJES Y ESTRUCTURAS,3702.06.04,DRENAJE TRANSVERSAL,Acero de refuerzo Fy=420 Mpa.,UF2,3702,ODT2-003,31006,31006,CAMPO,12,kg,750,1,1,750,,xls-337
2025-10-03,110,DRENAJES Y ESTRUCTURAS,3702.06.09,DRENAJE TRANSVERSAL,"Concreto clase  28 MPA (encoles, descoles, box, sumideros)",UF2,3702,ODT2-011,33859,33859,CAMPO,12,m3,2,1,1,2,,xls-338
2025-10-03,10,TIERRAS,3701.02.05,EXPLANACIONES,Excavaciones en material común APROVECHABLE,UF1,3701,tm2 pk 14+635 - 15+460,14635,15460,TOPOGRAFIA,12,m3,2582,1,1.3,1986.1538461538462,,xls-339
2025-10-03,10,TIERRAS,3701.02.05,EXPLANACIONES,Excavaciones en material común NO APROVECHABLE,UF1,3701,tm2 pk 28+303 - 29+600,28303,29600,TOPOGRAFIA,12,m3,364,1,1.3,280,SANEO,xls-340
2025-10-03,13,TIERRAS,3701.02.07,EXPLANACIONES,Terraplenes (solo conformación),UF1,3701,tm2 pk 28+303 - 29+600,28303,29600,TOPOGRAFIA,12,m3,1018,1,1.3,783.0769230769231,,xls-341
2025-10-03,17,TIERRAS,3701.02.11,TRANSPORTE EXPLANACIONES,Transporte de la excavación de la explanación distancias mayores de mil metros (1000 m),UF1,3701,tm2 pk 28+303 - 29+600,28303,29600,CAMPO,12,m3-km,783.07,1,1,783.07,,xls-342
2025-10-03,13,TIERRAS,3701.02.07,EXPLANACIONES,Terraplenes (solo conformación),UF1,3701,tm2 pk 12+822 - 14+225,12822,14225,TOPOGRAFIA,12,m3,1438,1,1.3,1106.1538461538462,322m3 a corona,xls-343
2025-10-03,16,TIERRAS,3701.02.10,TRANSPORTE EXPLANACIONES,Transporte de la excavación entre cien metros (100 m) y mil metros (1.000 m),UF1,3701,tm2 pk 12+822 - 14+225,12822,14225,CAMPO,12,m3-Estación,1106.15,1,1,1106.15,,xls-344
2025-10-03,85,TIERRAS,3702.02.07,EXPLANACIONES,Terraplenes (solo conformación),UF2,3702,tm2 pk 30+500 - 31+942,30500,31942,TOPOGRAFIA,12,m3,98,1,1.3,75.38461538461539,,xls-345
2025-10-03,89,TIERRAS,3702.02.11,TRANSPORTE EXPLANACIONES,Transporte de la excavación de la explanación distancias mayores de mil metros (1000 m),UF2,3702,tm2 pk 30+500 - 31+942,30500,31942,CAMPO,12,m3-km,75.38,1,1,75.38,,xls-346
2025-10-03,18,TIERRAS,3701.03.01,"BASES, SUBBASES Y AFIRMADOS",Subbase Granular,UF1,3701,tm2 pk 12+822 - 14+225,12822,14225,TOPOGRAFIA,12,m3,309,1,1.3,237.69230769230768,,xls-347
2025-10-03,21,TIERRAS,3701.03.02,TRANSPORTE FIRMES,Transporte de subbase granular,UF1,3701,tm2 pk 12+822 - 14+225,12822,14225,CAMPO,12,m3-km,215.38,1,1,215.38,,xls-348
2025-10-04,10,TIERRAS,3701.02.05,EXPLANACIONES,Excavaciones en material común APROVECHABLE,UF1,3701,tm2 pk 14+635 - 15+460,14635,15460,TOPOGRAFIA,12,m3,1904,1,1.3,1464.6153846153845,,xls-349
2025-10-04,13,TIERRAS,3701.02.07,EXPLANACIONES,Terraplenes (solo conformación),UF1,3701,tm2 pk 28+303 - 29+600,28303,29600,TOPOGRAFIA,12,m3,924,1,1.3,710.7692307692307,,xls-350
2025-10-04,17,TIERRAS,3701.02.11,TRANSPORTE EXPLANACIONES,Transporte de la excavación de la explanación distancias mayores de mil metros (1000 m),UF1,3701,tm2 pk 28+303 - 29+600,28303,29600,CAMPO,12,m3-km,710.79,1,1,710.79,,xls-351
2025-10-04,13,TIERRAS,3701.02.07,EXPLANACIONES,Terraplenes (solo conformación),UF1,3701,tm2 pk 12+822 - 14+225,12822,14225,TOPOGRAFIA,12,m3,868,1,1.3,667.6923076923076,,xls-352
2025-10-04,16,TIERRAS,3701.02.10,TRANSPORTE EXPLANACIONES,Transporte de la excavación entre cien metros (100 m) y mil metros (1.000 m),UF1,3701,tm2 pk 12+822 - 14+225,12822,14225,CAMPO,12,m3-Estación,667.69,1,1,667.69,,xls-353
2025-10-04,2,DRENAJES Y ESTRUCTURAS,3701.01.02,DEMOLICIONES Y REUBICACIONES,Demolición de Estructuras,UF1,3701,ODT1-032,15147,15147,CAMPO,12,m3,2,1,1,2,,xls-354
2025-10-04,30,DRENAJES Y ESTRUCTURAS,3701.06.01,DRENAJE TRANSVERSAL,Excavaciones varias sin clasicar,UF1,3701,ODT1-033,15447,15447,CAMPO,12,m3,6,1,1,6,,xls-355
2025-10-04,33,DRENAJES Y ESTRUCTURAS,3701.06.04,DRENAJE TRANSVERSAL,Acero de refuerzo Fy=420 Mpa.,UF1,3701,ODT1-065,24008,24008,CAMPO,12,kg,400,1,1,400,,xls-356
2025-10-04,33,DRENAJES Y ESTRUCTURAS,3701.06.04,DRENAJE TRANSVERSAL,Acero de refuerzo Fy=420 Mpa.,UF1,3701,ODT1-078,28348,28348,CAMPO,12,kg,80,1,1,80,,xls-357
2025-10-04,110,DRENAJES Y ESTRUCTURAS,3702.06.09,DRENAJE TRANSVERSAL,"Concreto clase  28 MPA (encoles, descoles, box, sumideros)",UF2,3702,ODT2-003,31006,31006,CAMPO,12,m3,13.5,1,1,13.5,,xls-358
2025-10-06,33,DRENAJES Y ESTRUCTURAS,3701.06.04,DRENAJE TRANSVERSAL,Acero de refuerzo Fy=420 Mpa.,UF1,3701,ODT1-032,15147,15147,CAMPO,12,kg,50,1,1,50,,xls-359
2025-10-06,36,DRENAJES Y ESTRUCTURAS,3701.06.07,DRENAJE TRANSVERSAL,"Concreto clase 14 MPA (solados, estructuras)",UF1,3701,ODT1-033,15447,15447,CAMPO,12,m3,4.5,1,1,4.5,,xls-360
2025-10-06,30,DRENAJES Y ESTRUCTURAS,3701.06.01,DRENAJE TRANSVERSAL,Excavaciones varias sin clasicar,UF1,3701,ODT1-033,15447,15447,CAMPO,12,m3,2,1,1,2,,xls-361
2025-10-07,33,DRENAJES Y ESTRUCTURAS,3701.06.04,DRENAJE TRANSVERSAL,Acero de refuerzo Fy=420 Mpa.,UF1,3701,ODT1-032,15147,15147,CAMPO,12,kg,120,1,1,120,,xls-362
2025-10-07,34,DRENAJES Y ESTRUCTURAS,3701.06.05,DRENAJE TRANSVERSAL,Tubería de Concreto Reforzado de 900mm de diámetro interior (Tipo III),UF1,3701,ODT1-033,15447,15447,CAMPO,12,m,29,1,1,29,,xls-363
2025-10-07,33,DRENAJES Y ESTRUCTURAS,3701.06.04,DRENAJE TRANSVERSAL,Acero de refuerzo Fy=420 Mpa.,UF1,3701,ODT1-065,24008,24008,CAMPO,12,kg,350,1,1,350,,xls-364
2025-10-07,30,DRENAJES Y ESTRUCTURAS,3701.06.01,DRENAJE TRANSVERSAL,Excavaciones varias sin clasicar,UF1,3701,ODT1-067,24929,24929,CAMPO,12,m3,58,1,1,58,,xls-365
2025-10-07,38,DRENAJES Y ESTRUCTURAS,3701.06.09,DRENAJE TRANSVERSAL,"Concreto clase  28 MPA (encoles, descoles, box, sumideros)",UF1,3701,ODT1-078,28348,28348,CAMPO,12,m3,3,1,1,3,,xls-366
2025-10-07,33,DRENAJES Y ESTRUCTURAS,3701.06.04,DRENAJE TRANSVERSAL,Acero de refuerzo Fy=420 Mpa.,UF1,3701,ODT1-079,28550,28550,CAMPO,12,kg,250,1,1,250,,xls-367
2025-10-07,10,TIERRAS,3701.02.05,EXPLANACIONES,Excavaciones en material común APROVECHABLE,UF1,3701,tm2 pk 14+635 - 15+460,14635,15460,TOPOGRAFIA,12,m3,1344,1,1.3,1033.8461538461538,,xls-368
2025-10-07,10,TIERRAS,3701.02.05,EXPLANACIONES,Excavaciones en material común APROVECHABLE,UF1,3701,tm2 pk 16+210 - 17+120,16210,17120,TOPOGRAFIA,12,m3,742,1,1.3,570.7692307692307,,xls-369
2025-10-07,13,TIERRAS,3701.02.07,EXPLANACIONES,Terraplenes (solo conformación),UF1,3701,tm2 pk 12+822 - 14+225,12822,14225,TOPOGRAFIA,12,m3,742,1,1.3,570.7692307692307,,xls-370
2025-10-07,17,TIERRAS,3701.02.11,TRANSPORTE EXPLANACIONES,Transporte de la excavación de la explanación distancias mayores de mil metros (1000 m),UF1,3701,tm2 pk 12+822 - 14+225,12822,14225,CAMPO,12,m3-km,570.76,1,1,570.76,,xls-371
2025-10-07,13,TIERRAS,3701.02.07,EXPLANACIONES,Terraplenes (solo conformación),UF1,3701,tm2 pk 28+303 - 29+600,28303,29600,TOPOGRAFIA,12,m3,1078,1,1.3,829.2307692307692,,xls-372
2025-10-07,17,TIERRAS,3701.02.11,TRANSPORTE EXPLANACIONES,Transporte de la excavación de la explanación distancias mayores de mil metros (1000 m),UF1,3701,tm2 pk 28+303 - 29+600,28303,29600,CAMPO,12,m3-km,829.23,1,1,829.23,,xls-373
2025-10-07,10,TIERRAS,3701.02.05,EXPLANACIONES,Excavaciones en material común NO APROVECHABLE,UF1,3701,tm2 pk 28+303 - 29+600,28303,29600,TOPOGRAFIA,12,m3,448,1,1.3,344.6153846153846,descapote,xls-374
2025-10-08,33,DRENAJES Y ESTRUCTURAS,3701.06.04,DRENAJE TRANSVERSAL,Acero de refuerzo Fy=420 Mpa.,UF1,3701,ODT1-032,15147,15147,CAMPO,12,kg,150,1,1,150,,xls-375
2025-10-08,36,DRENAJES Y ESTRUCTURAS,3701.06.07,DRENAJE TRANSVERSAL,"Concreto clase 14 MPA (solados, estructuras)",UF1,3701,ODT1-033,15447,15447,CAMPO,12,m3,5,1,1,5,,xls-376
2025-10-08,36,DRENAJES Y ESTRUCTURAS,3701.06.07,DRENAJE TRANSVERSAL,"Concreto clase 14 MPA (solados, estructuras)",UF1,3701,ODT1-067,24929,24929,CAMPO,12,m3,4,1,1,4,,xls-377
2025-10-08,33,DRENAJES Y ESTRUCTURAS,3701.06.04,DRENAJE TRANSVERSAL,Acero de refuerzo Fy=420 Mpa.,UF1,3701,ODT1-078,28348,28348,CAMPO,12,kg,180,1,1,180,,xls-378
2025-10-08,38,DRENAJES Y ESTRUCTURAS,3701.06.09,DRENAJE TRANSVERSAL,"Concreto clase  28 MPA (encoles, descoles, box, sumideros)",UF1,3701,ODT1-079,28550,28550,CAMPO,12,m3,8,1,1,8,,xls-379
2025-10-08,10,TIERRAS,3701.02.05,EXPLANACIONES,Excavaciones en material común APROVECHABLE,UF1,3701,tm2 pk 14+635 - 15+460,14635,15460,TOPOGRAFIA,12,m3,1026,1,1.3,789.2307692307692,,xls-380
2025-10-08,10,TIERRAS,3701.02.05,EXPLANACIONES,Excavaciones en material común APROVECHABLE,UF1,3701,tm2 pk 16+210 - 17+120,16210,17120,TOPOGRAFIA,12,m3,1218,1,1.3,936.9230769230769,,xls-381
2025-10-08,10,TIERRAS,3701.02.05,EXPLANACIONES,Excavaciones en material común NO APROVECHABLE,UF1,3701,tm2 pk 28+303 - 29+600,28303,29600,TOPOGRAFIA,12,m3,380,1,1.3,292.3076923076923,descapote,xls-382
2025-10-08,6,TIERRAS,3701.02.01,EXPLANACIONES,Desmonte y limpieza en bosque,UF1,3701,tm2 pk 24+800 - 25+530,24800,25530,TOPOGRAFIA,12,Ha,1820,0.0001,1,0.182,,xls-383
2025-10-08,13,TIERRAS,3701.02.07,EXPLANACIONES,Terraplenes (solo conformación),UF1,3701,tm2 pk 12+822 - 14+225,12822,14225,TOPOGRAFIA,12,m3,1026,1,1.3,789.2307692307692,,xls-384
2025-10-08,16,TIERRAS,3701.02.10,TRANSPORTE EXPLANACIONES,Transporte de la excavación entre cien metros (100 m) y mil metros (1.000 m),UF1,3701,tm2 pk 12+822 - 14+225,12822,14225,CAMPO,12,m3-Estación,789.23,1,1,789.23,,xls-385
2025-10-08,13,TIERRAS,3701.02.07,EXPLANACIONES,Terraplenes (solo conformación),UF1,3701,tm2 pk 28+303 - 29+600,28303,29600,TOPOGRAFIA,12,m3,1218,1,1.3,936.9230769230769,,xls-386
2025-10-08,17,TIERRAS,3701.02.11,TRANSPORTE EXPLANACIONES,Transporte de la excavación de la explanación distancias mayores de mil metros (1000 m),UF1,3701,tm2 pk 28+303 - 29+600,28303,29600,CAMPO,12,m3-km,936.92,1,1,936.92,,xls-387
2025-10-08,5,TIERRAS,3701.01.05,DEMOLICIONES Y REUBICACIONES,Cercas de alambre de púas con postes de concreto,UF1,3701,tm2 pk 19+000 - 20+875,19000,20875,TOPOGRAFIA,12,m,140,1,1,140,,xls-388
2025-10-09,38,DRENAJES Y ESTRUCTURAS,3701.06.09,DRENAJE TRANSVERSAL,"Concreto clase  28 MPA (encoles, descoles, box, sumideros)",UF1,3701,ODT1-022,14044,14044,CAMPO,12,m3,4,1,1,4,,xls-389
2025-10-09,36,DRENAJES Y ESTRUCTURAS,3701.06.07,DRENAJE TRANSVERSAL,"Concreto clase 14 MPA (solados, estructuras)",UF1,3701,ODT1-033,15447,15447,CAMPO,12,m3,3,1,1,3,,xls-390
2025-10-09,30,DRENAJES Y ESTRUCTURAS,3701.06.01,DRENAJE TRANSVERSAL,Excavaciones varias sin clasicar,UF1,3701,ODT1-033,15447,15447,CAMPO,12,m3,1,1,1,1,,xls-391
2025-10-09,33,DRENAJES Y ESTRUCTURAS,3701.06.04,DRENAJE TRANSVERSAL,Acero de refuerzo Fy=420 Mpa.,UF1,3701,ODT1-065,24008,24008,CAMPO,12,kg,300,1,1,300,,xls-392
2025-10-09,30,DRENAJES Y ESTRUCTURAS,3701.06.01,DRENAJE TRANSVERSAL,Excavaciones varias sin clasicar,UF1,3701,ODT1-067,24929,24929,CAMPO,12,m3,1,1,1,1,,xls-393
2025-10-09,33,DRENAJES Y ESTRUCTURAS,3701.06.04,DRENAJE TRANSVERSAL,Acero de refuerzo Fy=420 Mpa.,UF1,3701,ODT1-078,28348,28348,CAMPO,12,kg,120,1,1,120,,xls-394
2025-10-09,10,TIERRAS,3701.02.05,EXPLANACIONES,Excavaciones en material común APROVECHABLE,UF1,3701,tm2 pk 16+210 - 17+120,16210,17120,TOPOGRAFIA,12,m3,1610,1,1.3,1238.4615384615383,,xls-395
2025-10-09,10,TIERRAS,3701.02.05,EXPLANACIONES,Excavaciones en material común NO APROVECHABLE,UF1,3701,tm2 pk 28+303 - 29+600,28303,29600,TOPOGRAFIA,12,m3,640,1,1.3,492.30769230769226,descapote,xls-396
2025-10-09,13,TIERRAS,3701.02.07,EXPLANACIONES,Terraplenes (solo conformación),UF1,3701,tm2 pk 28+303 - 29+600,28303,29600,TOPOGRAFIA,12,m3,1050,1,1.3,807.6923076923076,,xls-397
2025-10-09,13,TIERRAS,3701.02.07,EXPLANACIONES,Terraplenes (solo conformación),UF1,3701,tm2 pk 12+822 - 14+225,12822,14225,TOPOGRAFIA,12,m3,490,1,1.3,376.9230769230769,,xls-398
2025-10-09,17,TIERRAS,3701.02.11,TRANSPORTE EXPLANACIONES,Transporte de la excavación de la explanación distancias mayores de mil metros (1000 m),UF1,3701,tm2 pk 12+822 - 14+225,12822,14225,CAMPO,12,m3-km,376.92,1,1,376.92,,xls-399
2025-10-09,6,TIERRAS,3701.02.01,EXPLANACIONES,Desmonte y limpieza en bosque,UF1,3701,tm2 pk 24+800 - 25+530,24800,25530,TOPOGRAFIA,12,Ha,1560,0.0001,1,0.156,,xls-400
2025-10-09,5,TIERRAS,3701.01.05,DEMOLICIONES Y REUBICACIONES,Cercas de alambre de púas con postes de concreto,UF1,3701,tm2 pk 19+000 - 20+875,19000,20875,TOPOGRAFIA,12,m,350,1,1,350,,xls-401
2025-10-09,17,TIERRAS,3701.02.11,TRANSPORTE EXPLANACIONES,Transporte de la excavación de la explanación distancias mayores de mil metros (1000 m),UF1,3701,tm2 pk 28+303 - 29+600,28303,29600,CAMPO,12,m3-km,807.69,1,1,807.69,,xls-402
2025-10-10,10,TIERRAS,3701.02.05,EXPLANACIONES,Excavaciones en material común APROVECHABLE,UF1,3701,tm2 pk 16+210 - 17+120,16210,17120,TOPOGRAFIA,12,m3,224,1,1.3,172.3076923076923,,xls-403
2025-10-10,13,TIERRAS,3701.02.07,EXPLANACIONES,Terraplenes (solo conformación),UF1,3701,tm2 pk 24+800 - 25+530,24800,25530,TOPOGRAFIA,12,m3,224,1,1.3,172.3076923076923,,xls-404
2025-10-10,17,TIERRAS,3701.02.11,TRANSPORTE EXPLANACIONES,Transporte de la excavación de la explanación distancias mayores de mil metros (1000 m),UF1,3701,tm2 pk 24+800 - 25+530,24800,25530,CAMPO,12,m3-km,172.3,1,1,172.3,,xls-405
2025-10-10,18,TIERRAS,3701.03.01,"BASES, SUBBASES Y AFIRMADOS",Subbase Granular,UF1,3701,tm2 pk 12+822 - 14+225,12822,14225,TOPOGRAFIA,12,m3,345.92,1,1.3,266.0923076923077,,xls-406
2025-10-10,21,TIERRAS,3701.03.02,TRANSPORTE FIRMES,Transporte de subbase granular,UF1,3701,tm2 pk 12+822 - 14+225,12822,14225,CAMPO,12,m3-km,276.92,1,1,276.92,,xls-407
2025-10-10,33,DRENAJES Y ESTRUCTURAS,3701.06.04,DRENAJE TRANSVERSAL,Acero de refuerzo Fy=420 Mpa.,UF1,3701,ODT1-032,15147,15147,CAMPO,12,kg,50,1,1,50,,xls-408
2025-10-10,38,DRENAJES Y ESTRUCTURAS,3701.06.09,DRENAJE TRANSVERSAL,"Concreto clase  28 MPA (encoles, descoles, box, sumideros)",UF1,3701,ODT1-032,15147,15147,CAMPO,12,m3,2.5,1,1,2.5,,xls-409
2025-10-10,30,DRENAJES Y ESTRUCTURAS,3701.06.01,DRENAJE TRANSVERSAL,Excavaciones varias sin clasicar,UF1,3701,ODT1-033,15447,15447,CAMPO,12,m3,1,1,1,1,,xls-410
2025-10-10,33,DRENAJES Y ESTRUCTURAS,3701.06.04,DRENAJE TRANSVERSAL,Acero de refuerzo Fy=420 Mpa.,UF1,3701,ODT1-033,15447,15447,CAMPO,12,kg,120,1,1,120,,xls-411
2025-10-10,38,DRENAJES Y ESTRUCTURAS,3701.06.09,DRENAJE TRANSVERSAL,"Concreto clase  28 MPA (encoles, descoles, box, sumideros)",UF1,3701,ODT1-079,28550,28550,CAMPO,12,m3,13.5,1,1,13.5,,xls-412
2025-10-10,31,DRENAJES Y ESTRUCTURAS,3701.06.02,DRENAJE TRANSVERSAL,Rellenos con material seleccionado,UF1,3701,ODT1-068,25143,25143,CAMPO,12,m3,62,1,1,62,,xls-413
2025-10-11,38,DRENAJES Y ESTRUCTURAS,3701.06.09,DRENAJE TRANSVERSAL,"Concreto clase  28 MPA (encoles, descoles, box, sumideros)",UF1,3701,ODT1-033,15447,15447,CAMPO,12,m3,4.5,1,1,4.5,,xls-414
2025-10-11,31,DRENAJES Y ESTRUCTURAS,3701.06.02,DRENAJE TRANSVERSAL,Rellenos con material seleccionado,UF1,3701,ODT1-068,25143,25143,CAMPO,12,m3,40,1,1,40,,xls-415
2025-10-11,36,DRENAJES Y ESTRUCTURAS,3701.06.07,DRENAJE TRANSVERSAL,"Concreto clase 14 MPA (solados, estructuras)",UF1,3701,ODT1-068,25143,25143,CAMPO,12,m3,3,1,1,3,,xls-416
2025-10-11,38,DRENAJES Y ESTRUCTURAS,3701.06.09,DRENAJE TRANSVERSAL,"Concreto clase  28 MPA (encoles, descoles, box, sumideros)",UF1,3701,ODT1-078,28348,28348,CAMPO,12,m3,3,1,1,3,,xls-417
2025-10-11,10,TIERRAS,3701.02.05,EXPLANACIONES,Excavaciones en material común APROVECHABLE,UF1,3701,tm2 pk 14+635 - 15+460,14635,15460,TOPOGRAFIA,12,m3,84,1,1.3,64.61538461538461,,xls-418
2025-10-11,10,TIERRAS,3701.02.05,EXPLANACIONES,Excavaciones en material común APROVECHABLE,UF1,3701,tm2 pk 16+210 - 17+120,16210,17120,TOPOGRAFIA,12,m3,224,1,1.3,172.3076923076923,,xls-419
2025-10-11,13,TIERRAS,3701.02.07,EXPLANACIONES,Terraplenes (solo conformación),UF1,3701,tm2 pk 12+822 - 14+225,12822,14225,TOPOGRAFIA,12,m3,84,1,1.3,64.61538461538461,,xls-420
2025-10-11,13,TIERRAS,3701.02.07,EXPLANACIONES,Terraplenes (solo conformación),UF1,3701,tm2 pk 28+303 - 29+600,28303,29600,TOPOGRAFIA,12,m3,224,1,1.3,172.3076923076923,,xls-421
2025-10-11,17,TIERRAS,3701.02.11,TRANSPORTE EXPLANACIONES,Transporte de la excavación de la explanación distancias mayores de mil metros (1000 m),UF1,3701,tm2 pk 28+303 - 29+600,28303,29600,CAMPO,12,m3-km,172.3,1,1,172.3,,xls-422
2025-10-11,6,TIERRAS,3701.02.01,EXPLANACIONES,Desmonte y limpieza en bosque,UF1,3701,tm2 pk 24+800 - 25+530,24800,25530,TOPOGRAFIA,12,Ha,1480,0.0001,1,0.14800000000000002,,xls-423
2025-10-14,33,DRENAJES Y ESTRUCTURAS,3701.06.04,DRENAJE TRANSVERSAL,Acero de refuerzo Fy=420 Mpa.,UF1,3701,ODT1-032,15147,15147,CAMPO,12,kg,228,1,1,228,,xls-424
2025-10-14,33,DRENAJES Y ESTRUCTURAS,3701.06.04,DRENAJE TRANSVERSAL,Acero de refuerzo Fy=420 Mpa.,UF1,3701,ODT1-033,15447,15447,CAMPO,12,kg,200,1,1,200,,xls-425
2025-10-14,34,DRENAJES Y ESTRUCTURAS,3701.06.05,DRENAJE TRANSVERSAL,Tubería de Concreto Reforzado de 900mm de diámetro interior (Tipo III),UF1,3701,ODT1-068,25143,25143,CAMPO,12,m,15,1,1,15,,xls-426
2025-10-14,10,TIERRAS,3701.02.05,EXPLANACIONES,Excavaciones en material común APROVECHABLE,UF1,3701,tm2 pk 14+635 - 15+460,14635,15460,TOPOGRAFIA,12,m3,1092,1,1.3,840,,xls-427
2025-10-14,10,TIERRAS,3701.02.05,EXPLANACIONES,Excavaciones en material común APROVECHABLE,UF1,3701,tm2 pk 16+210 - 17+120,16210,17120,TOPOGRAFIA,12,m3,2128,1,1.3,1636.923076923077,,xls-428
2025-10-14,10,TIERRAS,3701.02.05,EXPLANACIONES,Excavaciones en material común NO APROVECHABLE,UF1,3701,tm2 pk 24+800 - 25+530,24800,25530,TOPOGRAFIA,12,m3,196,1,1.3,150.76923076923077,descapote,xls-429
2025-10-14,10,TIERRAS,3701.02.05,EXPLANACIONES,Excavaciones en material común NO APROVECHABLE,UF1,3701,tm2 pk 28+303 - 29+600,28303,29600,TOPOGRAFIA,12,m3,380,1,1.3,292.3076923076923,descapote,xls-430
2025-10-14,6,TIERRAS,3701.02.01,EXPLANACIONES,Desmonte y limpieza en bosque,UF1,3701,tm2 pk 24+800 - 25+530,24800,25530,TOPOGRAFIA,12,Ha,1200,0.0001,1,0.12000000000000001,,xls-431
2025-10-14,13,TIERRAS,3701.02.07,EXPLANACIONES,Terraplenes (solo conformación),UF1,3701,tm2 pk 28+303 - 29+600,28303,29600,TOPOGRAFIA,12,m3,1162,1,1.3,893.8461538461538,,xls-432
2025-10-14,17,TIERRAS,3701.02.11,TRANSPORTE EXPLANACIONES,Transporte de la excavación de la explanación distancias mayores de mil metros (1000 m),UF1,3701,tm2 pk 28+303 - 29+600,28303,29600,CAMPO,12,m3-km,893.84,1,1,893.84,,xls-433
2025-10-14,13,TIERRAS,3701.02.07,EXPLANACIONES,Terraplenes (solo conformación),UF1,3701,tm2 pk 24+800 - 25+530,24800,25530,TOPOGRAFIA,12,m3,504,1,1.3,387.6923076923077,,xls-434
2025-10-14,17,TIERRAS,3701.02.11,TRANSPORTE EXPLANACIONES,Transporte de la excavación de la explanación distancias mayores de mil metros (1000 m),UF1,3701,tm2 pk 24+800 - 25+530,24800,25530,CAMPO,12,m3-km,387.69,1,1,387.69,,xls-435
2025-10-14,13,TIERRAS,3701.02.07,EXPLANACIONES,Terraplenes (solo conformación),UF1,3701,tm2 pk 12+822 - 14+225,12822,14225,TOPOGRAFIA,12,m3,462,1,1.3,355.38461538461536,,xls-436
2025-10-14,17,TIERRAS,3701.02.11,TRANSPORTE EXPLANACIONES,Transporte de la excavación de la explanación distancias mayores de mil metros (1000 m),UF1,3701,tm2 pk 12+822 - 14+225,12822,14225,CAMPO,12,m3-km,355.38,1,1,355.38,,xls-437
2025-10-14,13,TIERRAS,3701.02.07,EXPLANACIONES,Terraplenes (solo conformación),UF1,3701,tm2 pk 12+822 - 14+225,12822,14225,TOPOGRAFIA,12,m3,616,1,1.3,473.8461538461538,,xls-438
2025-10-14,16,TIERRAS,3701.02.10,TRANSPORTE EXPLANACIONES,Transporte de la excavación entre cien metros (100 m) y mil metros (1.000 m),UF1,3701,tm2 pk 12+822 - 14+225,12822,14225,CAMPO,12,m3-Estación,473.84,1,1,473.84,,xls-439
2025-10-14,13,TIERRAS,3701.02.07,EXPLANACIONES,Terraplenes (solo conformación),UF1,3701,tm2 pk 28+303 - 29+600,28303,29600,TOPOGRAFIA,12,m3,532,1,1.3,409.2307692307692,,xls-440
2025-10-14,17,TIERRAS,3701.02.11,TRANSPORTE EXPLANACIONES,Transporte de la excavación de la explanación distancias mayores de mil metros (1000 m),UF1,3701,tm2 pk 28+303 - 29+600,28303,29600,CAMPO,12,m3-km,193.84,1,1,193.84,,xls-441
2025-10-14,13,TIERRAS,3701.02.07,EXPLANACIONES,Terraplenes (solo conformación),UF1,3701,tm2 pk 24+800 - 25+530,24800,25530,TOPOGRAFIA,12,m3,224,1,1.3,172.3076923076923,,xls-442
2025-10-14,17,TIERRAS,3701.02.11,TRANSPORTE EXPLANACIONES,Transporte de la excavación de la explanación distancias mayores de mil metros (1000 m),UF1,3701,tm2 pk 24+800 - 25+530,24800,25530,CAMPO,12,m3-km,172.3,1,1,172.3,,xls-443
2025-10-15,10,TIERRAS,3701.02.05,EXPLANACIONES,Excavaciones en material común APROVECHABLE,UF1,3701,tm2 pk 16+210 - 17+120,16210,17120,TOPOGRAFIA,12,m3,546,1,1.3,420,,xls-444
2025-10-15,13,TIERRAS,3701.02.07,EXPLANACIONES,Terraplenes (solo conformación),UF1,3701,tm2 pk 28+303 - 29+600,28303,29600,TOPOGRAFIA,12,m3,546,1,1.3,420,,xls-445
2025-10-15,17,TIERRAS,3701.02.11,TRANSPORTE EXPLANACIONES,Transporte de la excavación de la explanación distancias mayores de mil metros (1000 m),UF1,3701,tm2 pk 28+303 - 29+600,28303,29600,CAMPO,12,m3-km,420,1,1,420,,xls-446
2025-10-15,10,TIERRAS,3701.02.05,EXPLANACIONES,Excavaciones en material común APROVECHABLE,UF1,3701,tm2 pk 14+635 - 15+460,14635,15460,TOPOGRAFIA,12,m3,1638,1,1.3,1260,,xls-447
2025-10-15,13,TIERRAS,3701.02.07,EXPLANACIONES,Terraplenes (solo conformación),UF1,3701,tm2 pk 28+303 - 29+600,28303,29600,TOPOGRAFIA,12,m3,574,1,1.3,441.53846153846155,,xls-448
2025-10-15,17,TIERRAS,3701.02.11,TRANSPORTE EXPLANACIONES,Transporte de la excavación de la explanación distancias mayores de mil metros (1000 m),UF1,3701,tm2 pk 28+303 - 29+600,28303,29600,CAMPO,12,m3-km,441.53,1,1,441.53,,xls-449
2025-10-15,13,TIERRAS,3701.02.07,EXPLANACIONES,Terraplenes (solo conformación),UF1,3701,tm2 pk 12+822 - 14+225,12822,14225,TOPOGRAFIA,12,m3,868,1,1.3,667.6923076923076,,xls-450
2025-10-15,16,TIERRAS,3701.02.10,TRANSPORTE EXPLANACIONES,Transporte de la excavación entre cien metros (100 m) y mil metros (1.000 m),UF1,3701,tm2 pk 12+822 - 14+225,12822,14225,CAMPO,12,m3-Estación,667.69,1,1,667.69,,xls-451
2025-10-15,10,TIERRAS,3701.02.05,EXPLANACIONES,Excavaciones en material común NO APROVECHABLE,UF1,3701,tm2 pk 24+800 - 25+530,24800,25530,TOPOGRAFIA,12,m3,966,1,1.3,743.0769230769231,descapote,xls-452
2025-10-15,17,TIERRAS,3701.02.11,TRANSPORTE EXPLANACIONES,Transporte de la excavación de la explanación distancias mayores de mil metros (1000 m),UF1,3701,RCD 15+800,15800,15800,CAMPO,12,m3-km,743.07,1,1,743.07,,xls-453
2025-10-15,10,TIERRAS,3701.02.05,EXPLANACIONES,Excavaciones en material común NO APROVECHABLE,UF1,3701,tm2 pk 28+303 - 29+600,28303,29600,TOPOGRAFIA,12,m3,660,1,1.3,507.6923076923077,descapote,xls-454
2025-10-15,13,TIERRAS,3701.02.07,EXPLANACIONES,Terraplenes (solo conformación),UF1,3701,tm2 pk 28+303 - 29+600,28303,29600,TOPOGRAFIA,12,m3,392,1,1.3,301.53846153846155,mejoramiento subrazante,xls-455
2025-10-15,33,DRENAJES Y ESTRUCTURAS,3701.06.04,DRENAJE TRANSVERSAL,Acero de refuerzo Fy=420 Mpa.,UF1,3701,ODT1-032,15147,15147,CAMPO,12,kg,168,1,1,168,,xls-456
2025-10-15,33,DRENAJES Y ESTRUCTURAS,3701.06.04,DRENAJE TRANSVERSAL,Acero de refuerzo Fy=420 Mpa.,UF1,3701,ODT1-033,15447,15447,CAMPO,12,kg,100,1,1,100,,xls-457
2025-10-15,38,DRENAJES Y ESTRUCTURAS,3701.06.09,DRENAJE TRANSVERSAL,"Concreto clase  28 MPA (encoles, descoles, box, sumideros)",UF1,3701,ODT1-033,15447,15447,CAMPO,12,m3,4.8,1,1,4.8,,xls-458
2025-10-15,38,DRENAJES Y ESTRUCTURAS,3701.06.09,DRENAJE TRANSVERSAL,"Concreto clase  28 MPA (encoles, descoles, box, sumideros)",UF1,3701,ODT1-065,24008,24008,CAMPO,12,m3,15.5,1,1,15.5,,xls-459
2025-10-15,33,DRENAJES Y ESTRUCTURAS,3701.06.04,DRENAJE TRANSVERSAL,Acero de refuerzo Fy=420 Mpa.,UF1,3701,ODT1-067,24929,24929,CAMPO,12,kg,350,1,1,350,,xls-460
2025-10-15,30,DRENAJES Y ESTRUCTURAS,3701.06.01,DRENAJE TRANSVERSAL,Excavaciones varias sin clasicar,UF1,3701,ODT1-068,25143,25143,CAMPO,12,m3,3.36,1,1,3.36,,xls-461
2025-10-15,13,TIERRAS,3701.02.07,EXPLANACIONES,Terraplenes (solo conformación),UF1,3701,tm2 pk 24+800 - 25+530,24800,25530,TOPOGRAFIA,12,m3,182,1,1.3,140,,xls-462
2025-10-16,33,DRENAJES Y ESTRUCTURAS,3701.06.04,DRENAJE TRANSVERSAL,Acero de refuerzo Fy=420 Mpa.,UF1,3701,ODT1-033,15447,15447,CAMPO,13,kg,150,1,1,150,,xls-463
2025-10-16,33,DRENAJES Y ESTRUCTURAS,3701.06.04,DRENAJE TRANSVERSAL,Acero de refuerzo Fy=420 Mpa.,UF1,3701,ODT1-065,24008,24008,CAMPO,13,kg,300,1,1,300,,xls-464
2025-10-16,33,DRENAJES Y ESTRUCTURAS,3701.06.04,DRENAJE TRANSVERSAL,Acero de refuerzo Fy=420 Mpa.,UF1,3701,ODT1-067,24929,24929,CAMPO,13,kg,400,1,1,400,,xls-465
2025-10-16,30,DRENAJES Y ESTRUCTURAS,3701.06.01,DRENAJE TRANSVERSAL,Excavaciones varias sin clasicar,UF1,3701,ODT1-068,25143,25143,CAMPO,13,m3,3.5,1,1,3.5,,xls-466
2025-10-16,36,DRENAJES Y ESTRUCTURAS,3701.06.07,DRENAJE TRANSVERSAL,"Concreto clase 14 MPA (solados, estructuras)",UF1,3701,ODT1-068,25143,25143,CAMPO,13,m3,5.5,1,1,5.5,,xls-467
2025-10-17,38,DRENAJES Y ESTRUCTURAS,3701.06.09,DRENAJE TRANSVERSAL,"Concreto clase  28 MPA (encoles, descoles, box, sumideros)",UF1,3701,ODT1-032,15147,15147,CAMPO,13,m3,4.5,1,1,4.5,,xls-468
2025-10-17,30,DRENAJES Y ESTRUCTURAS,3701.06.01,DRENAJE TRANSVERSAL,Excavaciones varias sin clasicar,UF1,3701,ODT1-032,15147,15147,CAMPO,13,m3,1.5,1,1,1.5,,xls-469
2025-10-17,33,DRENAJES Y ESTRUCTURAS,3701.06.04,DRENAJE TRANSVERSAL,Acero de refuerzo Fy=420 Mpa.,UF1,3701,ODT1-033,15447,15447,CAMPO,13,kg,140,1,1,140,,xls-470
2025-10-17,33,DRENAJES Y ESTRUCTURAS,3701.06.04,DRENAJE TRANSVERSAL,Acero de refuerzo Fy=420 Mpa.,UF1,3701,ODT1-065,24008,24008,CAMPO,13,kg,600,1,1,600,,xls-471
2025-10-17,33,DRENAJES Y ESTRUCTURAS,3701.06.04,DRENAJE TRANSVERSAL,Acero de refuerzo Fy=420 Mpa.,UF1,3701,ODT1-067,24929,24929,CAMPO,13,kg,800,1,1,800,,xls-472
2025-10-17,33,DRENAJES Y ESTRUCTURAS,3701.06.04,DRENAJE TRANSVERSAL,Acero de refuerzo Fy=420 Mpa.,UF1,3701,ODT1-068,25143,25143,CAMPO,13,kg,200,1,1,200,,xls-473
2025-10-17,30,DRENAJES Y ESTRUCTURAS,3701.06.01,DRENAJE TRANSVERSAL,Excavaciones varias sin clasicar,UF1,3701,ODT1-068,25143,25143,CAMPO,13,m3,1,1,1,1,,xls-474
2025-10-17,30,DRENAJES Y ESTRUCTURAS,3701.06.01,DRENAJE TRANSVERSAL,Excavaciones varias sin clasicar,UF1,3701,ODT1-069,25436,25436,CAMPO,13,m3,39,1,1,39,,xls-475
2025-10-17,36,DRENAJES Y ESTRUCTURAS,3701.06.07,DRENAJE TRANSVERSAL,"Concreto clase 14 MPA (solados, estructuras)",UF1,3701,ODT1-069,25436,25436,CAMPO,13,m3,3.5,1,1,3.5,,xls-476
2025-10-17,10,TIERRAS,3701.02.05,EXPLANACIONES,Excavaciones en material común APROVECHABLE,UF1,3701,tm2 pk 14+635 - 15+460,14635,15460,TOPOGRAFIA,13,m3,1714,1,1.3,1318.4615384615383,,xls-477
2025-10-17,10,TIERRAS,3701.02.05,EXPLANACIONES,Excavaciones en material común NO APROVECHABLE,UF1,3701,tm2 pk 24+800 - 25+530,24800,25530,TOPOGRAFIA,13,m3,126,1,1.3,96.92307692307692,SANEO,xls-478
2025-10-17,10,TIERRAS,3701.02.05,EXPLANACIONES,Excavaciones en material común NO APROVECHABLE,UF1,3701,tm2 pk 28+303 - 29+600,28303,29600,TOPOGRAFIA,13,m3,578,1,1.3,444.6153846153846,SANEO,xls-479
2025-10-17,13,TIERRAS,3701.02.07,EXPLANACIONES,Terraplenes (solo conformación),UF1,3701,tm2 pk 28+303 - 29+600,28303,29600,TOPOGRAFIA,13,m3,976,1,1.3,750.7692307692307,,xls-480
2025-10-17,17,TIERRAS,3701.02.11,TRANSPORTE EXPLANACIONES,Transporte de la excavación de la explanación distancias mayores de mil metros (1000 m),UF1,3701,tm2 pk 28+303 - 29+600,28303,29600,CAMPO,13,m3-km,750.76,1,1,750.76,,xls-481
2025-10-17,13,TIERRAS,3701.02.07,EXPLANACIONES,Terraplenes (solo conformación),UF1,3701,tm2 pk 12+822 - 14+225,12822,14225,TOPOGRAFIA,13,m3,682,1,1.3,524.6153846153846,,xls-482
2025-10-17,16,TIERRAS,3701.02.10,TRANSPORTE EXPLANACIONES,Transporte de la excavación entre cien metros (100 m) y mil metros (1.000 m),UF1,3701,tm2 pk 12+822 - 14+225,12822,14225,CAMPO,13,m3-Estación,524.61,1,1,524.61,,xls-483
2025-10-17,13,TIERRAS,3701.02.07,EXPLANACIONES,Terraplenes (solo conformación),UF1,3701,tm2 pk 28+303 - 29+600,28303,29600,TOPOGRAFIA,13,m3,378,1,1.3,290.7692307692308,,xls-484
2025-10-18,34,DRENAJES Y ESTRUCTURAS,3701.06.05,DRENAJE TRANSVERSAL,Tubería de Concreto Reforzado de 900mm de diámetro interior (Tipo III),UF1,3701,ODT1-033,15447,15447,CAMPO,13,m,1.25,1,1,1.25,,xls-485
2025-10-18,38,DRENAJES Y ESTRUCTURAS,3701.06.09,DRENAJE TRANSVERSAL,"Concreto clase  28 MPA (encoles, descoles, box, sumideros)",UF1,3701,ODT1-065,24008,24008,CAMPO,13,m3,7.5,1,1,7.5,,xls-486
2025-10-18,30,DRENAJES Y ESTRUCTURAS,3701.06.01,DRENAJE TRANSVERSAL,Excavaciones varias sin clasicar,UF1,3701,ODT1-068,25143,25143,CAMPO,13,m3,1,1,1,1,,xls-487
2025-10-18,33,DRENAJES Y ESTRUCTURAS,3701.06.04,DRENAJE TRANSVERSAL,Acero de refuerzo Fy=420 Mpa.,UF1,3701,ODT1-068,25143,25143,CAMPO,13,kg,200,1,1,200,,xls-488
2025-10-18,38,DRENAJES Y ESTRUCTURAS,3701.06.09,DRENAJE TRANSVERSAL,"Concreto clase  28 MPA (encoles, descoles, box, sumideros)",UF1,3701,ODT1-068,25143,25143,CAMPO,13,m3,7.3,1,1,7.3,,xls-489
2025-10-18,10,TIERRAS,3701.02.05,EXPLANACIONES,Excavaciones en material común APROVECHABLE,UF1,3701,tm2 pk 19+000 - 20+875,19000,20875,TOPOGRAFIA,13,m3,714,1,1.3,549.2307692307692,,xls-490
2025-10-18,10,TIERRAS,3701.02.05,EXPLANACIONES,Excavaciones en material común APROVECHABLE,UF1,3701,tm2 pk 14+635 - 15+460,14635,15460,TOPOGRAFIA,13,m3,448,1,1.3,344.6153846153846,,xls-491
2025-10-18,10,TIERRAS,3701.02.05,EXPLANACIONES,Excavaciones en material común NO APROVECHABLE,UF1,3701,tm2 pk 19+000 - 20+875,19000,20875,TOPOGRAFIA,13,m3,266,1,1.3,204.6153846153846,descapote,xls-492
2025-10-18,13,TIERRAS,3701.02.07,EXPLANACIONES,Terraplenes (solo conformación),UF1,3701,tm2 pk 28+303 - 29+600,28303,29600,TOPOGRAFIA,13,m3,518,1,1.3,398.46153846153845,,xls-493
2025-10-18,17,TIERRAS,3701.02.11,TRANSPORTE EXPLANACIONES,Transporte de la excavación de la explanación distancias mayores de mil metros (1000 m),UF1,3701,tm2 pk 28+303 - 29+600,28303,29600,CAMPO,13,m3-km,398.46,1,1,398.46,,xls-494
2025-10-18,13,TIERRAS,3701.02.07,EXPLANACIONES,Terraplenes (solo conformación),UF1,3701,tm2 pk 12+822 - 14+225,12822,14225,TOPOGRAFIA,13,m3,196,1,1.3,150.76923076923077,,xls-495
2025-10-18,17,TIERRAS,3701.02.11,TRANSPORTE EXPLANACIONES,Transporte de la excavación de la explanación distancias mayores de mil metros (1000 m),UF1,3701,tm2 pk 12+822 - 14+225,12822,14225,CAMPO,13,m3-km,150.76,1,1,150.76,,xls-496
2025-10-18,13,TIERRAS,3701.02.07,EXPLANACIONES,Terraplenes (solo conformación),UF1,3701,tm2 pk 12+822 - 14+225,12822,14225,TOPOGRAFIA,13,m3,406,1,1.3,312.3076923076923,,xls-497
2025-10-18,16,TIERRAS,3701.02.10,TRANSPORTE EXPLANACIONES,Transporte de la excavación entre cien metros (100 m) y mil metros (1.000 m),UF1,3701,tm2 pk 12+822 - 14+225,12822,14225,CAMPO,13,m3-Estación,312.3,1,1,312.3,,xls-498
2025-10-20,33,DRENAJES Y ESTRUCTURAS,3701.06.04,DRENAJE TRANSVERSAL,Acero de refuerzo Fy=420 Mpa.,UF1,3701,ODT1-067,24929,24929,CAMPO,13,kg,600,1,1,600,,xls-499
2025-10-20,33,DRENAJES Y ESTRUCTURAS,3701.06.04,DRENAJE TRANSVERSAL,Acero de refuerzo Fy=420 Mpa.,UF1,3701,ODT1-068,25143,25143,CAMPO,13,kg,200,1,1,200,,xls-500
2025-10-20,10,TIERRAS,3701.02.05,EXPLANACIONES,Excavaciones en material común APROVECHABLE,UF1,3701,tm2 pk 19+000 - 20+875,19000,20875,TOPOGRAFIA,13,m3,1092,1,1.3,840,,xls-501
2025-10-20,10,TIERRAS,3701.02.05,EXPLANACIONES,Excavaciones en material común APROVECHABLE,UF1,3701,tm2 pk 14+635 - 15+460,14635,15460,TOPOGRAFIA,13,m3,140,1,1.3,107.6923076923077,,xls-502
2025-10-20,13,TIERRAS,3701.02.07,EXPLANACIONES,Terraplenes (solo conformación),UF1,3701,tm2 pk 28+303 - 29+600,28303,29600,TOPOGRAFIA,13,m3,1022,1,1.3,786.1538461538461,,xls-503
2025-10-20,17,TIERRAS,3701.02.11,TRANSPORTE EXPLANACIONES,Transporte de la excavación de la explanación distancias mayores de mil metros (1000 m),UF1,3701,tm2 pk 28+303 - 29+600,28303,29600,CAMPO,13,m3-km,786.15,1,1.3,604.7307692307692,,xls-504
2025-10-20,13,TIERRAS,3701.02.07,EXPLANACIONES,Terraplenes (solo conformación),UF1,3701,tm2 pk 12+822 - 14+225,12822,14225,TOPOGRAFIA,13,m3,70,1,1.3,53.84615384615385,,xls-505
2025-10-20,17,TIERRAS,3701.02.11,TRANSPORTE EXPLANACIONES,Transporte de la excavación de la explanación distancias mayores de mil metros (1000 m),UF1,3701,tm2 pk 12+822 - 14+225,12822,14225,CAMPO,13,m3-km,53.84,1,1.3,41.41538461538462,,xls-506
2025-10-20,13,TIERRAS,3701.02.07,EXPLANACIONES,Terraplenes (solo conformación),UF1,3701,tm2 pk 12+822 - 14+225,12822,14225,TOPOGRAFIA,13,m3,140,1,1.3,107.6923076923077,,xls-507
2025-10-20,16,TIERRAS,3701.02.10,TRANSPORTE EXPLANACIONES,Transporte de la excavación entre cien metros (100 m) y mil metros (1.000 m),UF1,3701,tm2 pk 12+822 - 14+225,12822,14225,CAMPO,13,m3-Estación,107.69,1,1.3,82.83846153846153,,xls-508
2025-10-20,18,TIERRAS,3701.03.01,"BASES, SUBBASES Y AFIRMADOS",Subbase Granular,UF1,3701,tm2 pk 12+822 - 14+225,12822,14225,TOPOGRAFIA,13,m3,610,1,1.3,469.2307692307692,,xls-509
2025-10-20,21,TIERRAS,3701.03.02,TRANSPORTE FIRMES,Transporte de subbase granular,UF1,3701,tm2 pk 12+822 - 14+225,12822,14225,CAMPO,13,m3-km,469.23,1,1,469.23,,xls-510
2025-10-20,10,TIERRAS,3701.02.05,EXPLANACIONES,Excavaciones en material común NO APROVECHABLE,UF1,3701,tm2 pk 28+303 - 29+600,28303,29600,TOPOGRAFIA,13,m3,890,1,1.3,684.6153846153846,descapote,xls-511
2025-10-20,5,TIERRAS,3701.01.05,DEMOLICIONES Y REUBICACIONES,Cercas de alambre de púas con postes de concreto,UF1,3701,tm2 pk 12+822 - 14+225,12822,14225,TOPOGRAFIA,13,m,140,1,1,140,,xls-512
2025-10-21,30,DRENAJES Y ESTRUCTURAS,3701.06.01,DRENAJE TRANSVERSAL,Excavaciones varias sin clasicar,UF1,3701,ODT1-023,14312,14312,CAMPO,13,m3,37,1,1,37,,xls-513
2025-10-21,36,DRENAJES Y ESTRUCTURAS,3701.06.07,DRENAJE TRANSVERSAL,"Concreto clase 14 MPA (solados, estructuras)",UF1,3701,ODT1-023,14312,14312,CAMPO,13,m3,3,1,1,3,,xls-514
2025-10-21,33,DRENAJES Y ESTRUCTURAS,3701.06.04,DRENAJE TRANSVERSAL,Acero de refuerzo Fy=420 Mpa.,UF1,3701,ODT1-032,15147,15147,CAMPO,13,kg,168,1,1,168,,xls-515
2025-10-21,38,DRENAJES Y ESTRUCTURAS,3701.06.09,DRENAJE TRANSVERSAL,"Concreto clase  28 MPA (encoles, descoles, box, sumideros)",UF1,3701,ODT1-033,15447,15447,CAMPO,13,m3,3.5,1,1,3.5,,xls-516
2025-10-21,33,DRENAJES Y ESTRUCTURAS,3701.06.04,DRENAJE TRANSVERSAL,Acero de refuerzo Fy=420 Mpa.,UF1,3701,ODT1-033,15447,15447,CAMPO,13,kg,80,1,1,80,,xls-517
2025-10-21,38,DRENAJES Y ESTRUCTURAS,3701.06.09,DRENAJE TRANSVERSAL,"Concreto clase  28 MPA (encoles, descoles, box, sumideros)",UF1,3701,ODT1-067,24929,24929,CAMPO,13,m3,2.3,1,1,2.3,,xls-518
2025-10-21,38,DRENAJES Y ESTRUCTURAS,3701.06.09,DRENAJE TRANSVERSAL,"Concreto clase  28 MPA (encoles, descoles, box, sumideros)",UF1,3701,ODT1-068,25143,25143,CAMPO,13,m3,3,1,1,3,,xls-519
2025-10-21,30,DRENAJES Y ESTRUCTURAS,3701.06.01,DRENAJE TRANSVERSAL,Excavaciones varias sin clasicar,UF1,3701,ODT1-083,29600,29600,CAMPO,13,m3,16,1,1,16,,xls-520
2025-10-21,5,TIERRAS,3701.01.05,DEMOLICIONES Y REUBICACIONES,Cercas de alambre de púas con postes de concreto,UF1,3701,tm2 pk 12+822 - 14+225,12822,14225,TOPOGRAFIA,13,m,60,1,1,60,,xls-521
2025-10-21,18,TIERRAS,3701.03.01,"BASES, SUBBASES Y AFIRMADOS",Subbase Granular,UF1,3701,tm2 pk 12+822 - 14+225,12822,14225,TOPOGRAFIA,13,m3,420,1,1.3,323.07692307692304,,xls-522
2025-10-21,21,TIERRAS,3701.03.02,TRANSPORTE FIRMES,Transporte de subbase granular,UF1,3701,tm2 pk 12+822 - 14+225,12822,14225,CAMPO,13,m3-km,323.07,1,1,323.07,,xls-523
2025-10-21,113,DRENAJES Y ESTRUCTURAS,3702.06.12,DRENAJE TRANSVERSAL,Geodrén vial h=1 m con tubería de 100 mm,UF2,3702,ODT2-003,31006,31006,CAMPO,13,m,52,1,1,52,,xls-524
2025-10-21,104,DRENAJES Y ESTRUCTURAS,3702.06.03,DRENAJE TRANSVERSAL,Material granular drenante,UF2,3702,ODT2-003,31006,31006,CAMPO,13,m3,26,0.4,1,10.4,,xls-525
2025-10-22,36,DRENAJES Y ESTRUCTURAS,3701.06.07,DRENAJE TRANSVERSAL,"Concreto clase 14 MPA (solados, estructuras)",UF1,3701,ODT1-023,14312,14312,CAMPO,13,m3,2.5,1,1,2.5,,xls-526
2025-10-22,33,DRENAJES Y ESTRUCTURAS,3701.06.04,DRENAJE TRANSVERSAL,Acero de refuerzo Fy=420 Mpa.,UF1,3701,ODT1-068,25143,25143,CAMPO,13,kg,80,1,1,80,,xls-527
2025-10-22,18,TIERRAS,3701.03.01,"BASES, SUBBASES Y AFIRMADOS",Subbase Granular,UF1,3701,tm2 pk 12+822 - 14+225,12822,14225,TOPOGRAFIA,13,m3,56,1,1.3,43.07692307692307,,xls-528
2025-10-22,21,TIERRAS,3701.03.02,TRANSPORTE FIRMES,Transporte de subbase granular,UF1,3701,tm2 pk 12+822 - 14+225,12822,14225,CAMPO,13,m3-km,43.07,1,1,43.07,,xls-529
2025-10-22,5,TIERRAS,3701.01.05,DEMOLICIONES Y REUBICACIONES,Cercas de alambre de púas con postes de concreto,UF1,3701,tm2 pk 12+822 - 14+225,12822,14225,CAMPO,13,m,70,1,1,70,,xls-530
2025-10-22,114,DRENAJES Y ESTRUCTURAS,3702.06.13,DRENAJE TRANSVERSAL,Geodrén planar h=1 m,UF2,3702,ODT2-003,31006,31006,CAMPO,13,m2,52,1,1,52,,xls-531
2025-10-22,104,DRENAJES Y ESTRUCTURAS,3702.06.03,DRENAJE TRANSVERSAL,Material granular drenante,UF2,3702,ODT2-003,31006,31006,CAMPO,13,m3,26,0.4,1,10.4,,xls-532
2025-10-23,10,TIERRAS,3701.02.05,EXPLANACIONES,Excavaciones en material común APROVECHABLE,UF1,3701,tm2 pk 19+000 - 20+875,19000,20875,TOPOGRAFIA,13,m3,1638,1,1.3,1260,,xls-533
2025-10-23,10,TIERRAS,3701.02.05,EXPLANACIONES,Excavaciones en material común APROVECHABLE,UF1,3701,tm2 pk 14+635 - 15+460,14635,15460,TOPOGRAFIA,13,m3,224,1,1.3,172.3076923076923,,xls-534
2025-10-23,10,TIERRAS,3701.02.05,EXPLANACIONES,Excavaciones en material común NO APROVECHABLE,UF1,3701,tm2 pk 24+800 - 25+530,24800,25530,TOPOGRAFIA,13,m3,260,1,1.3,200,SANEO,xls-535
2025-10-23,13,TIERRAS,3701.02.07,EXPLANACIONES,Terraplenes (solo conformación),UF1,3701,tm2 pk 28+303 - 29+600,28303,29600,TOPOGRAFIA,13,m3,1302,1,1.3,1001.5384615384615,,xls-536
2025-10-23,17,TIERRAS,3701.02.11,TRANSPORTE EXPLANACIONES,Transporte de la excavación de la explanación distancias mayores de mil metros (1000 m),UF1,3701,tm2 pk 28+303 - 29+600,28303,29600,CAMPO,13,m3-km,1001.53,1,1,1001.53,,xls-537
2025-10-23,85,TIERRAS,3702.02.07,EXPLANACIONES,Terraplenes (solo conformación),UF2,3702,tm2 pk 30+500 - 31+942,30500,31942,TOPOGRAFIA,13,m3,168,1,1.3,129.23076923076923,,xls-538
2025-10-23,89,TIERRAS,3702.02.11,TRANSPORTE EXPLANACIONES,Transporte de la excavación de la explanación distancias mayores de mil metros (1000 m),UF2,3702,tm2 pk 30+500 - 31+942,30500,31942,CAMPO,13,m3-km,129.23,1,1,129.23,,xls-539
2025-10-23,13,TIERRAS,3701.02.07,EXPLANACIONES,Terraplenes (solo conformación),UF1,3701,tm2 pk 12+822 - 14+225,12822,14225,TOPOGRAFIA,13,m3,224,1,1.3,172.3076923076923,,xls-540
2025-10-23,16,TIERRAS,3701.02.10,TRANSPORTE EXPLANACIONES,Transporte de la excavación entre cien metros (100 m) y mil metros (1.000 m),UF1,3701,tm2 pk 12+822 - 14+225,12822,14225,CAMPO,13,m3-Estación,172.3,1,1,172.3,,xls-541
2025-10-23,30,DRENAJES Y ESTRUCTURAS,3701.06.01,DRENAJE TRANSVERSAL,Excavaciones varias sin clasicar,UF1,3701,ODT1-023,14312,14312,CAMPO,13,m3,7,1,1,7,,xls-542
2025-10-23,36,DRENAJES Y ESTRUCTURAS,3701.06.07,DRENAJE TRANSVERSAL,"Concreto clase 14 MPA (solados, estructuras)",UF1,3701,ODT1-023,14312,14312,CAMPO,13,m3,0.5,1,1,0.5,,xls-543
2025-10-23,38,DRENAJES Y ESTRUCTURAS,3701.06.09,DRENAJE TRANSVERSAL,"Concreto clase  28 MPA (encoles, descoles, box, sumideros)",UF1,3701,ODT1-033,15447,15447,CAMPO,13,m3,3,1,1,3,,xls-544
2025-10-23,33,DRENAJES Y ESTRUCTURAS,3701.06.04,DRENAJE TRANSVERSAL,Acero de refuerzo Fy=420 Mpa.,UF1,3701,ODT1-065,24008,24008,CAMPO,13,kg,800,1,1,800,,xls-545
2025-10-23,38,DRENAJES Y ESTRUCTURAS,3701.06.09,DRENAJE TRANSVERSAL,"Concreto clase  28 MPA (encoles, descoles, box, sumideros)",UF1,3701,ODT1-068,25143,25143,CAMPO,13,m3,3,1,1,3,,xls-546
2025-10-24,10,TIERRAS,3701.02.05,EXPLANACIONES,Excavaciones en material común APROVECHABLE,UF1,3701,tm2 pk 14+635 - 15+460,14635,15460,TOPOGRAFIA,13,m3,546,1,1.3,420,,xls-547
2025-10-24,10,TIERRAS,3701.02.05,EXPLANACIONES,Excavaciones en material común APROVECHABLE,UF1,3701,tm2 pk 19+000 - 20+875,19000,20875,TOPOGRAFIA,13,m3,2982,1,1.3,2293.846153846154,,xls-548
2025-10-24,13,TIERRAS,3701.02.07,EXPLANACIONES,Terraplenes (solo conformación),UF1,3701,tm2 pk 28+303 - 29+600,28303,29600,TOPOGRAFIA,13,m3,2072,1,1.3,1593.8461538461538,,xls-549
2025-10-24,17,TIERRAS,3701.02.11,TRANSPORTE EXPLANACIONES,Transporte de la excavación de la explanación distancias mayores de mil metros (1000 m),UF1,3701,tm2 pk 28+303 - 29+600,28303,29600,CAMPO,13,m3-km,1593.84,1,1,1593.84,,xls-550
2025-10-24,85,TIERRAS,3702.02.07,EXPLANACIONES,Terraplenes (solo conformación),UF2,3702,tm2 pk 30+500 - 31+942,30500,31942,TOPOGRAFIA,13,m3,462,1,1.3,355.38461538461536,,xls-551
2025-10-24,89,TIERRAS,3702.02.11,TRANSPORTE EXPLANACIONES,Transporte de la excavación de la explanación distancias mayores de mil metros (1000 m),UF2,3702,tm2 pk 30+500 - 31+942,30500,31942,CAMPO,13,m3-km,355.38,1,1,355.38,,xls-552
2025-10-24,13,TIERRAS,3701.02.07,EXPLANACIONES,Terraplenes (solo conformación),UF1,3701,tm2 pk 24+800 - 25+530,24800,25530,TOPOGRAFIA,13,m3,280,1,1.3,215.3846153846154,,xls-553
2025-10-24,17,TIERRAS,3701.02.11,TRANSPORTE EXPLANACIONES,Transporte de la excavación de la explanación distancias mayores de mil metros (1000 m),UF1,3701,tm2 pk 24+800 - 25+530,24800,25530,CAMPO,13,m3-km,215.38,1,1,215.38,,xls-554
2025-10-24,18,TIERRAS,3701.03.01,"BASES, SUBBASES Y AFIRMADOS",Subbase Granular,UF1,3701,tm2 pk 12+822 - 14+225,12822,14225,TOPOGRAFIA,13,m3,490,1,1.3,376.9230769230769,,xls-555
2025-10-24,21,TIERRAS,3701.03.02,TRANSPORTE FIRMES,Transporte de subbase granular,UF1,3701,tm2 pk 12+822 - 14+225,12822,14225,CAMPO,13,m3-km,376.92,1,1,376.92,,xls-556
2025-10-24,13,TIERRAS,3701.02.07,EXPLANACIONES,Terraplenes (solo conformación),UF1,3701,tm2 pk 12+822 - 14+225,12822,14225,TOPOGRAFIA,13,m3,546,1,1.3,420,,xls-557
2025-10-24,16,TIERRAS,3701.02.10,TRANSPORTE EXPLANACIONES,Transporte de la excavación entre cien metros (100 m) y mil metros (1.000 m),UF1,3701,tm2 pk 12+822 - 14+225,12822,14225,CAMPO,13,m3-Estación,420,1,1,420,,xls-558
2025-10-24,36,DRENAJES Y ESTRUCTURAS,3701.06.07,DRENAJE TRANSVERSAL,"Concreto clase 14 MPA (solados, estructuras)",UF1,3701,ODT1-023,14312,14312,CAMPO,13,m3,0.5,1,1,0.5,,xls-559
2025-10-24,38,DRENAJES Y ESTRUCTURAS,3701.06.09,DRENAJE TRANSVERSAL,"Concreto clase  28 MPA (encoles, descoles, box, sumideros)",UF1,3701,ODT1-065,24008,24008,CAMPO,13,m3,13,1,1,13,,xls-560
2025-10-24,34,DRENAJES Y ESTRUCTURAS,3701.06.05,DRENAJE TRANSVERSAL,Tubería de Concreto Reforzado de 900mm de diámetro interior (Tipo III),UF1,3701,ODT1-069,25436,25436,CAMPO,13,m,18,1,1,18,,xls-561
2025-10-24,34,DRENAJES Y ESTRUCTURAS,3701.06.05,DRENAJE TRANSVERSAL,Tubería de Concreto Reforzado de 900mm de diámetro interior (Tipo III),UF1,3701,ODT1-023,14312,14312,CAMPO,13,m,17,1,1,17,,xls-562
2025-10-25,36,DRENAJES Y ESTRUCTURAS,3701.06.07,DRENAJE TRANSVERSAL,"Concreto clase 14 MPA (solados, estructuras)",UF1,3701,ODT1-023,14312,14312,CAMPO,13,m3,5,1,1,5,,xls-563
2025-10-25,30,DRENAJES Y ESTRUCTURAS,3701.06.01,DRENAJE TRANSVERSAL,Excavaciones varias sin clasicar,UF1,3701,ODT1-069,25436,25436,CAMPO,13,m3,1,1,1,1,,xls-564
2025-10-27,34,DRENAJES Y ESTRUCTURAS,3701.06.05,DRENAJE TRANSVERSAL,Tubería de Concreto Reforzado de 900mm de diámetro interior (Tipo III),UF1,3701,ODT1-023,14312,14312,CAMPO,13,m,8,1,1,8,,xls-565
2025-10-27,36,DRENAJES Y ESTRUCTURAS,3701.06.07,DRENAJE TRANSVERSAL,"Concreto clase 14 MPA (solados, estructuras)",UF1,3701,ODT1-023,14312,14312,CAMPO,13,m3,3.5,1,1,3.5,,xls-566
2025-10-27,38,DRENAJES Y ESTRUCTURAS,3701.06.09,DRENAJE TRANSVERSAL,"Concreto clase  28 MPA (encoles, descoles, box, sumideros)",UF1,3701,ODT1-032,15147,15147,CAMPO,13,m3,3,1,1,3,,xls-567
2025-10-27,33,DRENAJES Y ESTRUCTURAS,3701.06.04,DRENAJE TRANSVERSAL,Acero de refuerzo Fy=420 Mpa.,UF1,3701,ODT1-067,24929,24929,CAMPO,13,kg,300,1,1,300,,xls-568
2025-10-27,30,DRENAJES Y ESTRUCTURAS,3701.06.01,DRENAJE TRANSVERSAL,Excavaciones varias sin clasicar,UF1,3701,ODT1-069,25436,25436,CAMPO,13,m3,6,1,1,6,,xls-569
2025-10-27,36,DRENAJES Y ESTRUCTURAS,3701.06.07,DRENAJE TRANSVERSAL,"Concreto clase 14 MPA (solados, estructuras)",UF1,3701,ODT1-069,25436,25436,CAMPO,13,m3,3.5,1,1,3.5,,xls-570
2025-10-27,32,DRENAJES Y ESTRUCTURAS,3701.06.03,DRENAJE TRANSVERSAL,Material granular drenante,UF1,3701,ODT1-079,28550,28550,CAMPO,13,m3,30,0.4,1,12,,xls-571
2025-10-27,41,DRENAJES Y ESTRUCTURAS,3701.06.12,DRENAJE TRANSVERSAL,Geodrén vial h=1 m con tubería de 100 mm,UF1,3701,ODT1-079,28550,28550,CAMPO,13,m,26.66,1,1,26.66,,xls-572
2025-10-27,42,DRENAJES Y ESTRUCTURAS,3701.06.13,DRENAJE TRANSVERSAL,Geodrén planar h=1 m,UF1,3701,ODT1-079,28550,28550,CAMPO,13,m2,0,1,1,0,,xls-573
2025-10-28,10,TIERRAS,3701.02.05,EXPLANACIONES,Excavaciones en material común APROVECHABLE,UF1,3701,tm2 pk 14+635 - 15+460,14635,15460,TOPOGRAFIA,13,m3,644,1,1.3,495.38461538461536,,xls-574
2025-10-28,13,TIERRAS,3701.02.07,EXPLANACIONES,Terraplenes (solo conformación),UF1,3701,tm2 pk 12+822 - 14+225,12822,14225,TOPOGRAFIA,13,m3,644,1,1.3,495.38461538461536,,xls-575
2025-10-28,16,TIERRAS,3701.02.10,TRANSPORTE EXPLANACIONES,Transporte de la excavación entre cien metros (100 m) y mil metros (1.000 m),UF1,3701,tm2 pk 12+822 - 14+225,12822,14225,CAMPO,13,m3-Estación,495.38,1,1,495.38,,xls-576
2025-10-28,10,TIERRAS,3701.02.05,EXPLANACIONES,Excavaciones en material común APROVECHABLE,UF1,3701,tm2 pk 19+000 - 20+875,19000,20875,TOPOGRAFIA,13,m3,3934,1,1.3,3026.153846153846,,xls-577
2025-10-28,85,TIERRAS,3702.02.07,EXPLANACIONES,Terraplenes (solo conformación),UF2,3702,tm2 pk 30+500 - 31+942,30500,31942,TOPOGRAFIA,13,m3,1036,1,1.3,796.9230769230769,,xls-578
2025-10-28,89,TIERRAS,3702.02.11,TRANSPORTE EXPLANACIONES,Transporte de la excavación de la explanación distancias mayores de mil metros (1000 m),UF2,3702,tm2 pk 30+500 - 31+942,30500,31942,CAMPO,13,m3-km,796.92,1,1,796.92,,xls-579
2025-10-28,13,TIERRAS,3701.02.07,EXPLANACIONES,Terraplenes (solo conformación),UF1,3701,tm2 pk 28+303 - 29+600,28303,29600,TOPOGRAFIA,13,m3,798,1,1.3,613.8461538461538,,xls-580
2025-10-28,17,TIERRAS,3701.02.11,TRANSPORTE EXPLANACIONES,Transporte de la excavación de la explanación distancias mayores de mil metros (1000 m),UF1,3701,tm2 pk 28+303 - 29+600,28303,29600,CAMPO,13,m3-km,613.84,1,1,613.84,,xls-581
2025-10-28,13,TIERRAS,3701.02.07,EXPLANACIONES,Terraplenes (solo conformación),UF1,3701,tm2 pk 24+800 - 25+530,24800,25530,TOPOGRAFIA,13,m3,1834,1,1.3,1410.7692307692307,,xls-582
2025-10-28,17,TIERRAS,3701.02.11,TRANSPORTE EXPLANACIONES,Transporte de la excavación de la explanación distancias mayores de mil metros (1000 m),UF1,3701,tm2 pk 24+800 - 25+530,24800,25530,CAMPO,13,m3-km,1410.76,1,1,1410.76,,xls-583
2025-10-28,30,DRENAJES Y ESTRUCTURAS,3701.06.01,DRENAJE TRANSVERSAL,Excavaciones varias sin clasicar,UF1,3701,ODT1-025,14363,14363,CAMPO,13,m3,156,1,1,156,,xls-584
2025-10-28,33,DRENAJES Y ESTRUCTURAS,3701.06.04,DRENAJE TRANSVERSAL,Acero de refuerzo Fy=420 Mpa.,UF1,3701,ODT1-032,15147,15147,CAMPO,13,kg,130,1,1,130,,xls-585
2025-10-28,38,DRENAJES Y ESTRUCTURAS,3701.06.09,DRENAJE TRANSVERSAL,"Concreto clase  28 MPA (encoles, descoles, box, sumideros)",UF1,3701,ODT1-067,24929,24929,CAMPO,13,m3,10.5,1,1,10.5,,xls-586
2025-10-28,34,DRENAJES Y ESTRUCTURAS,3701.06.05,DRENAJE TRANSVERSAL,Tubería de Concreto Reforzado de 900mm de diámetro interior (Tipo III),UF1,3701,ODT1-069,25436,25436,CAMPO,13,m,12,1,1,12,,xls-587
2025-10-28,32,DRENAJES Y ESTRUCTURAS,3701.06.03,DRENAJE TRANSVERSAL,Material granular drenante,UF1,3701,ODT1-081,28950,28950,CAMPO,13,m3,26,0.4,1,10.4,,xls-588
2025-10-28,41,DRENAJES Y ESTRUCTURAS,3701.06.12,DRENAJE TRANSVERSAL,Geodrén vial h=1 m con tubería de 100 mm,UF1,3701,ODT1-081,28950,28950,CAMPO,13,m,21.38,1,1,21.38,,xls-589
2025-10-29,30,DRENAJES Y ESTRUCTURAS,3701.06.01,DRENAJE TRANSVERSAL,Excavaciones varias sin clasicar,UF1,3701,ODT1-025,14363,14363,CAMPO,13,m3,15,1,1,15,,xls-590
2025-10-29,36,DRENAJES Y ESTRUCTURAS,3701.06.07,DRENAJE TRANSVERSAL,"Concreto clase 14 MPA (solados, estructuras)",UF1,3701,ODT1-025,14363,14363,CAMPO,13,m3,4,1,1,4,,xls-591
2025-10-29,36,DRENAJES Y ESTRUCTURAS,3701.06.07,DRENAJE TRANSVERSAL,"Concreto clase 14 MPA (solados, estructuras)",UF1,3701,ODT1-032,15147,15147,CAMPO,13,m3,0.5,1,1,0.5,,xls-592
2025-10-29,36,DRENAJES Y ESTRUCTURAS,3701.06.07,DRENAJE TRANSVERSAL,"Concreto clase 14 MPA (solados, estructuras)",UF1,3701,ODT1-069,25436,25436,CAMPO,13,m3,2.6,1,1,2.6,,xls-593
2025-10-29,30,DRENAJES Y ESTRUCTURAS,3701.06.01,DRENAJE TRANSVERSAL,Excavaciones varias sin clasicar,UF1,3701,ODT1-069,25436,25436,CAMPO,13,m3,1.5,1,1,1.5,,xls-594
2025-10-29,33,DRENAJES Y ESTRUCTURAS,3701.06.04,DRENAJE TRANSVERSAL,Acero de refuerzo Fy=420 Mpa.,UF1,3701,ODT1-069,25436,25436,CAMPO,13,kg,200,1,1,200,,xls-595
2025-10-29,42,DRENAJES Y ESTRUCTURAS,3701.06.13,DRENAJE TRANSVERSAL,Geodrén planar h=1 m,UF1,3701,ODT1-081,28950,28950,CAMPO,13,m2,0,1,1,0,,xls-596
2025-10-29,10,TIERRAS,3701.02.05,EXPLANACIONES,Excavaciones en material común APROVECHABLE,UF1,3701,tm2 pk 19+000 - 20+875,19000,20875,TOPOGRAFIA,13,m3,3304,1,1.3,2541.5384615384614,,xls-597
2025-10-29,85,TIERRAS,3702.02.07,EXPLANACIONES,Terraplenes (solo conformación),UF2,3702,tm2 pk 30+500 - 31+942,30500,31942,TOPOGRAFIA,13,m3,770,1,1.3,592.3076923076923,,xls-598
2025-10-29,89,TIERRAS,3702.02.11,TRANSPORTE EXPLANACIONES,Transporte de la excavación de la explanación distancias mayores de mil metros (1000 m),UF2,3702,tm2 pk 30+500 - 31+942,30500,31942,CAMPO,13,m3-km,592.3,1,1,592.3,,xls-599
2025-10-29,13,TIERRAS,3701.02.07,EXPLANACIONES,Terraplenes (solo conformación),UF1,3701,tm2 pk 28+303 - 29+600,28303,29600,TOPOGRAFIA,13,m3,658,1,1.3,506.15384615384613,,xls-600
2025-10-29,17,TIERRAS,3701.02.11,TRANSPORTE EXPLANACIONES,Transporte de la excavación de la explanación distancias mayores de mil metros (1000 m),UF1,3701,tm2 pk 28+303 - 29+600,28303,29600,CAMPO,13,m3-km,506.15,1,1,506.15,,xls-601
2025-10-29,13,TIERRAS,3701.02.07,EXPLANACIONES,Terraplenes (solo conformación),UF1,3701,tm2 pk 24+800 - 25+530,24800,25530,TOPOGRAFIA,13,m3,994,1,1.3,764.6153846153846,,xls-602
2025-10-29,17,TIERRAS,3701.02.11,TRANSPORTE EXPLANACIONES,Transporte de la excavación de la explanación distancias mayores de mil metros (1000 m),UF1,3701,tm2 pk 24+800 - 25+530,24800,25530,CAMPO,13,m3-km,764.61,1,1,764.61,,xls-603
2025-10-29,13,TIERRAS,3701.02.07,EXPLANACIONES,Terraplenes (solo conformación),UF1,3701,tm2 pk 12+822 - 14+225,12822,14225,TOPOGRAFIA,13,m3,686,1,1.3,527.6923076923076,,xls-604
2025-10-29,17,TIERRAS,3701.02.11,TRANSPORTE EXPLANACIONES,Transporte de la excavación de la explanación distancias mayores de mil metros (1000 m),UF1,3701,tm2 pk 12+822 - 14+225,12822,14225,CAMPO,13,m3-km,527.69,1,1,527.69,,xls-605
2025-10-29,18,TIERRAS,3701.03.01,"BASES, SUBBASES Y AFIRMADOS",Subbase Granular,UF1,3701,tm2 pk 12+822 - 14+225,12822,14225,TOPOGRAFIA,13,m3,448,1,1.3,344.6153846153846,,xls-606
2025-10-29,21,TIERRAS,3701.03.02,TRANSPORTE FIRMES,Transporte de subbase granular,UF1,3701,tm2 pk 12+822 - 14+225,12822,14225,CAMPO,13,m3-km,344.61,1,1,344.61,,xls-607
2025-10-30,2,DRENAJES Y ESTRUCTURAS,3701.01.02,DEMOLICIONES Y REUBICACIONES,Demolición de Estructuras,UF1,3701,ODT1-025,14363,14363,CAMPO,13,m3,3.7,1,1,3.7,,xls-608
2025-10-30,59,DRENAJES Y ESTRUCTURAS,3701.07.01,DRENAJE LONGITUDINAL,Excavaciones varias sin clasicar ODL,UF1,3701,tm2 pk 14+635 - 15+460,14635,15460,CAMPO,13,m3,6,1,1,6,cunetas de berma,xls-609
2025-10-30,33,DRENAJES Y ESTRUCTURAS,3701.06.04,DRENAJE TRANSVERSAL,Acero de refuerzo Fy=420 Mpa.,UF1,3701,ODT1-032,15147,15147,CAMPO,13,kg,186,1,1,186,,xls-610
2025-10-30,33,DRENAJES Y ESTRUCTURAS,3701.06.04,DRENAJE TRANSVERSAL,Acero de refuerzo Fy=420 Mpa.,UF1,3701,ODT1-067,24929,24929,CAMPO,13,kg,1200,1,1,1200,,xls-611
2025-10-30,33,DRENAJES Y ESTRUCTURAS,3701.06.04,DRENAJE TRANSVERSAL,Acero de refuerzo Fy=420 Mpa.,UF1,3701,ODT1-069,25436,25436,CAMPO,13,kg,250,1,1,250,,xls-612
2025-10-30,38,DRENAJES Y ESTRUCTURAS,3701.06.09,DRENAJE TRANSVERSAL,"Concreto clase  28 MPA (encoles, descoles, box, sumideros)",UF1,3701,ODT1-032,15147,15147,CAMPO,13,m3,2.5,1,1,2.5,,xls-613
2025-10-30,38,DRENAJES Y ESTRUCTURAS,3701.06.09,DRENAJE TRANSVERSAL,"Concreto clase  28 MPA (encoles, descoles, box, sumideros)",UF1,3701,ODT1-069,25436,25436,CAMPO,13,m3,5,1,1,5,,xls-614
2025-10-30,36,DRENAJES Y ESTRUCTURAS,3701.06.07,DRENAJE TRANSVERSAL,"Concreto clase 14 MPA (solados, estructuras)",UF1,3701,ODT1-069,25436,25436,CAMPO,13,m3,2.5,1,1,2.5,,xls-615
2025-10-30,10,TIERRAS,3701.02.05,EXPLANACIONES,Excavaciones en material común NO APROVECHABLE,UF1,3701,tm2 pk 19+000 - 20+875,19000,20875,TOPOGRAFIA,13,m3,784,1,1.3,603.0769230769231,descapote,xls-616
2025-10-30,10,TIERRAS,3701.02.05,EXPLANACIONES,Excavaciones en material común APROVECHABLE,UF1,3701,tm2 pk 19+000 - 20+875,19000,20875,TOPOGRAFIA,13,m3,574,1,1.3,441.53846153846155,,xls-617
2025-10-30,10,TIERRAS,3701.02.05,EXPLANACIONES,Excavaciones en material común APROVECHABLE,UF1,3701,tm2 pk 14+635 - 15+460,14635,15460,TOPOGRAFIA,13,m3,630,1,1.3,484.6153846153846,,xls-618
2025-10-30,10,TIERRAS,3701.02.05,EXPLANACIONES,Excavaciones en material común NO APROVECHABLE,UF1,3701,tm2 pk 24+800 - 25+530,24800,25530,TOPOGRAFIA,13,m3,434,1,1.3,333.8461538461538,descapote,xls-619
2025-10-30,13,TIERRAS,3701.02.07,EXPLANACIONES,Terraplenes (solo conformación),UF1,3701,tm2 pk 28+303 - 29+600,28303,29600,TOPOGRAFIA,13,m3,574,1,1.3,441.53846153846155,,xls-620
2025-10-30,17,TIERRAS,3701.02.11,TRANSPORTE EXPLANACIONES,Transporte de la excavación de la explanación distancias mayores de mil metros (1000 m),UF1,3701,tm2 pk 28+303 - 29+600,28303,29600,CAMPO,13,m3-km,441.53,1,1,441.53,,xls-621
2025-10-30,13,TIERRAS,3701.02.07,EXPLANACIONES,Terraplenes (solo conformación),UF1,3701,tm2 pk 12+822 - 14+225,12822,14225,TOPOGRAFIA,13,m3,630,1,1.3,484.6153846153846,,xls-622
2025-10-30,16,TIERRAS,3701.02.10,TRANSPORTE EXPLANACIONES,Transporte de la excavación entre cien metros (100 m) y mil metros (1.000 m),UF1,3701,tm2 pk 12+822 - 14+225,12822,14225,CAMPO,13,m3-Estación,484.61,1,1,484.61,,xls-623
2025-10-30,14,TIERRAS,3701.02.08,EXPLANACIONES,Conformación y disposición de sobrantes (incluye obras de adecuación),UF1,3701,RCD 15+800,15800,15800,TOPOGRAFIA,13,m3,434,1,1.8,241.11111111111111,,xls-624
2025-10-30,86,TIERRAS,3702.02.08,EXPLANACIONES,Conformación y disposición de sobrantes (incluye obras de adecuación),UF2,3702,ZODME PK30,30000,30000,TOPOGRAFIA,13,m3,784,1,1.8,435.55555555555554,,xls-625
2025-10-31,30,DRENAJES Y ESTRUCTURAS,3701.06.01,DRENAJE TRANSVERSAL,Excavaciones varias sin clasicar,UF1,3701,ODT1-023,14312,14312,CAMPO,13,m3,1,1,1,1,,xls-626
2025-10-31,33,DRENAJES Y ESTRUCTURAS,3701.06.04,DRENAJE TRANSVERSAL,Acero de refuerzo Fy=420 Mpa.,UF1,3701,ODT1-023,14312,14312,CAMPO,13,kg,100,1,1,100,,xls-627
2025-10-31,2,DRENAJES Y ESTRUCTURAS,3701.01.02,DEMOLICIONES Y REUBICACIONES,Demolición de Estructuras,UF1,3701,ODT1-025,14363,14363,CAMPO,13,m3,0.6,1,1,0.6,,xls-628
2025-10-31,59,DRENAJES Y ESTRUCTURAS,3701.07.01,DRENAJE LONGITUDINAL,Excavaciones varias sin clasicar ODL,UF1,3701,tm2 pk 14+635 - 15+460,14635,15460,CAMPO,13,m3,7.8,1,1,7.8,cunetas de berma,xls-629
2025-10-31,33,DRENAJES Y ESTRUCTURAS,3701.06.04,DRENAJE TRANSVERSAL,Acero de refuerzo Fy=420 Mpa.,UF1,3701,ODT1-032,15147,15147,CAMPO,13,kg,162,1,1,162,,xls-630
2025-10-31,38,DRENAJES Y ESTRUCTURAS,3701.06.09,DRENAJE TRANSVERSAL,"Concreto clase  28 MPA (encoles, descoles, box, sumideros)",UF1,3701,ODT1-067,24929,24929,CAMPO,13,m3,18,1,1,18,,xls-631
2025-10-31,30,DRENAJES Y ESTRUCTURAS,3701.06.01,DRENAJE TRANSVERSAL,Excavaciones varias sin clasicar,UF1,3701,ODT1-069,25436,25436,CAMPO,13,m3,1,1,1,1,,xls-632
2025-10-31,36,DRENAJES Y ESTRUCTURAS,3701.06.07,DRENAJE TRANSVERSAL,"Concreto clase 14 MPA (solados, estructuras)",UF1,3701,ODT1-083,29600,29600,CAMPO,13,m3,5,1,1,5,,xls-633
2025-10-31,10,TIERRAS,3701.02.05,EXPLANACIONES,Excavaciones en material común APROVECHABLE,UF1,3701,tm2 pk 19+000 - 20+875,19000,20875,TOPOGRAFIA,13,m3,3458,1,1.3,2660,,xls-634
2025-10-31,85,TIERRAS,3702.02.07,EXPLANACIONES,Terraplenes (solo conformación),UF2,3702,tm2 pk 30+500 - 31+942,30500,31942,TOPOGRAFIA,13,m3,448,1,1.3,344.6153846153846,,xls-635
2025-10-31,89,TIERRAS,3702.02.11,TRANSPORTE EXPLANACIONES,Transporte de la excavación de la explanación distancias mayores de mil metros (1000 m),UF2,3702,tm2 pk 30+500 - 31+942,30500,31942,CAMPO,13,m3-km,344.61,1,1,344.61,,xls-636
2025-10-31,13,TIERRAS,3701.02.07,EXPLANACIONES,Terraplenes (solo conformación),UF1,3701,tm2 pk 28+303 - 29+600,28303,29600,TOPOGRAFIA,13,m3,1008,1,1.3,775.3846153846154,,xls-637
2025-10-31,17,TIERRAS,3701.02.11,TRANSPORTE EXPLANACIONES,Transporte de la excavación de la explanación distancias mayores de mil metros (1000 m),UF1,3701,tm2 pk 28+303 - 29+600,28303,29600,CAMPO,13,m3-km,775.38,1,1,775.38,,xls-638
2025-10-31,13,TIERRAS,3701.02.07,EXPLANACIONES,Terraplenes (solo conformación),UF1,3701,tm2 pk 24+800 - 25+530,24800,25530,TOPOGRAFIA,13,m3,1358,1,1.3,1044.6153846153845,,xls-639
2025-10-31,17,TIERRAS,3701.02.11,TRANSPORTE EXPLANACIONES,Transporte de la excavación de la explanación distancias mayores de mil metros (1000 m),UF1,3701,tm2 pk 24+800 - 25+530,24800,25530,CAMPO,13,m3-km,1044.61,1,1,1044.61,,xls-640
2025-10-31,13,TIERRAS,3701.02.07,EXPLANACIONES,Terraplenes (solo conformación),UF1,3701,tm2 pk 12+822 - 14+225,12822,14225,TOPOGRAFIA,13,m3,560,1,1.3,430.7692307692308,,xls-641
2025-10-31,14,TIERRAS,3701.02.08,EXPLANACIONES,Conformación y disposición de sobrantes (incluye obras de adecuación),UF1,3701,RCD 15+800,15800,15800,TOPOGRAFIA,13,m3,644,1,1.8,357.77777777777777,,xls-642
2025-11-01,10,TIERRAS,3701.02.05,EXPLANACIONES,Excavaciones en material común APROVECHABLE,UF1,3701,tm2 pk 19+000 - 20+875,19000,20875,CAMPO,13,m3,1834,1,1.3,1410.7692307692307,,xls-643
2025-11-01,13,TIERRAS,3701.02.07,EXPLANACIONES,Terraplenes (solo conformación),UF1,3701,tm2 pk 24+800 - 25+530,24800,25530,TOPOGRAFIA,13,m3,1484,1,1.3,1141.5384615384614,,xls-644
2025-11-01,17,TIERRAS,3701.02.11,TRANSPORTE EXPLANACIONES,Transporte de la excavación de la explanación distancias mayores de mil metros (1000 m),UF1,3701,tm2 pk 24+800 - 25+530,24800,25530,CAMPO,13,m3-km,1141.53,1,1,1141.53,,xls-645
2025-11-01,13,TIERRAS,3701.02.07,EXPLANACIONES,Terraplenes (solo conformación),UF1,3701,tm2 pk 12+822 - 14+225,12822,14225,TOPOGRAFIA,13,m3,294,1,1.3,226.15384615384613,,xls-646
2025-11-01,17,TIERRAS,3701.02.11,TRANSPORTE EXPLANACIONES,Transporte de la excavación de la explanación distancias mayores de mil metros (1000 m),UF1,3701,tm2 pk 12+822 - 14+225,12822,14225,CAMPO,13,m3-km,226.15,1,1,226.15,,xls-647
2025-11-01,14,TIERRAS,3701.02.08,EXPLANACIONES,Conformación y disposición de sobrantes (incluye obras de adecuación),UF1,3701,RCD 15+800,15800,15800,TOPOGRAFIA,13,m3,490,1,1.8,272.22222222222223,,xls-648
2025-11-01,33,DRENAJES Y ESTRUCTURAS,3701.06.04,DRENAJE TRANSVERSAL,Acero de refuerzo Fy=420 Mpa.,UF1,3701,ODT1-023,14312,14312,CAMPO,13,kg,120,1,1,120,,xls-649
2025-11-01,36,DRENAJES Y ESTRUCTURAS,3701.06.07,DRENAJE TRANSVERSAL,"Concreto clase 14 MPA (solados, estructuras)",UF1,3701,ODT1-025,14363,14363,CAMPO,13,m3,5.5,1,1,5.5,,xls-650
2025-11-01,59,DRENAJES Y ESTRUCTURAS,3701.07.01,DRENAJE LONGITUDINAL,Excavaciones varias sin clasicar ODL,UF1,3701,tm2 pk 14+635 - 15+460,14635,15460,CAMPO,13,m3,4.5,1,1,4.5,cunetas de berma,xls-651
2025-11-01,33,DRENAJES Y ESTRUCTURAS,3701.06.04,DRENAJE TRANSVERSAL,Acero de refuerzo Fy=420 Mpa.,UF1,3701,ODT1-032,15147,15147,CAMPO,13,kg,100,1,1,100,,xls-652
2025-11-01,36,DRENAJES Y ESTRUCTURAS,3701.06.07,DRENAJE TRANSVERSAL,"Concreto clase 14 MPA (solados, estructuras)",UF1,3701,ODT1-069,25436,25436,CAMPO,13,m3,0.7,1,1,0.7,,xls-653
2025-11-01,33,DRENAJES Y ESTRUCTURAS,3701.06.04,DRENAJE TRANSVERSAL,Acero de refuerzo Fy=420 Mpa.,UF1,3701,ODT1-069,25436,25436,CAMPO,13,kg,100,1,1,100,,xls-654
2025-11-01,36,DRENAJES Y ESTRUCTURAS,3701.06.07,DRENAJE TRANSVERSAL,"Concreto clase 14 MPA (solados, estructuras)",UF1,3701,ODT1-069,25436,25436,CAMPO,13,m3,1.3,1,1,1.3,,xls-655
2025-11-04,33,DRENAJES Y ESTRUCTURAS,3701.06.04,DRENAJE TRANSVERSAL,Acero de refuerzo Fy=420 Mpa.,UF1,3701,ODT1-023,14312,14312,CAMPO,13,kg,280,1,1,280,,xls-656
2025-11-04,38,DRENAJES Y ESTRUCTURAS,3701.06.09,DRENAJE TRANSVERSAL,"Concreto clase  28 MPA (encoles, descoles, box, sumideros)",UF1,3701,ODT1-023,14312,14312,CAMPO,13,m3,3.5,1,1,3.5,,xls-657
2025-11-04,59,DRENAJES Y ESTRUCTURAS,3701.07.01,DRENAJE LONGITUDINAL,Excavaciones varias sin clasicar ODL,UF1,3701,tm2 pk 14+635 - 15+460,14635,15460,CAMPO,13,m3,6,1,1,6,cunetas de berma,xls-658
2025-11-04,33,DRENAJES Y ESTRUCTURAS,3701.06.04,DRENAJE TRANSVERSAL,Acero de refuerzo Fy=420 Mpa.,UF1,3701,ODT1-032,15147,15147,CAMPO,13,kg,50,1,1,50,,xls-659
2025-11-04,32,DRENAJES Y ESTRUCTURAS,3701.06.03,DRENAJE TRANSVERSAL,Material granular drenante,UF1,3701,ODT1-067,24929,24929,CAMPO,13,m3,40,0.4,1,16,,xls-660
2025-11-04,41,DRENAJES Y ESTRUCTURAS,3701.06.12,DRENAJE TRANSVERSAL,Geodrén vial h=1 m con tubería de 100 mm,UF1,3701,ODT1-067,24929,24929,CAMPO,13,m,36.14,1,1,36.14,,xls-661
2025-11-04,33,DRENAJES Y ESTRUCTURAS,3701.06.04,DRENAJE TRANSVERSAL,Acero de refuerzo Fy=420 Mpa.,UF1,3701,ODT1-069,25436,25436,CAMPO,13,kg,250,1,1,250,,xls-662
2025-11-04,30,DRENAJES Y ESTRUCTURAS,3701.06.01,DRENAJE TRANSVERSAL,Excavaciones varias sin clasicar,UF1,3701,ODT1-069,25436,25436,CAMPO,13,m3,0.8,1,1,0.8,,xls-663
2025-11-04,10,TIERRAS,3701.02.05,EXPLANACIONES,Excavaciones en material común NO APROVECHABLE,UF1,3701,tm2 pk 28+303 - 29+600,28303,29600,CAMPO,13,m3,518,1,1.3,398.46153846153845,saneo de subrazante,xls-664
2025-11-05,6,TIERRAS,3701.02.01,EXPLANACIONES,Desmonte y limpieza en bosque,UF1,3701,tm2 pk 24+800 - 25+530,24800,25530,CAMPO,13,Ha,0.5,1,1,0.5,,xls-665
2025-11-05,10,TIERRAS,3701.02.05,EXPLANACIONES,Excavaciones en material común NO APROVECHABLE,UF1,3701,tm2 pk 24+800 - 25+530,24800,25530,CAMPO,13,m3,2608,1,1,2608,descapote,xls-666
2025-11-05,6,TIERRAS,3701.02.01,EXPLANACIONES,Desmonte y limpieza en bosque,UF1,3701,tm2 pk 28+303 - 29+600,28303,29600,CAMPO,13,Ha,0.45,1,1,0.45,,xls-667
2025-11-05,10,TIERRAS,3701.02.05,EXPLANACIONES,Excavaciones en material común NO APROVECHABLE,UF1,3701,tm2 pk 28+303 - 29+600,28303,29600,CAMPO,13,m3,173.5,1,1,173.5,SANEO,xls-668
2025-11-05,6,TIERRAS,3701.02.01,EXPLANACIONES,Desmonte y limpieza en bosque,UF1,3701,tm2 pk 28+303 - 29+600,28303,29600,CAMPO,13,Ha,0.12,1,1,0.12,,xls-669
2025-11-04,6,TIERRAS,3701.02.01,EXPLANACIONES,Desmonte y limpieza en bosque,UF1,3701,tm2 pk 23+820 - 24+800,23820,24800,CAMPO,13,Ha,0.53,1,1,0.53,,xls-670
2025-11-04,10,TIERRAS,3701.02.05,EXPLANACIONES,Excavaciones en material común NO APROVECHABLE,UF1,3701,tm2 pk 23+820 - 24+800,23820,24800,CAMPO,13,m3,405,1,1,405,SANEO,xls-671
2025-11-05,33,DRENAJES Y ESTRUCTURAS,3701.06.04,DRENAJE TRANSVERSAL,Acero de refuerzo Fy=420 Mpa.,UF1,3701,ODT1-023,14312,14312,CAMPO,13,kg,80,1,1,80,,xls-672
2025-11-05,59,DRENAJES Y ESTRUCTURAS,3701.07.01,DRENAJE LONGITUDINAL,Excavaciones varias sin clasicar ODL,UF1,3701,tm2 pk 14+635 - 15+460,14635,15460,CAMPO,13,m3,9,1,1,9,cunetas de berma,xls-673
2025-11-05,42,DRENAJES Y ESTRUCTURAS,3701.06.13,DRENAJE TRANSVERSAL,Geodrén planar h=1 m,UF1,3701,ODT1-067,24929,24929,CAMPO,13,m2,0,1,1,0,,xls-674
2025-11-05,33,DRENAJES Y ESTRUCTURAS,3701.06.04,DRENAJE TRANSVERSAL,Acero de refuerzo Fy=420 Mpa.,UF1,3701,ODT1-069,25436,25436,CAMPO,13,kg,100,1,1,100,,xls-675
2025-11-05,38,DRENAJES Y ESTRUCTURAS,3701.06.09,DRENAJE TRANSVERSAL,"Concreto clase  28 MPA (encoles, descoles, box, sumideros)",UF1,3701,ODT1-069,25436,25436,CAMPO,13,m3,4.5,1,1,4.5,,xls-676
2025-11-01,18,TIERRAS,3701.03.01,"BASES, SUBBASES Y AFIRMADOS",Subbase Granular,UF1,3701,tm2 pk 12+822 - 14+225,12822,14225,TOPOGRAFIA,13,m3,490,1,1.3,376.9230769230769,,xls-677
2025-11-01,21,TIERRAS,3701.03.02,TRANSPORTE FIRMES,Transporte de subbase granular,UF1,3701,tm2 pk 12+822 - 14+225,12822,14225,CAMPO,13,m3-km,376.92,1,1,376.92,,xls-678
2025-11-05,18,TIERRAS,3701.03.01,"BASES, SUBBASES Y AFIRMADOS",Subbase Granular,UF1,3701,tm2 pk 12+822 - 14+225,12822,14225,TOPOGRAFIA,13,m3,210,1,1.3,161.53846153846152,,xls-679
2025-11-05,21,TIERRAS,3701.03.02,TRANSPORTE FIRMES,Transporte de subbase granular,UF1,3701,tm2 pk 12+822 - 14+225,12822,14225,CAMPO,13,m3-km,161.53,1,1,161.53,,xls-680
2025-11-06,59,DRENAJES Y ESTRUCTURAS,3701.07.01,DRENAJE LONGITUDINAL,Excavaciones varias sin clasicar ODL,UF1,3701,tm2 pk 14+635 - 15+460,14635,15460,CAMPO,13,m3,9,1,1,9,cunetas de berma,xls-681
2025-11-06,32,DRENAJES Y ESTRUCTURAS,3701.06.03,DRENAJE TRANSVERSAL,Material granular drenante,UF1,3701,ODT1-065,24008,24008,CAMPO,13,m3,30,0.4,1,12,,xls-682
2025-11-06,41,DRENAJES Y ESTRUCTURAS,3701.06.12,DRENAJE TRANSVERSAL,Geodrén vial h=1 m con tubería de 100 mm,UF1,3701,ODT1-065,24008,24008,CAMPO,13,m,25.3,1,1,25.3,,xls-683
2025-11-06,42,DRENAJES Y ESTRUCTURAS,3701.06.13,DRENAJE TRANSVERSAL,Geodrén planar h=1 m,UF1,3701,ODT1-065,24008,24008,CAMPO,13,m2,0,1,1,0,,xls-684
2025-11-06,33,DRENAJES Y ESTRUCTURAS,3701.06.04,DRENAJE TRANSVERSAL,Acero de refuerzo Fy=420 Mpa.,UF1,3701,ODT1-069,25436,25436,CAMPO,13,kg,40,1,1,40,,xls-685
2025-11-06,38,DRENAJES Y ESTRUCTURAS,3701.06.09,DRENAJE TRANSVERSAL,"Concreto clase  28 MPA (encoles, descoles, box, sumideros)",UF1,3701,ODT1-069,25436,25436,CAMPO,13,m3,3.5,1,1,3.5,,xls-686
2025-11-06,14,TIERRAS,3701.02.08,EXPLANACIONES,Conformación y disposición de sobrantes (incluye obras de adecuación),UF1,3701,RCD 15+800,15800,15800,CAMPO,13,m3,1218,1,1.8,676.6666666666666,,xls-687
2025-11-06,10,TIERRAS,3701.02.05,EXPLANACIONES,Excavaciones en material común NO APROVECHABLE,UF1,3701,tm2 pk 28+303 - 29+600,28303,29600,CAMPO,13,m3,602,1,1.3,463.07692307692304,descapote,xls-688
2025-11-06,10,TIERRAS,3701.02.05,EXPLANACIONES,Excavaciones en material común APROVECHABLE,UF1,3701,tm2 pk 19+000 - 20+875,19000,20875,CAMPO,13,m3,252,1,1.3,193.84615384615384,,xls-689
2025-11-06,85,TIERRAS,3702.02.07,EXPLANACIONES,Terraplenes (solo conformación),UF2,3702,tm2 pk 30+500 - 31+942,30500,31942,CAMPO,13,m3,84,1,1.3,64.61538461538461,,xls-690
2025-11-06,13,TIERRAS,3701.02.07,EXPLANACIONES,Terraplenes (solo conformación),UF1,3701,tm2 pk 24+800 - 25+530,24800,25530,CAMPO,13,m3,168,1,1.3,129.23076923076923,,xls-691
2025-11-07,10,TIERRAS,3701.02.05,EXPLANACIONES,Excavaciones en material común APROVECHABLE,UF1,3701,tm2 pk 19+000 - 20+875,19000,20875,CAMPO,13,m3,3716,1,1.3,2858.4615384615386,,xls-692
2025-11-07,13,TIERRAS,3701.02.07,EXPLANACIONES,Terraplenes (solo conformación),UF1,3701,tm2 pk 24+800 - 25+530,24800,25530,CAMPO,13,m3,1204,1,1.3,926.1538461538461,,xls-693
2025-11-07,17,TIERRAS,3701.02.11,TRANSPORTE EXPLANACIONES,Transporte de la excavación de la explanación distancias mayores de mil metros (1000 m),UF1,3701,tm2 pk 24+800 - 25+530,24800,25530,CAMPO,13,m3-km,926.15,1,1,926.15,,xls-694
2025-11-07,13,TIERRAS,3701.02.07,EXPLANACIONES,Terraplenes (solo conformación),UF1,3701,tm2 pk 28+303 - 29+600,28303,29600,CAMPO,13,m3,1014,1,1.3,780,,xls-695
2025-11-07,17,TIERRAS,3701.02.11,TRANSPORTE EXPLANACIONES,Transporte de la excavación de la explanación distancias mayores de mil metros (1000 m),UF1,3701,tm2 pk 28+303 - 29+600,28303,29600,CAMPO,13,m3-km,780,1,1,780,,xls-696
2025-11-07,85,TIERRAS,3702.02.07,EXPLANACIONES,Terraplenes (solo conformación),UF2,3702,tm2 pk 30+500 - 31+942,30500,31942,CAMPO,13,m3,1120,1,1.3,861.5384615384615,,xls-697
2025-11-07,89,TIERRAS,3702.02.11,TRANSPORTE EXPLANACIONES,Transporte de la excavación de la explanación distancias mayores de mil metros (1000 m),UF2,3702,tm2 pk 30+500 - 31+942,30500,31942,CAMPO,13,m3-km,861.53,1,1,861.53,,xls-698
2025-11-07,13,TIERRAS,3701.02.07,EXPLANACIONES,Terraplenes (solo conformación),UF1,3701,tm2 pk 14+635 - 15+460,14635,15460,CAMPO,13,m3,140,1,1.3,107.6923076923077,,xls-699
2025-11-07,17,TIERRAS,3701.02.11,TRANSPORTE EXPLANACIONES,Transporte de la excavación de la explanación distancias mayores de mil metros (1000 m),UF1,3701,tm2 pk 14+635 - 15+460,14635,15460,CAMPO,13,m3-km,107,1,1,107,,xls-700
2025-11-07,14,TIERRAS,3701.02.08,EXPLANACIONES,Conformación y disposición de sobrantes (incluye obras de adecuación),UF1,3701,RCD 15+800,15800,15800,CAMPO,13,m3,672,1,1.8,373.3333333333333,,xls-701
2025-11-07,59,DRENAJES Y ESTRUCTURAS,3701.07.01,DRENAJE LONGITUDINAL,Excavaciones varias sin clasicar ODL,UF1,3701,tm2 pk 14+635 - 15+460,14635,15460,CAMPO,13,m3,9,1,1,9,cunetas de berma,xls-702
2025-11-07,38,DRENAJES Y ESTRUCTURAS,3701.06.09,DRENAJE TRANSVERSAL,"Concreto clase  28 MPA (encoles, descoles, box, sumideros)",UF1,3701,ODT1-032,15147,15147,CAMPO,13,m3,4,1,1,4,,xls-703
2025-11-07,33,DRENAJES Y ESTRUCTURAS,3701.06.04,DRENAJE TRANSVERSAL,Acero de refuerzo Fy=420 Mpa.,UF1,3701,ODT1-069,25436,25436,CAMPO,13,kg,60,1,1,60,,xls-704
2025-11-08,10,TIERRAS,3701.02.05,EXPLANACIONES,Excavaciones en material común APROVECHABLE,UF1,3701,tm2 pk 19+000 - 20+875,19000,20875,CAMPO,13,m3,2562,1,1.3,1970.7692307692307,,xls-705
2025-11-08,13,TIERRAS,3701.02.07,EXPLANACIONES,Terraplenes (solo conformación),UF1,3701,tm2 pk 24+800 - 25+530,24800,25530,CAMPO,13,m3,1456,1,1.3,1120,,xls-706
2025-11-08,17,TIERRAS,3701.02.11,TRANSPORTE EXPLANACIONES,Transporte de la excavación de la explanación distancias mayores de mil metros (1000 m),UF1,3701,tm2 pk 24+800 - 25+530,24800,25530,CAMPO,13,m3-km,1120,1,1,1120,,xls-707
2025-11-08,85,TIERRAS,3702.02.07,EXPLANACIONES,Terraplenes (solo conformación),UF2,3702,tm2 pk 30+500 - 31+942,30500,31942,CAMPO,13,m3,448,1,1.3,344.6153846153846,,xls-708
2025-11-08,89,TIERRAS,3702.02.11,TRANSPORTE EXPLANACIONES,Transporte de la excavación de la explanación distancias mayores de mil metros (1000 m),UF2,3702,tm2 pk 30+500 - 31+942,30500,31942,CAMPO,13,m3-km,344.61,1,1,344.61,,xls-709
2025-11-08,13,TIERRAS,3701.02.07,EXPLANACIONES,Terraplenes (solo conformación),UF1,3701,tm2 pk 14+635 - 15+460,14635,15460,CAMPO,13,m3,322,1,1.3,247.69230769230768,,xls-710
2025-11-08,17,TIERRAS,3701.02.11,TRANSPORTE EXPLANACIONES,Transporte de la excavación de la explanación distancias mayores de mil metros (1000 m),UF1,3701,tm2 pk 14+635 - 15+460,14635,15460,CAMPO,13,m3-km,247.69,1,1,247.69,,xls-711
2025-11-08,14,TIERRAS,3701.02.08,EXPLANACIONES,Conformación y disposición de sobrantes (incluye obras de adecuación),UF1,3701,RCD 15+800,15800,15800,CAMPO,13,m3,420,1,1.8,233.33333333333331,,xls-712
2025-11-08,6,TIERRAS,3701.02.01,EXPLANACIONES,Desmonte y limpieza en bosque,UF1,3701,tm2 pk 20+875 - 22+650,20875,22650,CAMPO,13,Ha,1500,0.0001,1,0.15,,xls-713
2025-11-08,59,DRENAJES Y ESTRUCTURAS,3701.07.01,DRENAJE LONGITUDINAL,Excavaciones varias sin clasicar ODL,UF1,3701,tm2 pk 14+635 - 15+460,14635,15460,CAMPO,13,m3,6,1,1,6,cunetas de berma,xls-714
2025-11-08,33,DRENAJES Y ESTRUCTURAS,3701.06.04,DRENAJE TRANSVERSAL,Acero de refuerzo Fy=420 Mpa.,UF1,3701,ODT1-069,25436,25436,CAMPO,13,kg,90,1,1,90,,xls-715
2025-11-09,10,TIERRAS,3701.02.05,EXPLANACIONES,Excavaciones en material común APROVECHABLE,UF1,3701,tm2 pk 19+000 - 20+875,19000,20875,TOPOGRAFIA,13,m3,2296,1,1.3,1766.1538461538462,,xls-716
2025-11-09,13,TIERRAS,3701.02.07,EXPLANACIONES,Terraplenes (solo conformación),UF1,3701,tm2 pk 14+635 - 15+460,14635,15460,TOPOGRAFIA,13,m3,784,1,1.3,603.0769230769231,,xls-717
2025-11-09,17,TIERRAS,3701.02.11,TRANSPORTE EXPLANACIONES,Transporte de la excavación de la explanación distancias mayores de mil metros (1000 m),UF1,3701,tm2 pk 14+635 - 15+460,14635,15460,CAMPO,13,m3-km,603.07,1,1,603.07,,xls-718
2025-11-09,13,TIERRAS,3701.02.07,EXPLANACIONES,Terraplenes (solo conformación),UF1,3701,tm2 pk 24+800 - 25+530,24800,25530,TOPOGRAFIA,13,m3,980,1,1.3,753.8461538461538,,xls-719
2025-11-09,17,TIERRAS,3701.02.11,TRANSPORTE EXPLANACIONES,Transporte de la excavación de la explanación distancias mayores de mil metros (1000 m),UF1,3701,tm2 pk 24+800 - 25+530,24800,25530,CAMPO,13,m3-km,753.84,1,1,753.84,,xls-720
2025-11-09,85,TIERRAS,3702.02.07,EXPLANACIONES,Terraplenes (solo conformación),UF2,3702,tm2 pk 30+500 - 31+942,30500,31942,TOPOGRAFIA,13,m3,532,1,1.3,409.2307692307692,,xls-721
2025-11-09,89,TIERRAS,3702.02.11,TRANSPORTE EXPLANACIONES,Transporte de la excavación de la explanación distancias mayores de mil metros (1000 m),UF2,3702,tm2 pk 30+500 - 31+942,30500,31942,CAMPO,13,m3-km,409.23,1,1,409.23,,xls-722
2025-11-09,14,TIERRAS,3701.02.08,EXPLANACIONES,Conformación y disposición de sobrantes (incluye obras de adecuación),UF1,3701,RCD 15+800,15800,15800,TOPOGRAFIA,13,m3,826,1,1.8,458.88888888888886,,xls-723
2025-11-09,82,TIERRAS,3702.02.05,EXPLANACIONES,Excavaciones en material común NO APROVECHABLE,UF2,3702,tm2 pk 30+500 - 31+942,30500,31942,TOPOGRAFIA,13,m3,406,1,1.3,312.3076923076923,descapote,xls-724
2025-11-09,6,TIERRAS,3701.02.01,EXPLANACIONES,Desmonte y limpieza en bosque,UF1,3701,tm2 pk 20+875 - 22+650,20875,22650,TOPOGRAFIA,13,Ha,1260,0.0001,1,0.126,,xls-725
2025-11-10,38,DRENAJES Y ESTRUCTURAS,3701.06.09,DRENAJE TRANSVERSAL,"Concreto clase  28 MPA (encoles, descoles, box, sumideros)",UF1,3701,ODT1-023,14312,14312,CAMPO,13,m3,3.5,1,1,3.5,,xls-726
2025-11-10,36,DRENAJES Y ESTRUCTURAS,3701.06.07,DRENAJE TRANSVERSAL,"Concreto clase 14 MPA (solados, estructuras)",UF1,3701,ODT1-025,14363,14363,CAMPO,13,m3,0.5,1,1,0.5,,xls-727
2025-11-10,59,DRENAJES Y ESTRUCTURAS,3701.07.01,DRENAJE LONGITUDINAL,Excavaciones varias sin clasicar ODL,UF1,3701,tm2 pk 14+635 - 15+460,14635,15460,CAMPO,13,m3,6.75,1,1,6.75,cunetas de berma,xls-728
2025-11-10,38,DRENAJES Y ESTRUCTURAS,3701.06.09,DRENAJE TRANSVERSAL,"Concreto clase  28 MPA (encoles, descoles, box, sumideros)",UF1,3701,ODT1-069,25436,25436,CAMPO,13,m3,3.5,1,1,3.5,,xls-729
2025-11-10,10,TIERRAS,3701.02.05,EXPLANACIONES,Excavaciones en material común APROVECHABLE,UF1,3701,tm2 pk 19+000 - 20+875,19000,20875,TOPOGRAFIA,13,m3,1834,1,1.3,1410.7692307692307,,xls-730
2025-11-10,13,TIERRAS,3701.02.07,EXPLANACIONES,Terraplenes (solo conformación),UF1,3701,tm2 pk 14+635 - 15+460,14635,15460,TOPOGRAFIA,13,m3,1022,1,1.3,786.1538461538461,,xls-731
2025-11-10,17,TIERRAS,3701.02.11,TRANSPORTE EXPLANACIONES,Transporte de la excavación de la explanación distancias mayores de mil metros (1000 m),UF1,3701,tm2 pk 14+635 - 15+460,14635,15460,CAMPO,13,m3-km,786.15,1,1,786.15,,xls-732
2025-11-10,13,TIERRAS,3701.02.07,EXPLANACIONES,Terraplenes (solo conformación),UF1,3701,tm2 pk 24+800 - 25+530,24800,25530,TOPOGRAFIA,13,m3,756,1,1.3,581.5384615384615,,xls-733
2025-11-10,17,TIERRAS,3701.02.11,TRANSPORTE EXPLANACIONES,Transporte de la excavación de la explanación distancias mayores de mil metros (1000 m),UF1,3701,tm2 pk 24+800 - 25+530,24800,25530,CAMPO,13,m3-km,581.53,1,1,581.53,,xls-734
2025-11-10,6,TIERRAS,3701.02.01,EXPLANACIONES,Desmonte y limpieza en bosque,UF1,3701,tm2 pk 20+875 - 22+650,20875,22650,TOPOGRAFIA,13,Ha,1500,0.0001,1,0.15,,xls-735
2025-11-10,14,TIERRAS,3701.02.08,EXPLANACIONES,Conformación y disposición de sobrantes (incluye obras de adecuación),UF1,3701,RCD 15+800,15800,15800,TOPOGRAFIA,13,m3,452,1,1.8,251.11111111111111,,xls-736
2025-11-10,18,TIERRAS,3701.03.01,"BASES, SUBBASES Y AFIRMADOS",Subbase Granular,UF1,3701,tm2 pk 14+635 - 15+460,14635,15460,TOPOGRAFIA,13,m3,280,1,1.3,215.3846153846154,,xls-737
2025-11-10,21,TIERRAS,3701.03.02,TRANSPORTE FIRMES,Transporte de subbase granular,UF1,3701,tm2 pk 14+635 - 15+460,14635,15460,CAMPO,13,m3-km,215.38,1,1,215.38,,xls-738
2025-11-11,59,DRENAJES Y ESTRUCTURAS,3701.07.01,DRENAJE LONGITUDINAL,Excavaciones varias sin clasicar ODL,UF1,3701,tm2 pk 14+635 - 15+460,14635,15460,CAMPO,13,m3,3,1,1,3,cunetas de berma,xls-739
2025-11-11,30,DRENAJES Y ESTRUCTURAS,3701.06.01,DRENAJE TRANSVERSAL,Excavaciones varias sin clasicar,UF1,3701,ODT1-038,17047,17047,CAMPO,13,m3,4.5,1,1,4.5,,xls-740
2025-11-11,10,TIERRAS,3701.02.05,EXPLANACIONES,Excavaciones en material común NO APROVECHABLE,UF1,3701,tm2 pk 19+000 - 20+875,19000,20875,TOPOGRAFIA,13,m3,480,1,1.3,369.2307692307692,descapote,xls-741
2025-11-11,6,TIERRAS,3701.02.01,EXPLANACIONES,Desmonte y limpieza en bosque,UF1,3701,tm2 pk 20+875 - 22+650,20875,22650,TOPOGRAFIA,13,Ha,1968,0.0001,1,0.1968,,xls-742
2025-11-12,10,TIERRAS,3701.02.05,EXPLANACIONES,Excavaciones en material común APROVECHABLE,UF1,3701,tm2 pk 19+000 - 20+875,19000,20875,TOPOGRAFIA,13,m3,1274,1,1.3,980,,xls-743
2025-11-12,13,TIERRAS,3701.02.07,EXPLANACIONES,Terraplenes (solo conformación),UF1,3701,tm2 pk 24+800 - 25+530,24800,25530,TOPOGRAFIA,13,m3,1022,1,1.3,786.1538461538461,,xls-744
2025-11-12,17,TIERRAS,3701.02.11,TRANSPORTE EXPLANACIONES,Transporte de la excavación de la explanación distancias mayores de mil metros (1000 m),UF1,3701,tm2 pk 24+800 - 25+530,24800,25530,CAMPO,13,m3-km,786.15,1,1,786.15,,xls-745
2025-11-12,85,TIERRAS,3702.02.07,EXPLANACIONES,Terraplenes (solo conformación),UF2,3702,tm2 pk 30+500 - 31+942,30500,31942,TOPOGRAFIA,13,m3,252,1,1.3,193.84615384615384,,xls-746
2025-11-12,89,TIERRAS,3702.02.11,TRANSPORTE EXPLANACIONES,Transporte de la excavación de la explanación distancias mayores de mil metros (1000 m),UF2,3702,tm2 pk 30+500 - 31+942,30500,31942,CAMPO,13,m3-km,193.84,1,1,193.84,,xls-747
2025-11-12,90,TIERRAS,3702.03.01,"BASES, SUBBASES Y AFIRMADOS",Subbase Granular,UF2,3702,tm2 pk 30+500 - 31+942,30500,31942,TOPOGRAFIA,13,m3,154,1,1.3,118.46153846153845,,xls-748
2025-11-12,93,TIERRAS,3702.03.02,TRANSPORTE FIRMES,Transporte de subbase granular,UF2,3702,tm2 pk 30+500 - 31+942,30500,31942,CAMPO,13,m3-km,118.46,1,1,118.46,,xls-749
2025-11-12,59,DRENAJES Y ESTRUCTURAS,3701.07.01,DRENAJE LONGITUDINAL,Excavaciones varias sin clasicar ODL,UF1,3701,tm2 pk 14+635 - 15+460,14635,15460,CAMPO,13,m3,3,1,1,3,cunetas de berma,xls-750
2025-11-12,36,DRENAJES Y ESTRUCTURAS,3701.06.07,DRENAJE TRANSVERSAL,"Concreto clase 14 MPA (solados, estructuras)",UF1,3701,ODT1-038,17047,17047,CAMPO,13,m3,2,1,1,2,,xls-751
2025-11-12,2,DRENAJES Y ESTRUCTURAS,3701.01.02,DEMOLICIONES Y REUBICACIONES,Demolición de Estructuras,UF1,3701,ODT1-038,17047,17047,CAMPO,13,m3,0.5,1,1,0.5,,xls-752
2025-11-12,33,DRENAJES Y ESTRUCTURAS,3701.06.04,DRENAJE TRANSVERSAL,Acero de refuerzo Fy=420 Mpa.,UF1,3701,ODT1-038,17047,17047,CAMPO,13,kg,150,1,1,150,,xls-753
2025-11-12,33,DRENAJES Y ESTRUCTURAS,3701.06.04,DRENAJE TRANSVERSAL,Acero de refuerzo Fy=420 Mpa.,UF1,3701,ODT1-083,29600,29600,CAMPO,13,kg,1000,1,1,1000,,xls-754
2025-11-13,33,DRENAJES Y ESTRUCTURAS,3701.06.04,DRENAJE TRANSVERSAL,Acero de refuerzo Fy=420 Mpa.,UF1,3701,ODT1-025,14363,14363,CAMPO,13,kg,250,1,1,250,,xls-755
2025-11-13,2,DRENAJES Y ESTRUCTURAS,3701.01.02,DEMOLICIONES Y REUBICACIONES,Demolición de Estructuras,UF1,3701,ODT1-026,14354,14354,CAMPO,13,m3,0.5,1,1,0.5,,xls-756
2025-11-13,38,DRENAJES Y ESTRUCTURAS,3701.06.09,DRENAJE TRANSVERSAL,"Concreto clase  28 MPA (encoles, descoles, box, sumideros)",UF1,3701,ODT1-032,15147,15147,CAMPO,13,m3,2,1,1,2,,xls-757
2025-11-13,33,DRENAJES Y ESTRUCTURAS,3701.06.04,DRENAJE TRANSVERSAL,Acero de refuerzo Fy=420 Mpa.,UF1,3701,ODT1-038,17047,17047,CAMPO,13,kg,300,1,1,300,,xls-758
2025-11-13,30,DRENAJES Y ESTRUCTURAS,3701.06.01,DRENAJE TRANSVERSAL,Excavaciones varias sin clasicar,UF1,3701,ODT1-038,17047,17047,CAMPO,13,m3,2,1,1,2,,xls-759
2025-11-13,30,DRENAJES Y ESTRUCTURAS,3701.06.01,DRENAJE TRANSVERSAL,Excavaciones varias sin clasicar,UF1,3701,ODT1-083,29600,29600,CAMPO,13,m3,0.6,1,1,0.6,,xls-760
2025-11-13,33,DRENAJES Y ESTRUCTURAS,3701.06.04,DRENAJE TRANSVERSAL,Acero de refuerzo Fy=420 Mpa.,UF1,3701,ODT1-083,29600,29600,CAMPO,13,kg,1200,1,1,1200,,xls-761
2025-11-13,10,TIERRAS,3701.02.05,EXPLANACIONES,Excavaciones en material común NO APROVECHABLE,UF1,3701,tm2 pk 19+000 - 20+875,19000,20875,TOPOGRAFIA,13,m3,140,0.3,1.3,32.30769230769231,descapote,xls-762
2025-11-13,14,TIERRAS,3701.02.08,EXPLANACIONES,Conformación y disposición de sobrantes (incluye obras de adecuación),UF1,3701,RCD 15+800,15800,15800,TOPOGRAFIA,13,m3,420,1,1.8,233.33333333333331,,xls-763
2025-11-13,4,TIERRAS,3701.01.04,DEMOLICIONES Y REUBICACIONES,Remoción de cercas de alambre,UF1,3701,tm2 pk 20+875 - 22+650,20875,22650,TOPOGRAFIA,13,m,900,1,1,900,,xls-764
2025-11-13,90,TIERRAS,3702.03.01,"BASES, SUBBASES Y AFIRMADOS",Subbase Granular,UF2,3702,tm2 pk 30+500 - 31+942,30500,31942,TOPOGRAFIA,13,m3,56,1,1.3,43.07692307692307,,xls-765
2025-11-13,93,TIERRAS,3702.03.02,TRANSPORTE FIRMES,Transporte de subbase granular,UF2,3702,tm2 pk 30+500 - 31+942,30500,31942,CAMPO,13,m3-km,43.07,1,1,43.07,,xls-766
2025-11-05,4,TIERRAS,3701.01.04,DEMOLICIONES Y REUBICACIONES,Remoción de cercas de alambre,UF1,3701,tm2 pk 19+000 - 20+875,19000,20875,CAMPO,13,m,730,1,1,730,,xls-767
2025-10-16,4,TIERRAS,3701.01.04,DEMOLICIONES Y REUBICACIONES,Remoción de cercas de alambre,UF1,3701,tm2 pk 12+822 - 14+225,12822,14225,CAMPO,13,m,1100,1,1,1100,,xls-768
2025-11-14,2,DRENAJES Y ESTRUCTURAS,3701.01.02,DEMOLICIONES Y REUBICACIONES,Demolición de Estructuras,UF1,3701,ODT1-026,14354,14354,CAMPO,13,m3,0.5,1,1,0.5,,xls-769
2025-11-14,33,DRENAJES Y ESTRUCTURAS,3701.06.04,DRENAJE TRANSVERSAL,Acero de refuerzo Fy=420 Mpa.,UF1,3701,ODT1-038,17047,17047,CAMPO,13,kg,60,1,1,60,,xls-770
2025-11-14,38,DRENAJES Y ESTRUCTURAS,3701.06.09,DRENAJE TRANSVERSAL,"Concreto clase  28 MPA (encoles, descoles, box, sumideros)",UF1,3701,ODT1-038,17047,17047,CAMPO,13,m3,3.75,1,1,3.75,,xls-771
2025-11-14,30,DRENAJES Y ESTRUCTURAS,3701.06.01,DRENAJE TRANSVERSAL,Excavaciones varias sin clasicar,UF1,3701,ODT1-083,29600,29600,CAMPO,13,m3,0.5,1,1,0.5,,xls-772
2025-11-14,33,DRENAJES Y ESTRUCTURAS,3701.06.04,DRENAJE TRANSVERSAL,Acero de refuerzo Fy=420 Mpa.,UF1,3701,ODT1-083,29600,29600,CAMPO,13,kg,400,1,1,400,,xls-773
2025-11-14,38,DRENAJES Y ESTRUCTURAS,3701.06.09,DRENAJE TRANSVERSAL,"Concreto clase  28 MPA (encoles, descoles, box, sumideros)",UF1,3701,ODT1-083,29600,29600,CAMPO,13,m3,13.3,1,1,13.3,,xls-774
2025-11-14,131,DRENAJES Y ESTRUCTURAS,3702.07.01,DRENAJE LONGITUDINAL,Excavaciones varias sin clasicar ODL,UF2,3702,tm2 pk 30+500 - 31+942,30500,31942,CAMPO,13,m3,1.8,1,1,1.8,zanja de pie terraplen,xls-775
2025-11-15,33,DRENAJES Y ESTRUCTURAS,3701.06.04,DRENAJE TRANSVERSAL,Acero de refuerzo Fy=420 Mpa.,UF1,3701,ODT1-025,14363,14363,CAMPO,13,kg,100,1,1,100,,xls-776
2025-11-15,33,DRENAJES Y ESTRUCTURAS,3701.06.04,DRENAJE TRANSVERSAL,Acero de refuerzo Fy=420 Mpa.,UF1,3701,ODT1-038,17047,17047,CAMPO,13,kg,120,1,1,120,,xls-777
2025-11-15,33,DRENAJES Y ESTRUCTURAS,3701.06.04,DRENAJE TRANSVERSAL,Acero de refuerzo Fy=420 Mpa.,UF1,3701,ODT1-083,29600,29600,CAMPO,13,kg,150,1,1,150,,xls-778
2025-11-15,131,DRENAJES Y ESTRUCTURAS,3702.07.01,DRENAJE LONGITUDINAL,Excavaciones varias sin clasicar ODL,UF2,3702,tm2 pk 30+500 - 31+942,30500,31942,CAMPO,13,m3,1.8,1,1,1.8,,xls-779
2025-11-15,10,TIERRAS,3701.02.05,EXPLANACIONES,Excavaciones en material común APROVECHABLE,UF1,3701,tm2 pk 19+000 - 20+875,19000,20875,TOPOGRAFIA,13,m3,1064,1,1.3,818.4615384615385,,xls-780
2025-11-15,13,TIERRAS,3701.02.07,EXPLANACIONES,Terraplenes (solo conformación),UF1,3701,tm2 pk 24+800 - 25+530,24800,25530,TOPOGRAFIA,13,m3,840,1,1.3,646.1538461538461,,xls-781
2025-11-15,17,TIERRAS,3701.02.11,TRANSPORTE EXPLANACIONES,Transporte de la excavación de la explanación distancias mayores de mil metros (1000 m),UF1,3701,tm2 pk 24+800 - 25+530,24800,25530,CAMPO,13,m3-km,646.15,1,1,646.15,,xls-782
2025-11-15,85,TIERRAS,3702.02.07,EXPLANACIONES,Terraplenes (solo conformación),UF2,3702,tm2 pk 30+500 - 31+942,30500,31942,TOPOGRAFIA,13,m3,224,1,1.3,172.3076923076923,,xls-783
2025-11-15,89,TIERRAS,3702.02.11,TRANSPORTE EXPLANACIONES,Transporte de la excavación de la explanación distancias mayores de mil metros (1000 m),UF2,3702,tm2 pk 30+500 - 31+942,30500,31942,CAMPO,13,m3-km,172.3,1,1,172.3,,xls-784
2025-11-15,14,TIERRAS,3701.02.08,EXPLANACIONES,Conformación y disposición de sobrantes (incluye obras de adecuación),UF1,3701,RCD 15+800,15800,15800,TOPOGRAFIA,13,m3,448,1,1.8,248.88888888888889,,xls-785
2025-11-18,10,TIERRAS,3701.02.05,EXPLANACIONES,Excavaciones en material común APROVECHABLE,UF1,3701,tm2 pk 19+000 - 20+875,19000,20875,TOPOGRAFIA,14,m3,1890,1,1.3,1453.8461538461538,,xls-786
2025-11-18,13,TIERRAS,3701.02.07,EXPLANACIONES,Terraplenes (solo conformación),UF1,3701,tm2 pk 12+822 - 14+225,12822,14225,TOPOGRAFIA,14,m3,1876,1,1.3,1443.076923076923,,xls-787
2025-11-18,17,TIERRAS,3701.02.11,TRANSPORTE EXPLANACIONES,Transporte de la excavación de la explanación distancias mayores de mil metros (1000 m),UF1,3701,tm2 pk 12+822 - 14+225,12822,14225,CAMPO,14,m3-km,1443.07,1,1,1443.07,,xls-788
2025-11-18,14,TIERRAS,3701.02.08,EXPLANACIONES,Conformación y disposición de sobrantes (incluye obras de adecuación),UF1,3701,RCD 15+800,15800,15800,TOPOGRAFIA,14,m3,546,1,1.8,303.3333333333333,,xls-789
2025-11-18,2,DRENAJES Y ESTRUCTURAS,3701.01.02,DEMOLICIONES Y REUBICACIONES,Demolición de Estructuras,UF1,3701,ODT1-026,14354,14354,CAMPO,14,m3,1,1,1,1,,xls-790
2025-11-18,33,DRENAJES Y ESTRUCTURAS,3701.06.04,DRENAJE TRANSVERSAL,Acero de refuerzo Fy=420 Mpa.,UF1,3701,ODT1-025,14363,14363,CAMPO,14,kg,100,1,1,100,,xls-791
2025-11-18,38,DRENAJES Y ESTRUCTURAS,3701.06.09,DRENAJE TRANSVERSAL,"Concreto clase  28 MPA (encoles, descoles, box, sumideros)",UF1,3701,ODT1-038,17047,17047,CAMPO,14,m3,3.7,1,1,3.7,,xls-792
2025-11-18,33,DRENAJES Y ESTRUCTURAS,3701.06.04,DRENAJE TRANSVERSAL,Acero de refuerzo Fy=420 Mpa.,UF1,3701,ODT1-038,17047,17047,CAMPO,14,kg,80,1,1,80,,xls-793
2025-11-18,65,DRENAJES Y ESTRUCTURAS,3701.07.07,DRENAJE LONGITUDINAL,Concreto clase 14 MPA (Cunetas de terraza y coronación),UF1,3701,tm2 pk 14+635 - 15+460,14635,15460,CAMPO,14,m3,2,1,1,2,,xls-794
2025-11-18,30,DRENAJES Y ESTRUCTURAS,3701.06.01,DRENAJE TRANSVERSAL,Excavaciones varias sin clasicar,UF1,3701,ODT1-059,22221,22221,CAMPO,14,m3,98,1,1,98,,xls-795
2025-11-18,33,DRENAJES Y ESTRUCTURAS,3701.06.04,DRENAJE TRANSVERSAL,Acero de refuerzo Fy=420 Mpa.,UF1,3701,ODT1-083,29600,29600,CAMPO,14,kg,410,1,1,410,,xls-796
2025-11-18,131,DRENAJES Y ESTRUCTURAS,3702.07.01,DRENAJE LONGITUDINAL,Excavaciones varias sin clasicar ODL,UF2,3702,tm2 pk 30+500 - 31+942,30500,31942,CAMPO,14,m3,1.8,1,1,1.8,,xls-797
2025-11-19,10,TIERRAS,3701.02.05,EXPLANACIONES,Excavaciones en material común APROVECHABLE,UF1,3701,tm2 pk 19+000 - 20+875,19000,20875,TOPOGRAFIA,14,m3,3066,1,1.3,2358.4615384615386,,xls-798
2025-11-19,85,TIERRAS,3702.02.07,EXPLANACIONES,Terraplenes (solo conformación),UF2,3702,tm2 pk 30+500 - 31+942,30500,31942,TOPOGRAFIA,14,m3,588,1,1.3,452.30769230769226,,xls-799
2025-11-19,89,TIERRAS,3702.02.11,TRANSPORTE EXPLANACIONES,Transporte de la excavación de la explanación distancias mayores de mil metros (1000 m),UF2,3702,tm2 pk 30+500 - 31+942,30500,31942,CAMPO,14,m3-km,452.3,1,1,452.3,,xls-800
2025-11-19,13,TIERRAS,3701.02.07,EXPLANACIONES,Terraplenes (solo conformación),UF1,3701,tm2 pk 28+303 - 29+600,28303,29600,TOPOGRAFIA,14,m3,882,1,1.3,678.4615384615385,,xls-801
2025-11-19,17,TIERRAS,3701.02.11,TRANSPORTE EXPLANACIONES,Transporte de la excavación de la explanación distancias mayores de mil metros (1000 m),UF1,3701,tm2 pk 28+303 - 29+600,28303,29600,CAMPO,14,m3-km,678.46,1,1,678.46,,xls-802
2025-11-19,13,TIERRAS,3701.02.07,EXPLANACIONES,Terraplenes (solo conformación),UF1,3701,tm2 pk 24+800 - 25+530,24800,25530,TOPOGRAFIA,14,m3,1372,1,1.3,1055.3846153846152,,xls-803
2025-11-19,17,TIERRAS,3701.02.11,TRANSPORTE EXPLANACIONES,Transporte de la excavación de la explanación distancias mayores de mil metros (1000 m),UF1,3701,tm2 pk 24+800 - 25+530,24800,25530,CAMPO,14,m3-km,1055.38,1,1,1055.38,,xls-804
2025-11-19,13,TIERRAS,3701.02.07,EXPLANACIONES,Terraplenes (solo conformación),UF1,3701,tm2 pk 14+635 - 15+460,14635,15460,TOPOGRAFIA,14,m3,56,1,1.3,43.07692307692307,,xls-805
2025-11-19,17,TIERRAS,3701.02.11,TRANSPORTE EXPLANACIONES,Transporte de la excavación de la explanación distancias mayores de mil metros (1000 m),UF1,3701,tm2 pk 14+635 - 15+460,14635,15460,CAMPO,14,m3-km,43.07,1,1,43.07,,xls-806
2025-11-19,14,TIERRAS,3701.02.08,EXPLANACIONES,Conformación y disposición de sobrantes (incluye obras de adecuación),UF1,3701,RCD 15+800,15800,15800,TOPOGRAFIA,14,m3,616,1,1.8,342.22222222222223,,xls-807
2025-11-19,18,TIERRAS,3701.03.01,"BASES, SUBBASES Y AFIRMADOS",Subbase Granular,UF1,3701,tm2 pk 14+635 - 15+460,14635,15460,TOPOGRAFIA,14,m3,616,1,1.4,440,,xls-808
2025-11-19,21,TIERRAS,3701.03.02,TRANSPORTE FIRMES,Transporte de subbase granular,UF1,3701,tm2 pk 14+635 - 15+460,14635,15460,CAMPO,14,m3-km,440,1,1,440,,xls-809
2025-11-19,2,DRENAJES Y ESTRUCTURAS,3701.01.02,DEMOLICIONES Y REUBICACIONES,Demolición de Estructuras,UF1,3701,ODT1-026,14354,14354,CAMPO,14,m3,1.5,1,1,1.5,,xls-810
2025-11-19,65,DRENAJES Y ESTRUCTURAS,3701.07.07,DRENAJE LONGITUDINAL,Concreto clase 14 MPA (Cunetas de terraza y coronación),UF1,3701,tm2 pk 14+635 - 15+460,14635,15460,CAMPO,14,m3,3,1,1,3,,xls-811
2025-11-19,30,DRENAJES Y ESTRUCTURAS,3701.06.01,DRENAJE TRANSVERSAL,Excavaciones varias sin clasicar,UF1,3701,ODT1-059,22221,22221,CAMPO,14,m3,30,1,1,30,,xls-812
2025-11-19,36,DRENAJES Y ESTRUCTURAS,3701.06.07,DRENAJE TRANSVERSAL,"Concreto clase 14 MPA (solados, estructuras)",UF1,3701,ODT1-059,22221,22221,CAMPO,14,m3,3.5,1,1,3.5,,xls-813
2025-11-19,30,DRENAJES Y ESTRUCTURAS,3701.06.01,DRENAJE TRANSVERSAL,Excavaciones varias sin clasicar,UF1,3701,ODT1-083,29600,29600,CAMPO,14,m3,12,1,1,12,,xls-814
2025-11-19,33,DRENAJES Y ESTRUCTURAS,3701.06.04,DRENAJE TRANSVERSAL,Acero de refuerzo Fy=420 Mpa.,UF1,3701,ODT1-083,29600,29600,CAMPO,14,kg,400,1,1,400,,xls-815
2025-11-19,36,DRENAJES Y ESTRUCTURAS,3701.06.07,DRENAJE TRANSVERSAL,"Concreto clase 14 MPA (solados, estructuras)",UF1,3701,ODT1-083,29600,29600,CAMPO,14,m3,4,1,1,4,,xls-816
2025-11-19,131,DRENAJES Y ESTRUCTURAS,3702.07.01,DRENAJE LONGITUDINAL,Excavaciones varias sin clasicar ODL,UF2,3702,tm2 pk 30+500 - 31+942,30500,31942,CAMPO,14,m3,1.8,1,1,1.8,,xls-817
2025-11-20,10,TIERRAS,3701.02.05,EXPLANACIONES,Excavaciones en material común APROVECHABLE,UF1,3701,tm2 pk 19+000 - 20+875,19000,20875,TOPOGRAFIA,14,m3,3570,1,1.3,2746.153846153846,,xls-818
2025-11-20,13,TIERRAS,3701.02.07,EXPLANACIONES,Terraplenes (solo conformación),UF1,3701,tm2 pk 28+303 - 29+600,28303,29600,TOPOGRAFIA,14,m3,952,1,1.3,732.3076923076923,,xls-819
2025-11-20,17,TIERRAS,3701.02.11,TRANSPORTE EXPLANACIONES,Transporte de la excavación de la explanación distancias mayores de mil metros (1000 m),UF1,3701,tm2 pk 28+303 - 29+600,28303,29600,CAMPO,14,m3-km,732.3,1,1,732.3,,xls-820
2025-11-20,13,TIERRAS,3701.02.07,EXPLANACIONES,Terraplenes (solo conformación),UF1,3701,tm2 pk 24+800 - 25+530,24800,25530,TOPOGRAFIA,14,m3,1806,1,1.3,1389.2307692307693,,xls-821
2025-11-20,17,TIERRAS,3701.02.11,TRANSPORTE EXPLANACIONES,Transporte de la excavación de la explanación distancias mayores de mil metros (1000 m),UF1,3701,tm2 pk 24+800 - 25+530,24800,25530,CAMPO,14,m3-km,1389.23,1,1,1389.23,,xls-822
2025-11-20,13,TIERRAS,3701.02.07,EXPLANACIONES,Terraplenes (solo conformación),UF1,3701,tm2 pk 12+822 - 14+225,12822,14225,TOPOGRAFIA,14,m3,756,1,1.3,581.5384615384615,,xls-823
2025-11-20,17,TIERRAS,3701.02.11,TRANSPORTE EXPLANACIONES,Transporte de la excavación de la explanación distancias mayores de mil metros (1000 m),UF1,3701,tm2 pk 12+822 - 14+225,12822,14225,CAMPO,14,m3-km,581.53,1,1,581.53,,xls-824
2025-11-20,14,TIERRAS,3701.02.08,EXPLANACIONES,Conformación y disposición de sobrantes (incluye obras de adecuación),UF1,3701,RCD 15+800,15800,15800,TOPOGRAFIA,14,m3,98,1,1.8,54.44444444444444,,xls-825
2025-11-20,33,DRENAJES Y ESTRUCTURAS,3701.06.04,DRENAJE TRANSVERSAL,Acero de refuerzo Fy=420 Mpa.,UF1,3701,ODT1-025,14363,14363,CAMPO,14,kg,1280,1,1,1280,,xls-826
2025-11-20,33,DRENAJES Y ESTRUCTURAS,3701.06.04,DRENAJE TRANSVERSAL,Acero de refuerzo Fy=420 Mpa.,UF1,3701,ODT1-038,17047,17047,CAMPO,14,kg,90,1,1,90,,xls-827
2025-11-20,34,DRENAJES Y ESTRUCTURAS,3701.06.05,DRENAJE TRANSVERSAL,Tubería de Concreto Reforzado de 900mm de diámetro interior (Tipo III),UF1,3701,ODT1-059,22221,22221,CAMPO,14,m,17.5,1,1,17.5,,xls-828
2025-11-20,36,DRENAJES Y ESTRUCTURAS,3701.06.07,DRENAJE TRANSVERSAL,"Concreto clase 14 MPA (solados, estructuras)",UF1,3701,ODT1-059,22221,22221,CAMPO,14,m3,0.5,1,1,0.5,,xls-829
2025-11-20,33,DRENAJES Y ESTRUCTURAS,3701.06.04,DRENAJE TRANSVERSAL,Acero de refuerzo Fy=420 Mpa.,UF1,3701,ODT1-083,29600,29600,CAMPO,14,kg,1050,1,1,1050,,xls-830
2025-11-20,38,DRENAJES Y ESTRUCTURAS,3701.06.09,DRENAJE TRANSVERSAL,"Concreto clase  28 MPA (encoles, descoles, box, sumideros)",UF1,3701,ODT1-083,29600,29600,CAMPO,14,m3,6.5,1,1,6.5,,xls-831
2025-11-21,33,DRENAJES Y ESTRUCTURAS,3701.06.04,DRENAJE TRANSVERSAL,Acero de refuerzo Fy=420 Mpa.,UF1,3701,ODT1-038,17047,17047,CAMPO,14,kg,60,1,1,60,,xls-832
2025-11-21,33,DRENAJES Y ESTRUCTURAS,3701.06.04,DRENAJE TRANSVERSAL,Acero de refuerzo Fy=420 Mpa.,UF1,3701,ODT1-083,29600,29600,CAMPO,14,kg,100,1,1,100,,xls-833
2025-11-22,10,TIERRAS,3701.02.05,EXPLANACIONES,Excavaciones en material común APROVECHABLE,UF1,3701,tm2 pk 19+000 - 20+875,19000,20875,TOPOGRAFIA,14,m3,2198,1,1.3,1690.7692307692307,,xls-834
2025-11-22,13,TIERRAS,3701.02.07,EXPLANACIONES,Terraplenes (solo conformación),UF1,3701,tm2 pk 28+303 - 29+600,28303,29600,TOPOGRAFIA,14,m3,756,1,1.3,581.5384615384615,,xls-835
2025-11-22,17,TIERRAS,3701.02.11,TRANSPORTE EXPLANACIONES,Transporte de la excavación de la explanación distancias mayores de mil metros (1000 m),UF1,3701,tm2 pk 28+303 - 29+600,28303,29600,CAMPO,14,m3-km,581.53,1,1,581.53,,xls-836
2025-11-22,13,TIERRAS,3701.02.07,EXPLANACIONES,Terraplenes (solo conformación),UF1,3701,tm2 pk 24+800 - 25+530,24800,25530,TOPOGRAFIA,14,m3,602,1,1.3,463.07692307692304,,xls-837
2025-11-22,17,TIERRAS,3701.02.11,TRANSPORTE EXPLANACIONES,Transporte de la excavación de la explanación distancias mayores de mil metros (1000 m),UF1,3701,tm2 pk 24+800 - 25+530,24800,25530,CAMPO,14,m3-km,463.07,1,1,463.07,,xls-838
2025-11-22,13,TIERRAS,3701.02.07,EXPLANACIONES,Terraplenes (solo conformación),UF1,3701,tm2 pk 12+822 - 14+225,12822,14225,TOPOGRAFIA,14,m3,420,1,1.3,323.07692307692304,,xls-839
2025-11-22,17,TIERRAS,3701.02.11,TRANSPORTE EXPLANACIONES,Transporte de la excavación de la explanación distancias mayores de mil metros (1000 m),UF1,3701,tm2 pk 12+822 - 14+225,12822,14225,CAMPO,14,m3-km,323.07,1,1,323.07,,xls-840
2025-11-22,13,TIERRAS,3701.02.07,EXPLANACIONES,Terraplenes (solo conformación),UF1,3701,tm2 pk 14+635 - 15+460,14635,15460,TOPOGRAFIA,14,m3,196,1,1.3,150.76923076923077,,xls-841
2025-11-22,17,TIERRAS,3701.02.11,TRANSPORTE EXPLANACIONES,Transporte de la excavación de la explanación distancias mayores de mil metros (1000 m),UF1,3701,tm2 pk 14+635 - 15+460,14635,15460,CAMPO,14,m3-km,150.76,1,1,150.76,,xls-842
2025-11-22,14,TIERRAS,3701.02.08,EXPLANACIONES,Conformación y disposición de sobrantes (incluye obras de adecuación),UF1,3701,RCD 15+800,15800,15800,TOPOGRAFIA,14,m3,140,1,1.8,77.77777777777777,,xls-843
2025-11-23,10,TIERRAS,3701.02.05,EXPLANACIONES,Excavaciones en material común APROVECHABLE,UF1,3701,tm2 pk 19+000 - 20+875,19000,20875,TOPOGRAFIA,14,m3,168,1,1.3,129.23076923076923,,xls-844
2025-11-23,13,TIERRAS,3701.02.07,EXPLANACIONES,Terraplenes (solo conformación),UF1,3701,tm2 pk 14+635 - 15+460,14635,15460,TOPOGRAFIA,14,m3,168,1,1.3,129.23076923076923,,xls-845
2025-11-23,17,TIERRAS,3701.02.11,TRANSPORTE EXPLANACIONES,Transporte de la excavación de la explanación distancias mayores de mil metros (1000 m),UF1,3701,tm2 pk 14+635 - 15+460,14635,15460,CAMPO,14,m3-km,129.23,1,1,129.23,,xls-846
2025-11-24,10,TIERRAS,3701.02.05,EXPLANACIONES,Excavaciones en material común APROVECHABLE,UF1,3701,tm2 pk 19+000 - 20+875,19000,20875,TOPOGRAFIA,14,m3,2478,1,1.3,1906.1538461538462,,xls-847
2025-11-24,13,TIERRAS,3701.02.07,EXPLANACIONES,Terraplenes (solo conformación),UF1,3701,tm2 pk 24+800 - 25+530,24800,25530,TOPOGRAFIA,14,m3,1288,1,1.3,990.7692307692307,,xls-848
2025-11-24,17,TIERRAS,3701.02.11,TRANSPORTE EXPLANACIONES,Transporte de la excavación de la explanación distancias mayores de mil metros (1000 m),UF1,3701,tm2 pk 24+800 - 25+530,24800,25530,CAMPO,14,m3-km,990.76,1,1,990.76,,xls-849
2025-11-24,13,TIERRAS,3701.02.07,EXPLANACIONES,Terraplenes (solo conformación),UF1,3701,tm2 pk 12+822 - 14+225,12822,14225,TOPOGRAFIA,14,m3,924,1,1.3,710.7692307692307,,xls-850
2025-11-24,17,TIERRAS,3701.02.11,TRANSPORTE EXPLANACIONES,Transporte de la excavación de la explanación distancias mayores de mil metros (1000 m),UF1,3701,tm2 pk 12+822 - 14+225,12822,14225,CAMPO,14,m3-km,710.76,1,1,710.76,,xls-851
2025-11-24,10,TIERRAS,3701.02.05,EXPLANACIONES,Excavaciones en material común NO APROVECHABLE,UF1,3701,tm2 pk 19+000 - 20+875,19000,20875,TOPOGRAFIA,14,m3,1456,1,1.3,1120,,xls-852
2025-11-24,10,TIERRAS,3701.02.05,EXPLANACIONES,Excavaciones en material común NO APROVECHABLE,UF1,3701,tm2 pk 24+800 - 25+530,24800,25530,TOPOGRAFIA,14,m3,168,1,1.3,129.23076923076923,,xls-853
2025-11-24,14,TIERRAS,3701.02.08,EXPLANACIONES,Conformación y disposición de sobrantes (incluye obras de adecuación),UF1,3701,RCD 15+800,15800,15800,TOPOGRAFIA,14,m3,1249,1,1.3,960.7692307692307,,xls-854
2025-11-24,17,TIERRAS,3701.02.11,TRANSPORTE EXPLANACIONES,Transporte de la excavación de la explanación distancias mayores de mil metros (1000 m),UF1,3701,RCD 15+800,15800,15800,CAMPO,14,m3-km,1120,1,1,1120,,xls-855
2025-11-24,33,DRENAJES Y ESTRUCTURAS,3701.06.04,DRENAJE TRANSVERSAL,Acero de refuerzo Fy=420 Mpa.,UF1,3701,ODT1-025,14363,14363,CAMPO,14,kg,900,1,1,900,,xls-856
2025-11-24,2,DRENAJES Y ESTRUCTURAS,3701.01.02,DEMOLICIONES Y REUBICACIONES,Demolición de Estructuras,UF1,3701,ODT1-059,22221,22221,CAMPO,14,m3,0.6,1,1,0.6,,xls-857
2025-11-24,36,DRENAJES Y ESTRUCTURAS,3701.06.07,DRENAJE TRANSVERSAL,"Concreto clase 14 MPA (solados, estructuras)",UF1,3701,ODT1-059,22221,22221,CAMPO,14,m3,5.3,1,1,5.3,,xls-858
2025-11-24,38,DRENAJES Y ESTRUCTURAS,3701.06.09,DRENAJE TRANSVERSAL,"Concreto clase  28 MPA (encoles, descoles, box, sumideros)",UF1,3701,ODT1-083,29600,29600,CAMPO,14,m3,4,1,1,4,,xls-859
2025-11-25,10,TIERRAS,3701.02.05,EXPLANACIONES,Excavaciones en material común APROVECHABLE,UF1,3701,tm2 pk 19+000 - 20+875,19000,20875,TOPOGRAFIA,14,m3,2912,1,1.3,2240,,xls-860
2025-11-25,13,TIERRAS,3701.02.07,EXPLANACIONES,Terraplenes (solo conformación),UF1,3701,tm2 pk 12+822 - 14+225,12822,14225,TOPOGRAFIA,14,m3,1484,1,1.3,1141.5384615384614,,xls-861
2025-11-25,17,TIERRAS,3701.02.11,TRANSPORTE EXPLANACIONES,Transporte de la excavación de la explanación distancias mayores de mil metros (1000 m),UF1,3701,tm2 pk 12+822 - 14+225,12822,14225,CAMPO,14,m3-km,1141.53,1,1,1141.53,,xls-862
2025-11-25,13,TIERRAS,3701.02.07,EXPLANACIONES,Terraplenes (solo conformación),UF1,3701,tm2 pk 24+800 - 25+530,24800,25530,TOPOGRAFIA,14,m3,1246,1,1.3,958.4615384615385,,xls-863
2025-11-25,17,TIERRAS,3701.02.11,TRANSPORTE EXPLANACIONES,Transporte de la excavación de la explanación distancias mayores de mil metros (1000 m),UF1,3701,tm2 pk 24+800 - 25+530,24800,25530,CAMPO,14,m3-km,958.49,1,1,958.49,,xls-864
2025-11-25,12,TIERRAS,3701.02.06,EXPLANACIONES,Excavación en material común de préstamos,UF1,3701,EL DIVISO,21500,21500,TOPOGRAFIA,14,m3,742,1,1.3,570.7692307692307,,xls-865
2025-11-25,13,TIERRAS,3701.02.07,EXPLANACIONES,Terraplenes (solo conformación),UF1,3701,tm2 pk 28+303 - 29+600,28303,29600,TOPOGRAFIA,14,m3,602,1,1.3,463.07692307692304,,xls-866
2025-11-25,17,TIERRAS,3701.02.11,TRANSPORTE EXPLANACIONES,Transporte de la excavación de la explanación distancias mayores de mil metros (1000 m),UF1,3701,tm2 pk 28+303 - 29+600,28303,29600,CAMPO,14,m3-km,463.07,1,1,463.07,,xls-867
2025-11-25,13,TIERRAS,3701.02.07,EXPLANACIONES,Terraplenes (solo conformación),UF1,3701,tm2 pk 12+822 - 14+225,12822,14225,TOPOGRAFIA,14,m3,140,1,1.3,107.6923076923077,,xls-868
2025-11-25,17,TIERRAS,3701.02.11,TRANSPORTE EXPLANACIONES,Transporte de la excavación de la explanación distancias mayores de mil metros (1000 m),UF1,3701,tm2 pk 12+822 - 14+225,12822,14225,CAMPO,14,m3-km,107.69,1,1,107.69,,xls-869
2025-11-25,33,DRENAJES Y ESTRUCTURAS,3701.06.04,DRENAJE TRANSVERSAL,Acero de refuerzo Fy=420 Mpa.,UF1,3701,ODT1-025,14363,14363,CAMPO,14,kg,1380,1,1,1380,,xls-870
2025-11-25,38,DRENAJES Y ESTRUCTURAS,3701.06.09,DRENAJE TRANSVERSAL,"Concreto clase  28 MPA (encoles, descoles, box, sumideros)",UF1,3701,ODT1-038,17047,17047,CAMPO,14,m3,3.5,1,1,3.5,,xls-871
2025-11-25,33,DRENAJES Y ESTRUCTURAS,3701.06.04,DRENAJE TRANSVERSAL,Acero de refuerzo Fy=420 Mpa.,UF1,3701,ODT1-059,22221,22221,CAMPO,14,kg,250,1,1,250,,xls-872
2025-11-25,33,DRENAJES Y ESTRUCTURAS,3701.06.04,DRENAJE TRANSVERSAL,Acero de refuerzo Fy=420 Mpa.,UF1,3701,ODT1-083,29600,29600,CAMPO,14,kg,100,1,1,100,,xls-873
2025-11-26,18,TIERRAS,3701.03.01,"BASES, SUBBASES Y AFIRMADOS",Subbase Granular,UF1,3701,tm2 pk 28+303 - 29+600,28303,29600,TOPOGRAFIA,14,m3,434,1,1.3,333.8461538461538,,xls-874
2025-11-20,18,TIERRAS,3701.03.01,"BASES, SUBBASES Y AFIRMADOS",Subbase Granular,UF1,3701,tm2 pk 14+635 - 15+460,14635,15460,TOPOGRAFIA,14,m3,420,1,1.3,323.07692307692304,,xls-875
2025-11-24,18,TIERRAS,3701.03.01,"BASES, SUBBASES Y AFIRMADOS",Subbase Granular,UF1,3701,tm2 pk 12+822 - 14+225,12822,14225,TOPOGRAFIA,14,m3,420,1,1.3,323.07692307692304,,xls-876
2025-11-26,12,TIERRAS,3701.02.06,EXPLANACIONES,Excavación en material común de préstamos,UF1,3701,EL DIVISO,21500,21500,TOPOGRAFIA,14,m3,1736,1,1.3,1335.3846153846152,,xls-877
2025-11-26,13,TIERRAS,3701.02.07,EXPLANACIONES,Terraplenes (solo conformación),UF1,3701,tm2 pk 24+800 - 25+530,24800,25530,TOPOGRAFIA,14,m3,1694,1,1.3,1303.076923076923,,xls-878
2025-11-26,17,TIERRAS,3701.02.11,TRANSPORTE EXPLANACIONES,Transporte de la excavación de la explanación distancias mayores de mil metros (1000 m),UF1,3701,tm2 pk 24+800 - 25+530,24800,25530,CAMPO,14,m3-km,1303.07,1,1.3,1002.3615384615384,,xls-879
2025-11-26,13,TIERRAS,3701.02.07,EXPLANACIONES,Terraplenes (solo conformación),UF1,3701,tm2 pk 28+303 - 29+600,28303,29600,TOPOGRAFIA,14,m3,42,1,1.3,32.30769230769231,,xls-880
2025-11-26,17,TIERRAS,3701.02.11,TRANSPORTE EXPLANACIONES,Transporte de la excavación de la explanación distancias mayores de mil metros (1000 m),UF1,3701,tm2 pk 28+303 - 29+600,28303,29600,CAMPO,14,m3-km,32.3,1,1.3,24.846153846153843,,xls-881
2025-11-26,10,TIERRAS,3701.02.05,EXPLANACIONES,Excavaciones en material común APROVECHABLE,UF1,3701,tm2 pk 19+000 - 20+875,19000,20875,TOPOGRAFIA,14,m3,1218,1,1.3,936.9230769230769,,xls-882
2025-11-26,13,TIERRAS,3701.02.07,EXPLANACIONES,Terraplenes (solo conformación),UF1,3701,tm2 pk 24+800 - 25+530,24800,25530,TOPOGRAFIA,14,m3,1148,1,1.3,883.0769230769231,,xls-883
2025-11-26,17,TIERRAS,3701.02.11,TRANSPORTE EXPLANACIONES,Transporte de la excavación de la explanación distancias mayores de mil metros (1000 m),UF1,3701,tm2 pk 24+800 - 25+530,24800,25530,CAMPO,14,m3-km,883.07,1,1.3,679.2846153846154,,xls-884
2025-11-26,33,DRENAJES Y ESTRUCTURAS,3701.06.04,DRENAJE TRANSVERSAL,Acero de refuerzo Fy=420 Mpa.,UF1,3701,ODT1-025,14363,14363,CAMPO,14,kg,120,1,1,120,,xls-885
2025-11-26,34,DRENAJES Y ESTRUCTURAS,3701.06.05,DRENAJE TRANSVERSAL,Tubería de Concreto Reforzado de 900mm de diámetro interior (Tipo III),UF1,3701,ODT1-059,22221,22221,CAMPO,14,m,2.5,1,1,2.5,,xls-886
2025-11-26,36,DRENAJES Y ESTRUCTURAS,3701.06.07,DRENAJE TRANSVERSAL,"Concreto clase 14 MPA (solados, estructuras)",UF1,3701,ODT1-059,22221,22221,CAMPO,14,m3,0.5,1,1,0.5,,xls-887
2025-11-26,38,DRENAJES Y ESTRUCTURAS,3701.06.09,DRENAJE TRANSVERSAL,"Concreto clase  28 MPA (encoles, descoles, box, sumideros)",UF1,3701,ODT1-059,22221,22221,CAMPO,14,m3,1.5,1,1,1.5,,xls-888
2025-11-26,38,DRENAJES Y ESTRUCTURAS,3701.06.09,DRENAJE TRANSVERSAL,"Concreto clase  28 MPA (encoles, descoles, box, sumideros)",UF1,3701,ODT1-083,29600,29600,CAMPO,14,m3,2.3,1,1,2.3,,xls-889
2025-11-27,10,TIERRAS,3701.02.05,EXPLANACIONES,Excavaciones en material común APROVECHABLE,UF1,3701,tm2 pk 19+000 - 20+875,19000,20875,TOPOGRAFIA,14,m3,308,1,1.3,236.9230769230769,,xls-890
2025-11-27,13,TIERRAS,3701.02.07,EXPLANACIONES,Terraplenes (solo conformación),UF1,3701,tm2 pk 28+303 - 29+600,28303,29600,TOPOGRAFIA,14,m3,168,1,1.3,129.23076923076923,,xls-891
2025-11-27,17,TIERRAS,3701.02.11,TRANSPORTE EXPLANACIONES,Transporte de la excavación de la explanación distancias mayores de mil metros (1000 m),UF1,3701,tm2 pk 28+303 - 29+600,28303,29600,CAMPO,14,m3-km,129.23,1,1,129.23,,xls-892
2025-11-27,12,TIERRAS,3701.02.06,EXPLANACIONES,Excavación en material común de préstamos,UF1,3701,EL DIVISO,21500,21500,TOPOGRAFIA,14,m3,910,1,1.3,700,,xls-893
2025-11-27,13,TIERRAS,3701.02.07,EXPLANACIONES,Terraplenes (solo conformación),UF1,3701,tm2 pk 23+820 - 24+800,23820,24800,TOPOGRAFIA,14,m3,742,1,1.3,570.7692307692307,,xls-894
2025-11-27,17,TIERRAS,3701.02.11,TRANSPORTE EXPLANACIONES,Transporte de la excavación de la explanación distancias mayores de mil metros (1000 m),UF1,3701,tm2 pk 23+820 - 24+800,23820,24800,CAMPO,14,m3-km,570.76,1,1.3,439.0461538461538,,xls-895
2025-11-27,13,TIERRAS,3701.02.07,EXPLANACIONES,Terraplenes (solo conformación),UF1,3701,tm2 pk 28+303 - 29+600,28303,29600,TOPOGRAFIA,14,m3,168,1,1.3,129.23076923076923,,xls-896
2025-11-27,17,TIERRAS,3701.02.11,TRANSPORTE EXPLANACIONES,Transporte de la excavación de la explanación distancias mayores de mil metros (1000 m),UF1,3701,tm2 pk 28+303 - 29+600,28303,29600,CAMPO,14,m3-km,129.23,1,1.3,99.4076923076923,,xls-897
2025-11-27,14,TIERRAS,3701.02.08,EXPLANACIONES,Conformación y disposición de sobrantes (incluye obras de adecuación),UF1,3701,RCD 15+800,15800,15800,TOPOGRAFIA,14,m3,615,1,1.8,341.6666666666667,,xls-898
2025-11-27,38,DRENAJES Y ESTRUCTURAS,3701.06.09,DRENAJE TRANSVERSAL,"Concreto clase  28 MPA (encoles, descoles, box, sumideros)",UF1,3701,ODT1-025,14363,14363,CAMPO,14,m3,18.3,1,1,18.3,,xls-899
2025-11-27,38,DRENAJES Y ESTRUCTURAS,3701.06.09,DRENAJE TRANSVERSAL,"Concreto clase  28 MPA (encoles, descoles, box, sumideros)",UF1,3701,ODT1-038,17047,17047,CAMPO,14,m3,3.7,1,1,3.7,,xls-900
2025-11-27,33,DRENAJES Y ESTRUCTURAS,3701.06.04,DRENAJE TRANSVERSAL,Acero de refuerzo Fy=420 Mpa.,UF1,3701,ODT1-059,22221,22221,CAMPO,14,kg,120,1,1,120,,xls-901
2025-11-27,31,DRENAJES Y ESTRUCTURAS,3701.06.02,DRENAJE TRANSVERSAL,Rellenos con material seleccionado,UF1,3701,ODT1-083,29600,29600,CAMPO,14,m3,120,1,1,120,,xls-902
2025-11-28,33,DRENAJES Y ESTRUCTURAS,3701.06.04,DRENAJE TRANSVERSAL,Acero de refuerzo Fy=420 Mpa.,UF1,3701,ODT1-059,22221,22221,CAMPO,14,kg,80,1,1,80,,xls-903
2025-11-29,33,DRENAJES Y ESTRUCTURAS,3701.06.04,DRENAJE TRANSVERSAL,Acero de refuerzo Fy=420 Mpa.,UF1,3701,ODT1-059,22221,22221,CAMPO,14,kg,80,1,1,80,,xls-904
2025-11-29,38,DRENAJES Y ESTRUCTURAS,3701.06.09,DRENAJE TRANSVERSAL,"Concreto clase  28 MPA (encoles, descoles, box, sumideros)",UF1,3701,ODT1-083,29600,29600,CAMPO,14,m3,4.5,1,1,4.5,,xls-905
2025-12-01,33,DRENAJES Y ESTRUCTURAS,3701.06.04,DRENAJE TRANSVERSAL,Acero de refuerzo Fy=420 Mpa.,UF1,3701,ODT1-059,22221,22221,CAMPO,14,kg,60,1,1,60,,xls-906
2025-12-01,33,DRENAJES Y ESTRUCTURAS,3701.06.04,DRENAJE TRANSVERSAL,Acero de refuerzo Fy=420 Mpa.,UF1,3701,ODT1-083,29600,29600,CAMPO,14,kg,120,1,1,120,,xls-907
2025-12-01,10,TIERRAS,3701.02.05,EXPLANACIONES,Excavaciones en material común NO APROVECHABLE,UF1,3701,tm2 pk 28+303 - 29+600,28303,29600,TOPOGRAFIA,14,m3,90,0.3,1,27,,xls-908
2025-12-02,10,TIERRAS,3701.02.05,EXPLANACIONES,Excavaciones en material común NO APROVECHABLE,UF1,3701,tm2 pk 19+000 - 20+875,19000,20875,TOPOGRAFIA,14,m3,1554,1,1.3,1195.3846153846152,,xls-909
2025-12-02,14,TIERRAS,3701.02.08,EXPLANACIONES,Conformación y disposición de sobrantes (incluye obras de adecuación),UF1,3701,RCD 15+800,15800,15800,TOPOGRAFIA,14,m3,1554,1,1.8,863.3333333333333,,xls-910
2025-12-02,10,TIERRAS,3701.02.05,EXPLANACIONES,Excavaciones en material común APROVECHABLE,UF1,3701,tm2 pk 19+000 - 20+875,19000,20875,TOPOGRAFIA,14,m3,280,1,1.3,215.3846153846154,,xls-911
2025-12-02,13,TIERRAS,3701.02.07,EXPLANACIONES,Terraplenes (solo conformación),UF1,3701,tm2 pk 28+303 - 29+600,28303,29600,TOPOGRAFIA,14,m3,280,1,1.3,215.3846153846154,,xls-912
2025-12-02,17,TIERRAS,3701.02.11,TRANSPORTE EXPLANACIONES,Transporte de la excavación de la explanación distancias mayores de mil metros (1000 m),UF1,3701,tm2 pk 28+303 - 29+600,28303,29600,CAMPO,14,m3-km,215.38,1,1,215.38,,xls-913
2025-12-02,17,TIERRAS,3701.02.11,TRANSPORTE EXPLANACIONES,Transporte de la excavación de la explanación distancias mayores de mil metros (1000 m),UF1,3701,RCD 15+800,15800,15800,CAMPO,14,m3-km,1195.38,1,1,1195.38,,xls-914
2025-12-02,18,TIERRAS,3701.03.01,"BASES, SUBBASES Y AFIRMADOS",Subbase Granular,UF1,3701,tm2 pk 14+635 - 15+460,14635,15460,TOPOGRAFIA,14,m3,462,1,1.3,355.38461538461536,,xls-915
2025-12-02,21,TIERRAS,3701.03.02,TRANSPORTE FIRMES,Transporte de subbase granular,UF1,3701,tm2 pk 14+225 - 14+635,14225,14635,CAMPO,14,m3-km,355.38,1,1,355.38,,xls-916
2025-12-02,36,DRENAJES Y ESTRUCTURAS,3701.06.07,DRENAJE TRANSVERSAL,"Concreto clase 14 MPA (solados, estructuras)",UF1,3701,ODT1-025,14363,14363,CAMPO,14,m3,3,1,1,3,,xls-917
2025-12-02,33,DRENAJES Y ESTRUCTURAS,3701.06.04,DRENAJE TRANSVERSAL,Acero de refuerzo Fy=420 Mpa.,UF1,3701,ODT1-025,14363,14363,CAMPO,14,kg,140,1,1,140,,xls-918
2025-12-02,74,DRENAJES Y ESTRUCTURAS,3702.01.02,DEMOLICIONES Y REUBICACIONES,Demolición de Estructuras,UF2,3702,ODT2-003,31006,31006,CAMPO,14,m3,0.8,1,1,0.8,,xls-919
2025-12-01,6,TIERRAS,3701.02.01,EXPLANACIONES,Desmonte y limpieza en bosque,UF1,3701,tm2 pk 20+875 - 22+650,20875,22650,TOPOGRAFIA,14,Ha,200,0.0001,1,0.02,,xls-920
2025-12-02,6,TIERRAS,3701.02.01,EXPLANACIONES,Desmonte y limpieza en bosque,UF1,3701,tm2 pk 20+875 - 22+650,20875,22650,TOPOGRAFIA,14,Ha,200,0.0001,1,0.02,,xls-921
2025-12-03,14,TIERRAS,3701.02.08,EXPLANACIONES,Conformación y disposición de sobrantes (incluye obras de adecuación),UF1,3701,RCD 15+800,15800,15800,TOPOGRAFIA,14,m3,1484,1,1.8,824.4444444444445,,xls-922
2025-12-03,6,TIERRAS,3701.02.01,EXPLANACIONES,Desmonte y limpieza en bosque,UF1,3701,tm2 pk 20+875 - 22+650,20875,22650,TOPOGRAFIA,14,Ha,4160,0.0001,1.3,0.32,,xls-923
2025-12-03,33,DRENAJES Y ESTRUCTURAS,3701.06.04,DRENAJE TRANSVERSAL,Acero de refuerzo Fy=420 Mpa.,UF1,3701,ODT1-025,14363,14363,CAMPO,14,kg,120,1,1,120,,xls-924
2025-12-03,38,DRENAJES Y ESTRUCTURAS,3701.06.09,DRENAJE TRANSVERSAL,"Concreto clase  28 MPA (encoles, descoles, box, sumideros)",UF1,3701,ODT1-025,14363,14363,CAMPO,14,m3,8.5,1,1,8.5,,xls-925
2025-12-03,38,DRENAJES Y ESTRUCTURAS,3701.06.09,DRENAJE TRANSVERSAL,"Concreto clase  28 MPA (encoles, descoles, box, sumideros)",UF1,3701,ODT1-083,29600,29600,CAMPO,14,m3,2.3,1,1,2.3,,xls-926
2025-12-03,30,DRENAJES Y ESTRUCTURAS,3701.06.01,DRENAJE TRANSVERSAL,Excavaciones varias sin clasicar,UF1,3701,ODT1-083,29600,29600,CAMPO,14,m3,7.2,1,1,7.2,,xls-927
2025-12-04,14,TIERRAS,3701.02.08,EXPLANACIONES,Conformación y disposición de sobrantes (incluye obras de adecuación),UF1,3701,RCD 15+800,15800,15800,TOPOGRAFIA,14,m3,784,1,1.8,435.55555555555554,,xls-928
2025-12-04,10,TIERRAS,3701.02.05,EXPLANACIONES,Excavaciones en material común APROVECHABLE,UF1,3701,tm2 pk 19+000 - 20+875,19000,20875,TOPOGRAFIA,14,m3,238,1,1.3,183.07692307692307,,xls-929
2025-12-04,13,TIERRAS,3701.02.07,EXPLANACIONES,Terraplenes (solo conformación),UF1,3701,tm2 pk 28+303 - 29+600,28303,29600,TOPOGRAFIA,14,m3,238,1,1.3,183.07692307692307,,xls-930
2025-12-04,17,TIERRAS,3701.02.11,TRANSPORTE EXPLANACIONES,Transporte de la excavación de la explanación distancias mayores de mil metros (1000 m),UF1,3701,tm2 pk 28+303 - 29+600,28303,29600,CAMPO,14,m3-km,183.07,1,1,183.07,,xls-931
2025-12-04,91,TIERRAS,3702.03.03,"BASES, SUBBASES Y AFIRMADOS",Base granular estabilizada con cemento (No incluye cemento),UF2,3702,tm2 pk 30+500 - 31+942,30500,31942,TOPOGRAFIA,14,m3,134,1,1.3,103.07692307692308,,xls-932
2025-12-04,94,TIERRAS,3702.03.04,TRANSPORTE FIRMES,Transporte de base granular,UF2,3702,tm2 pk 30+500 - 31+942,30500,31942,CAMPO,14,m3-km,109.63,1,1.3,84.33076923076922,,xls-933
2025-12-04,33,DRENAJES Y ESTRUCTURAS,3701.06.04,DRENAJE TRANSVERSAL,Acero de refuerzo Fy=420 Mpa.,UF1,3701,ODT1-025,14363,14363,CAMPO,14,kg,250,1,1,250,,xls-934
2025-12-04,2,DRENAJES Y ESTRUCTURAS,3701.01.02,DEMOLICIONES Y REUBICACIONES,Demolición de Estructuras,UF1,3701,ODT1-025,14363,14363,CAMPO,14,m3,1.5,1,1,1.5,,xls-935
2025-12-04,38,DRENAJES Y ESTRUCTURAS,3701.06.09,DRENAJE TRANSVERSAL,"Concreto clase  28 MPA (encoles, descoles, box, sumideros)",UF1,3701,ODT1-059,22221,22221,CAMPO,14,m3,2.5,1,1,2.5,,xls-936
2025-12-04,36,DRENAJES Y ESTRUCTURAS,3701.06.07,DRENAJE TRANSVERSAL,"Concreto clase 14 MPA (solados, estructuras)",UF1,3701,ODT1-083,29600,29600,CAMPO,14,m3,2,1,1,2,,xls-937
2025-12-04,38,DRENAJES Y ESTRUCTURAS,3701.06.09,DRENAJE TRANSVERSAL,"Concreto clase  28 MPA (encoles, descoles, box, sumideros)",UF1,3701,ODT1-083,29600,29600,CAMPO,14,m3,3.5,1,1,3.5,,xls-938
2025-12-05,10,TIERRAS,3701.02.05,EXPLANACIONES,Excavaciones en material común APROVECHABLE,UF1,3701,tm2 pk 19+000 - 20+875,19000,20875,TOPOGRAFIA,14,m3,2030,1,1.3,1561.5384615384614,,xls-939
2025-12-05,13,TIERRAS,3701.02.07,EXPLANACIONES,Terraplenes (solo conformación),UF1,3701,tm2 pk 23+820 - 24+800,23820,24800,TOPOGRAFIA,14,m3,840,1,1.3,646.1538461538461,,xls-940
2025-12-05,17,TIERRAS,3701.02.11,TRANSPORTE EXPLANACIONES,Transporte de la excavación de la explanación distancias mayores de mil metros (1000 m),UF1,3701,tm2 pk 23+820 - 24+800,23820,24800,CAMPO,14,m3-km,646.15,1,1,646.15,,xls-941
2025-12-05,13,TIERRAS,3701.02.07,EXPLANACIONES,Terraplenes (solo conformación),UF1,3701,tm2 pk 28+303 - 29+600,28303,29600,TOPOGRAFIA,14,m3,1190,1,1.3,915.3846153846154,,xls-942
2025-12-05,17,TIERRAS,3701.02.11,TRANSPORTE EXPLANACIONES,Transporte de la excavación de la explanación distancias mayores de mil metros (1000 m),UF1,3701,tm2 pk 28+303 - 29+600,28303,29600,CAMPO,14,m3-km,915.38,1,1,915.38,,xls-943
2025-12-05,14,TIERRAS,3701.02.08,EXPLANACIONES,Conformación y disposición de sobrantes (incluye obras de adecuación),UF1,3701,RCD 15+800,15800,15800,TOPOGRAFIA,14,m3,476,1,1.8,264.44444444444446,,xls-944
2025-12-05,18,TIERRAS,3701.03.01,"BASES, SUBBASES Y AFIRMADOS",Subbase Granular,UF1,3701,tm2 pk 14+635 - 15+460,14635,15460,TOPOGRAFIA,14,m3,224,1,1.3,172.3076923076923,,xls-945
2025-12-05,21,TIERRAS,3701.03.02,TRANSPORTE FIRMES,Transporte de subbase granular,UF1,3701,tm2 pk 14+635 - 15+460,14635,15460,CAMPO,14,m3-km,172.3,1,1,172.3,,xls-946
2025-12-05,2,DRENAJES Y ESTRUCTURAS,3701.01.02,DEMOLICIONES Y REUBICACIONES,Demolición de Estructuras,UF1,3701,ODT1-025,14363,14363,CAMPO,14,m3,1,1,1,1,,xls-947
2025-12-05,33,DRENAJES Y ESTRUCTURAS,3701.06.04,DRENAJE TRANSVERSAL,Acero de refuerzo Fy=420 Mpa.,UF1,3701,ODT1-025,14363,14363,CAMPO,14,kg,350,1,1,350,,xls-948
2025-12-05,30,DRENAJES Y ESTRUCTURAS,3701.06.01,DRENAJE TRANSVERSAL,Excavaciones varias sin clasicar,UF1,3701,ODT1-025,14363,14363,CAMPO,14,m3,10,1,1,10,,xls-949
2025-12-05,36,DRENAJES Y ESTRUCTURAS,3701.06.07,DRENAJE TRANSVERSAL,"Concreto clase 14 MPA (solados, estructuras)",UF1,3701,ODT1-025,14363,14363,CAMPO,14,m3,2,1,1,2,,xls-950
2025-12-05,33,DRENAJES Y ESTRUCTURAS,3701.06.04,DRENAJE TRANSVERSAL,Acero de refuerzo Fy=420 Mpa.,UF1,3701,ODT1-083,29600,29600,CAMPO,14,kg,1800,1,1,1800,,xls-951
2025-12-05,38,DRENAJES Y ESTRUCTURAS,3701.06.09,DRENAJE TRANSVERSAL,"Concreto clase  28 MPA (encoles, descoles, box, sumideros)",UF1,3701,ODT1-083,29600,29600,CAMPO,14,m3,7.5,1,1,7.5,,xls-952
2025-12-05,105,DRENAJES Y ESTRUCTURAS,3702.06.04,DRENAJE TRANSVERSAL,Acero de refuerzo Fy=420 Mpa.,UF2,3702,ODT2-003,31006,31006,CAMPO,14,kg,100,1,1,100,,xls-953
2025-12-06,10,TIERRAS,3701.02.05,EXPLANACIONES,Excavaciones en material común APROVECHABLE,UF1,3701,tm2 pk 19+000 - 20+875,19000,20875,TOPOGRAFIA,14,m3,588,1,1.3,452.30769230769226,,xls-954
2025-12-06,13,TIERRAS,3701.02.07,EXPLANACIONES,Terraplenes (solo conformación),UF1,3701,tm2 pk 12+822 - 14+225,12822,14225,TOPOGRAFIA,14,m3,588,1,1.3,452.30769230769226,,xls-955
2025-12-06,17,TIERRAS,3701.02.11,TRANSPORTE EXPLANACIONES,Transporte de la excavación de la explanación distancias mayores de mil metros (1000 m),UF1,3701,tm2 pk 12+822 - 14+225,12822,14225,CAMPO,14,m3-km,452.3,1,1,452.3,,xls-956
2025-12-06,14,TIERRAS,3701.02.08,EXPLANACIONES,Conformación y disposición de sobrantes (incluye obras de adecuación),UF1,3701,tm2 pk 19+000 - 20+875,19000,20875,TOPOGRAFIA,14,m3,378,1,1.8,210,,xls-957
2025-12-06,18,TIERRAS,3701.03.01,"BASES, SUBBASES Y AFIRMADOS",Subbase Granular,UF1,3701,tm2 pk 14+635 - 15+460,14635,15460,TOPOGRAFIA,14,m3,84,1,1.3,64.61538461538461,,xls-958
2025-12-06,21,TIERRAS,3701.03.02,TRANSPORTE FIRMES,Transporte de subbase granular,UF1,3701,tm2 pk 14+635 - 15+460,14635,15460,CAMPO,14,m3-km,64.61,1,1,64.61,,xls-959
2025-12-06,33,DRENAJES Y ESTRUCTURAS,3701.06.04,DRENAJE TRANSVERSAL,Acero de refuerzo Fy=420 Mpa.,UF1,3701,ODT1-025,14363,14363,CAMPO,14,kg,500,1,1,500,,xls-960
2025-12-06,33,DRENAJES Y ESTRUCTURAS,3701.06.04,DRENAJE TRANSVERSAL,Acero de refuerzo Fy=420 Mpa.,UF1,3701,ODT1-083,29600,29600,CAMPO,14,kg,100,1,1,100,,xls-961
2025-12-09,6,TIERRAS,3701.02.01,EXPLANACIONES,Desmonte y limpieza en bosque,UF1,3701,tm2 pk 14+225 - 14+635,14225,14635,TOPOGRAFIA,14,Ha,1500,0.0001,1,0.15,,xls-962
2025-12-09,6,TIERRAS,3701.02.01,EXPLANACIONES,Desmonte y limpieza en bosque,UF1,3701,tm2 pk 19+000 - 20+875,19000,20875,TOPOGRAFIA,14,Ha,500,0.0001,1,0.05,,xls-963
2025-12-10,6,TIERRAS,3701.02.01,EXPLANACIONES,Desmonte y limpieza en bosque,UF1,3701,tm2 pk 19+000 - 20+875,19000,20875,TOPOGRAFIA,14,Ha,800,0.0001,1,0.08,,xls-964
2025-12-10,6,TIERRAS,3701.02.01,EXPLANACIONES,Desmonte y limpieza en bosque,UF1,3701,tm2 pk 14+225 - 14+635,14225,14635,TOPOGRAFIA,14,Ha,1478,0.0001,1,0.14780000000000001,,xls-965
2025-12-10,18,TIERRAS,3701.03.01,"BASES, SUBBASES Y AFIRMADOS",Subbase Granular,UF1,3701,tm2 pk 28+303 - 29+600,28303,29600,TOPOGRAFIA,14,m3,700,1,1.3,538.4615384615385,,xls-966
2025-12-10,21,TIERRAS,3701.03.02,TRANSPORTE FIRMES,Transporte de subbase granular,UF1,3701,tm2 pk 28+303 - 29+600,28303,29600,TOPOGRAFIA,14,m3-km,538.46,1,1,538.46,,xls-967
2025-12-11,10,TIERRAS,3701.02.05,EXPLANACIONES,Excavaciones en material común NO APROVECHABLE,UF1,3701,tm2 pk 19+000 - 20+875,19000,20875,TOPOGRAFIA,14,m3,1582,1,1.3,1216.923076923077,,xls-968
2025-12-11,14,TIERRAS,3701.02.08,EXPLANACIONES,Conformación y disposición de sobrantes (incluye obras de adecuación),UF1,3701,tm2 pk 19+000 - 20+875,19000,20875,TOPOGRAFIA,14,m3,1582,1,1.8,878.8888888888889,,xls-969
2025-12-11,10,TIERRAS,3701.02.05,EXPLANACIONES,Excavaciones en material común APROVECHABLE,UF1,3701,tm2 pk 19+000 - 20+875,19000,20875,TOPOGRAFIA,14,m3,126,1,1.3,96.92307692307692,,xls-970
2025-12-11,13,TIERRAS,3701.02.07,EXPLANACIONES,Terraplenes (solo conformación),UF1,3701,tm2 pk 12+822 - 14+225,12822,14225,TOPOGRAFIA,14,m3,126,1,1.3,96.92307692307692,,xls-971
2025-12-11,18,TIERRAS,3701.03.01,"BASES, SUBBASES Y AFIRMADOS",Subbase Granular,UF1,3701,tm2 pk 12+822 - 14+225,12822,14225,TOPOGRAFIA,14,m3,280,1,1.3,215.3846153846154,,xls-972
2025-12-11,21,TIERRAS,3701.03.02,TRANSPORTE FIRMES,Transporte de subbase granular,UF1,3701,tm2 pk 12+822 - 14+225,12822,14225,CAMPO,14,m3-km,215.38,1,1,215.38,,xls-973
2025-12-11,18,TIERRAS,3701.03.01,"BASES, SUBBASES Y AFIRMADOS",Subbase Granular,UF1,3701,tm2 pk 28+303 - 29+600,28303,29600,TOPOGRAFIA,14,m3,406,1,1.3,312.3076923076923,,xls-974
2025-12-11,21,TIERRAS,3701.03.02,TRANSPORTE FIRMES,Transporte de subbase granular,UF1,3701,tm2 pk 28+303 - 29+600,28303,29600,CAMPO,14,m3-km,312.3,1,1,312.3,,xls-975
2025-12-11,33,DRENAJES Y ESTRUCTURAS,3701.06.04,DRENAJE TRANSVERSAL,Acero de refuerzo Fy=420 Mpa.,UF1,3701,ODT1-025,14363,14363,CAMPO,14,kg,1000,1,1,1000,,xls-976
2025-12-11,38,DRENAJES Y ESTRUCTURAS,3701.06.09,DRENAJE TRANSVERSAL,"Concreto clase  28 MPA (encoles, descoles, box, sumideros)",UF1,3701,ODT1-025,14363,14363,CAMPO,14,m3,12,1,1,12,,xls-977
2025-12-11,33,DRENAJES Y ESTRUCTURAS,3701.06.04,DRENAJE TRANSVERSAL,Acero de refuerzo Fy=420 Mpa.,UF1,3701,ODT1-083,29600,29600,CAMPO,14,kg,100,1,1,100,,xls-978
2025-12-11,38,DRENAJES Y ESTRUCTURAS,3701.06.09,DRENAJE TRANSVERSAL,"Concreto clase  28 MPA (encoles, descoles, box, sumideros)",UF1,3701,ODT1-083,29600,29600,CAMPO,14,m3,2.8,1,1,2.8,,xls-979
2025-12-11,110,DRENAJES Y ESTRUCTURAS,3702.06.09,DRENAJE TRANSVERSAL,"Concreto clase  28 MPA (encoles, descoles, box, sumideros)",UF2,3702,ODT2-003,31006,31006,CAMPO,14,m3,1,1,1,1,,xls-980
2025-12-12,10,TIERRAS,3701.02.05,EXPLANACIONES,Excavaciones en material común APROVECHABLE,UF1,3701,tm2 pk 14+635 - 15+460,14635,15460,TOPOGRAFIA,14,m3,882,1,1.3,678.4615384615385,,xls-981
2025-12-12,13,TIERRAS,3701.02.07,EXPLANACIONES,Terraplenes (solo conformación),UF1,3701,tm2 pk 28+303 - 29+600,28303,29600,TOPOGRAFIA,14,m3,770,1,1.3,592.3076923076923,,xls-982
2025-12-12,17,TIERRAS,3701.02.11,TRANSPORTE EXPLANACIONES,Transporte de la excavación de la explanación distancias mayores de mil metros (1000 m),UF1,3701,tm2 pk 28+303 - 29+600,28303,29600,CAMPO,14,m3-km,592.3,1,1,592.3,,xls-983
2025-12-12,18,TIERRAS,3701.03.01,"BASES, SUBBASES Y AFIRMADOS",Subbase Granular,UF1,3701,tm2 pk 12+822 - 14+225,12822,14225,TOPOGRAFIA,14,m3,602,1,1.3,463.07692307692304,,xls-984
2025-12-12,21,TIERRAS,3701.03.02,TRANSPORTE FIRMES,Transporte de subbase granular,UF1,3701,tm2 pk 12+822 - 14+225,12822,14225,CAMPO,14,m3-km,463.07,1,1,463.07,,xls-985
2025-12-12,18,TIERRAS,3701.03.01,"BASES, SUBBASES Y AFIRMADOS",Subbase Granular,UF1,3701,tm2 pk 28+303 - 29+600,28303,29600,TOPOGRAFIA,14,m3,70,1,1.3,53.84615384615385,,xls-986
2025-12-12,21,TIERRAS,3701.03.02,TRANSPORTE FIRMES,Transporte de subbase granular,UF1,3701,tm2 pk 28+303 - 29+600,28303,29600,CAMPO,14,m3-km,53.84,1,1,53.84,,xls-987
2025-12-12,6,TIERRAS,3701.02.01,EXPLANACIONES,Desmonte y limpieza en bosque,UF1,3701,tm2 pk 19+000 - 20+875,19000,20875,TOPOGRAFIA,14,Ha,2550,0.0001,1,0.255,,xls-988
2025-12-12,33,DRENAJES Y ESTRUCTURAS,3701.06.04,DRENAJE TRANSVERSAL,Acero de refuerzo Fy=420 Mpa.,UF1,3701,ODT1-025,14363,14363,CAMPO,14,kg,425,1,1,425,,xls-989
2025-12-12,33,DRENAJES Y ESTRUCTURAS,3701.06.04,DRENAJE TRANSVERSAL,Acero de refuerzo Fy=420 Mpa.,UF1,3701,ODT1-083,29600,29600,CAMPO,14,kg,200,1,1,200,,xls-990
2025-12-12,38,DRENAJES Y ESTRUCTURAS,3701.06.09,DRENAJE TRANSVERSAL,"Concreto clase  28 MPA (encoles, descoles, box, sumideros)",UF1,3701,ODT1-083,29600,29600,CAMPO,14,m3,2.5,1,1,2.5,,xls-991
2025-12-12,31,DRENAJES Y ESTRUCTURAS,3701.06.02,DRENAJE TRANSVERSAL,Rellenos con material seleccionado,UF1,3701,ODT1-083,29600,29600,CAMPO,14,m3,112,1,1,112,,xls-992
2025-12-13,18,TIERRAS,3701.03.01,"BASES, SUBBASES Y AFIRMADOS",Subbase Granular,UF1,3701,tm2 pk 12+822 - 14+225,12822,14225,TOPOGRAFIA,14,m3,350,1,1.3,269.2307692307692,,xls-993
2025-12-13,21,TIERRAS,3701.03.02,TRANSPORTE FIRMES,Transporte de subbase granular,UF1,3701,tm2 pk 12+822 - 14+225,12822,14225,CAMPO,14,m3-km,269.23,1,1,269.23,,xls-994
2025-12-13,10,TIERRAS,3701.02.05,EXPLANACIONES,Excavaciones en material común NO APROVECHABLE,UF1,3701,tm2 pk 19+000 - 20+875,19000,20875,TOPOGRAFIA,14,m3,2550,1,1.3,1961.5384615384614,,xls-995
2025-12-17,18,TIERRAS,3701.03.01,"BASES, SUBBASES Y AFIRMADOS",Subbase Granular,UF1,3701,tm2 pk 12+822 - 14+225,12822,14225,TOPOGRAFIA,15,m3,168,1,1.3,129.23076923076923,,xls-996
2025-12-17,21,TIERRAS,3701.03.02,TRANSPORTE FIRMES,Transporte de subbase granular,UF1,3701,tm2 pk 12+822 - 14+225,12822,14225,CAMPO,15,m3-km,129.23,1,1,129.23,,xls-997
2025-12-17,10,TIERRAS,3701.02.05,EXPLANACIONES,Excavaciones en material común APROVECHABLE,UF1,3701,tm2 pk 19+000 - 20+875,19000,20875,TOPOGRAFIA,15,m3,1400,1,1.3,1076.923076923077,,xls-998
2025-12-17,13,TIERRAS,3701.02.07,EXPLANACIONES,Terraplenes (solo conformación),UF1,3701,tm2 pk 28+303 - 29+600,28303,29600,TOPOGRAFIA,15,m3,1400,1,1.3,1076.923076923077,,xls-999
2025-12-17,17,TIERRAS,3701.02.11,TRANSPORTE EXPLANACIONES,Transporte de la excavación de la explanación distancias mayores de mil metros (1000 m),UF1,3701,tm2 pk 28+303 - 29+600,28303,29600,CAMPO,15,m3-km,1076.92,1,1,1076.92,,xls-1000
2025-12-17,5,TIERRAS,3701.01.05,DEMOLICIONES Y REUBICACIONES,Cercas de alambre de púas con postes de concreto,UF1,3701,tm2 pk 14+225 - 14+635,14225,14635,TOPOGRAFIA,15,m,100,1,1,100,,xls-1001
2025-12-17,38,DRENAJES Y ESTRUCTURAS,3701.06.09,DRENAJE TRANSVERSAL,"Concreto clase  28 MPA (encoles, descoles, box, sumideros)",UF1,3701,ODT1-025,14363,14363,CAMPO,15,m3,5.5,1,1,5.5,,xls-1002
2025-12-17,38,DRENAJES Y ESTRUCTURAS,3701.06.09,DRENAJE TRANSVERSAL,"Concreto clase  28 MPA (encoles, descoles, box, sumideros)",UF1,3701,ODT1-083,29600,29600,CAMPO,15,m3,4.5,1,1,4.5,,xls-1003
2025-12-18,91,TIERRAS,3702.03.03,"BASES, SUBBASES Y AFIRMADOS",Base granular estabilizada con cemento (No incluye cemento),UF2,3702,tm2 pk 30+500 - 31+942,30500,31942,TOPOGRAFIA,15,m3,590,1,1.3,453.8461538461538,,xls-1004
2025-12-18,5,TIERRAS,3701.01.05,DEMOLICIONES Y REUBICACIONES,Cercas de alambre de púas con postes de concreto,UF1,3701,tm2 pk 14+225 - 14+635,14225,14635,CAMPO,15,m,100,1,1,100,,xls-1005
2025-12-18,94,TIERRAS,3702.03.04,TRANSPORTE FIRMES,Transporte de base granular,UF2,3702,tm2 pk 30+500 - 31+942,30500,31942,CAMPO,15,m3-km,453.84,1,1,453.84,,xls-1006
2025-12-19,91,TIERRAS,3702.03.03,"BASES, SUBBASES Y AFIRMADOS",Base granular estabilizada con cemento (No incluye cemento),UF2,3702,tm2 pk 30+500 - 31+942,30500,31942,TOPOGRAFIA,15,m3,365,1,1.3,280.7692307692308,,xls-1007
2025-12-19,94,TIERRAS,3702.03.04,TRANSPORTE FIRMES,Transporte de base granular,UF2,3702,tm2 pk 30+500 - 31+942,30500,31942,CAMPO,15,m3-km,280.76,1,1,280.76,,xls-1008
2026-01-06,6,TIERRAS,3701.02.01,EXPLANACIONES,Desmonte y limpieza en bosque,UF1,3701,tm2 pk 19+000 - 20+875,19000,20875,TOPOGRAFIA,15,Ha,4124,0.0001,1,0.41240000000000004,,xls-1009
2026-01-06,33,DRENAJES Y ESTRUCTURAS,3701.06.04,DRENAJE TRANSVERSAL,Acero de refuerzo Fy=420 Mpa.,UF1,3701,ODT1-025,14363,14363,CAMPO,15,kg,70,1,1,70,,xls-1010
2026-01-06,30,DRENAJES Y ESTRUCTURAS,3701.06.01,DRENAJE TRANSVERSAL,Excavaciones varias sin clasicar,UF1,3701,ODT1-066,24878,24878,CAMPO,15,m3,98,1,1,98,,xls-1011
2026-01-06,36,DRENAJES Y ESTRUCTURAS,3701.06.07,DRENAJE TRANSVERSAL,"Concreto clase 14 MPA (solados, estructuras)",UF1,3701,ODT1-066,24878,24878,CAMPO,15,m3,5,1,1,5,,xls-1012
2026-01-06,33,DRENAJES Y ESTRUCTURAS,3701.06.04,DRENAJE TRANSVERSAL,Acero de refuerzo Fy=420 Mpa.,UF1,3701,ODT1-083,29600,29600,CAMPO,15,kg,150,1,1,150,,xls-1013
2026-01-07,10,TIERRAS,3701.02.05,EXPLANACIONES,Excavaciones en material común APROVECHABLE,UF1,3701,tm2 pk 19+000 - 20+875,19000,20875,TOPOGRAFIA,15,m3,1134,1,1.3,872.3076923076923,,xls-1014
2026-01-07,85,TIERRAS,3702.02.07,EXPLANACIONES,Terraplenes (solo conformación),UF2,3702,tm2 pk 30+500 - 31+942,30500,31942,TOPOGRAFIA,15,m3,1134,1,1.3,872.3076923076923,,xls-1015
2026-01-07,89,TIERRAS,3702.02.11,TRANSPORTE EXPLANACIONES,Transporte de la excavación de la explanación distancias mayores de mil metros (1000 m),UF2,3702,tm2 pk 30+500 - 31+942,30500,31942,CAMPO,15,m3-km,872.3,1,1,872.3,,xls-1016
2026-01-07,91,TIERRAS,3702.03.03,"BASES, SUBBASES Y AFIRMADOS",Base granular estabilizada con cemento (No incluye cemento),UF2,3702,tm2 pk 30+500 - 31+942,30500,31942,TOPOGRAFIA,15,m3,350,1,1.3,269.2307692307692,,xls-1017
2026-01-07,94,TIERRAS,3702.03.04,TRANSPORTE FIRMES,Transporte de base granular,UF2,3702,tm2 pk 30+500 - 31+942,30500,31942,CAMPO,15,m3-km,269.23,1,1,269.23,,xls-1018
2026-01-07,14,TIERRAS,3701.02.08,EXPLANACIONES,Conformación y disposición de sobrantes (incluye obras de adecuación),UF1,3701,RCD 15+800,15800,15800,TOPOGRAFIA,15,m3,750,1,1.3,576.9230769230769,,xls-1019
2026-01-08,10,TIERRAS,3701.02.05,EXPLANACIONES,Excavaciones en material común APROVECHABLE,UF1,3701,tm2 pk 19+000 - 20+875,19000,20875,TOPOGRAFIA,15,m3,1890,1,1.3,1453.8461538461538,,xls-1020
2026-01-08,13,TIERRAS,3701.02.07,EXPLANACIONES,Terraplenes (solo conformación),UF1,3701,tm2 pk 20+875 - 22+650,20875,22650,TOPOGRAFIA,15,m3,1750,1,1.3,1346.1538461538462,,xls-1021
2026-01-08,17,TIERRAS,3701.02.11,TRANSPORTE EXPLANACIONES,Transporte de la excavación de la explanación distancias mayores de mil metros (1000 m),UF1,3701,tm2 pk 20+875 - 22+650,20875,22650,CAMPO,15,m3-km,1346.15,1,1,1346.15,,xls-1022
2026-01-08,18,TIERRAS,3701.03.01,"BASES, SUBBASES Y AFIRMADOS",Subbase Granular,UF1,3701,tm2 pk 23+820 - 24+800,23820,24800,TOPOGRAFIA,15,m3,700,1,1.3,538.4615384615385,,xls-1023
2026-01-08,21,TIERRAS,3701.03.02,TRANSPORTE FIRMES,Transporte de subbase granular,UF1,3701,tm2 pk 23+820 - 24+800,23820,24800,CAMPO,15,m3-km,538.46,1,1,538.46,,xls-1024
2026-01-08,91,TIERRAS,3702.03.03,"BASES, SUBBASES Y AFIRMADOS",Base granular estabilizada con cemento (No incluye cemento),UF2,3702,tm2 pk 30+500 - 31+942,30500,31942,TOPOGRAFIA,15,m3,504,1,1.3,387.6923076923077,,xls-1025
2026-01-08,94,TIERRAS,3702.03.04,TRANSPORTE FIRMES,Transporte de base granular,UF2,3702,tm2 pk 30+500 - 31+942,30500,31942,CAMPO,15,m3-km,387.69,1,1,387.69,,xls-1026
2026-01-08,6,TIERRAS,3701.02.01,EXPLANACIONES,Desmonte y limpieza en bosque,UF1,3701,tm2 pk 20+875 - 22+650,20875,22650,TOPOGRAFIA,15,Ha,2543,0.0001,1.3,0.19561538461538464,,xls-1027
2026-01-09,10,TIERRAS,3701.02.05,EXPLANACIONES,Excavaciones en material común APROVECHABLE,UF1,3701,tm2 pk 19+000 - 20+875,19000,20875,TOPOGRAFIA,15,m3,2492,1,1.3,1916.923076923077,,xls-1028
2026-01-09,13,TIERRAS,3701.02.07,EXPLANACIONES,Terraplenes (solo conformación),UF1,3701,tm2 pk 20+875 - 22+650,20875,22650,TOPOGRAFIA,15,m3,2240,1,1.3,1723.076923076923,,xls-1029
2026-01-09,17,TIERRAS,3701.02.11,TRANSPORTE EXPLANACIONES,Transporte de la excavación de la explanación distancias mayores de mil metros (1000 m),UF1,3701,tm2 pk 20+875 - 22+650,20875,22650,CAMPO,15,m3-km,1723.07,1,1,1723.07,,xls-1030
2026-01-09,91,TIERRAS,3702.03.03,"BASES, SUBBASES Y AFIRMADOS",Base granular estabilizada con cemento (No incluye cemento),UF2,3702,tm2 pk 30+500 - 31+942,30500,31942,TOPOGRAFIA,15,m3,630,1,1.3,484.6153846153846,,xls-1031
2026-01-09,94,TIERRAS,3702.03.04,TRANSPORTE FIRMES,Transporte de base granular,UF2,3702,tm2 pk 30+500 - 31+942,30500,31942,CAMPO,15,m3-km,484,1,1,484,,xls-1032
2026-01-09,90,TIERRAS,3702.03.01,"BASES, SUBBASES Y AFIRMADOS",Subbase Granular,UF2,3702,tm2 pk 30+500 - 31+942,30500,31942,TOPOGRAFIA,15,m3,140,1,1.3,107.6923076923077,,xls-1033
2026-01-09,93,TIERRAS,3702.03.02,TRANSPORTE FIRMES,Transporte de subbase granular,UF2,3702,tm2 pk 30+500 - 31+942,30500,31942,CAMPO,15,m3-km,107,1,1,107,,xls-1034
2026-01-09,6,TIERRAS,3701.02.01,EXPLANACIONES,Desmonte y limpieza en bosque,UF1,3701,tm2 pk 20+875 - 22+650,20875,22650,TOPOGRAFIA,15,Ha,1675,0.0001,1.3,0.12884615384615386,,xls-1035
2026-01-09,10,TIERRAS,3701.02.05,EXPLANACIONES,Excavaciones en material común NO APROVECHABLE,UF1,3701,tm2 pk 20+875 - 22+650,20875,22650,TOPOGRAFIA,15,m3,500,14,1,7000,,xls-1036
2026-01-09,14,TIERRAS,3701.02.08,EXPLANACIONES,Conformación y disposición de sobrantes (incluye obras de adecuación),UF1,3701,RCD 15+800,15800,15800,TOPOGRAFIA,15,m3,675,1,1.8,375,,xls-1037
2026-01-08,38,DRENAJES Y ESTRUCTURAS,3701.06.09,DRENAJE TRANSVERSAL,"Concreto clase  28 MPA (encoles, descoles, box, sumideros)",UF1,3701,ODT1-025,14363,14363,CAMPO,15,m3,4.7,1,1,4.7,,xls-1038
2026-01-09,33,DRENAJES Y ESTRUCTURAS,3701.06.04,DRENAJE TRANSVERSAL,Acero de refuerzo Fy=420 Mpa.,UF1,3701,ODT1-066,24878,24878,CAMPO,15,kg,1100,1,1,1100,,xls-1039
2026-01-09,38,DRENAJES Y ESTRUCTURAS,3701.06.09,DRENAJE TRANSVERSAL,"Concreto clase  28 MPA (encoles, descoles, box, sumideros)",UF1,3701,ODT1-083,29600,29600,CAMPO,15,m3,4,1,1,4,,xls-1040
2026-01-10,10,TIERRAS,3701.02.05,EXPLANACIONES,Excavaciones en material común APROVECHABLE,UF1,3701,tm2 pk 19+000 - 20+875,19000,20875,TOPOGRAFIA,15,m3,1422,1,1.3,1093.8461538461538,,xls-1041
2026-01-10,13,TIERRAS,3701.02.07,EXPLANACIONES,Terraplenes (solo conformación),UF1,3701,tm2 pk 20+875 - 22+650,20875,22650,TOPOGRAFIA,15,m3,1260,1,1.3,969.2307692307692,,xls-1042
2026-01-10,17,TIERRAS,3701.02.11,TRANSPORTE EXPLANACIONES,Transporte de la excavación de la explanación distancias mayores de mil metros (1000 m),UF1,3701,tm2 pk 20+875 - 22+650,20875,22650,CAMPO,15,m3-km,969.23,1,1,969.23,,xls-1043
2026-01-10,18,TIERRAS,3701.03.01,"BASES, SUBBASES Y AFIRMADOS",Subbase Granular,UF1,3701,tm2 pk 23+820 - 24+800,23820,24800,TOPOGRAFIA,15,m3,574,1,1.3,441.53846153846155,,xls-1044
2026-01-10,21,TIERRAS,3701.03.02,TRANSPORTE FIRMES,Transporte de subbase granular,UF1,3701,tm2 pk 23+820 - 24+800,23820,24800,CAMPO,15,m3-km,441.53,1,1,441.53,,xls-1045
2026-01-10,91,TIERRAS,3702.03.03,"BASES, SUBBASES Y AFIRMADOS",Base granular estabilizada con cemento (No incluye cemento),UF2,3702,tm2 pk 30+500 - 31+942,30500,31942,TOPOGRAFIA,15,m3,630,1,1.3,484.6153846153846,,xls-1046
2026-01-10,94,TIERRAS,3702.03.04,TRANSPORTE FIRMES,Transporte de base granular,UF2,3702,tm2 pk 30+500 - 31+942,30500,31942,CAMPO,15,m3-km,484.61,1,1,484.61,,xls-1047
2026-01-10,6,TIERRAS,3701.02.01,EXPLANACIONES,Desmonte y limpieza en bosque,UF1,3701,tm2 pk 20+875 - 22+650,20875,22650,TOPOGRAFIA,15,Ha,1350,0.0001,1,0.135,,xls-1048
2026-01-10,10,TIERRAS,3701.02.05,EXPLANACIONES,Excavaciones en material común NO APROVECHABLE,UF1,3701,tm2 pk 20+875 - 22+650,20875,22650,TOPOGRAFIA,15,m3,775,0.1,1,77.5,,xls-1049
2026-01-13,10,TIERRAS,3701.02.05,EXPLANACIONES,Excavaciones en material común APROVECHABLE,UF1,3701,tm2 pk 19+000 - 20+875,19000,20875,TOPOGRAFIA,15,m3,3038,1,1.3,2336.9230769230767,,xls-1050
2026-01-13,13,TIERRAS,3701.02.07,EXPLANACIONES,Terraplenes (solo conformación),UF1,3701,tm2 pk 20+875 - 22+650,20875,22650,TOPOGRAFIA,15,m3,2814,1,1.3,2164.6153846153848,,xls-1051
2026-01-13,17,TIERRAS,3701.02.11,TRANSPORTE EXPLANACIONES,Transporte de la excavación de la explanación distancias mayores de mil metros (1000 m),UF1,3701,tm2 pk 20+875 - 22+650,20875,22650,CAMPO,15,m3-km,2164.61,1,1,2164.61,,xls-1052
2026-01-13,13,TIERRAS,3701.02.07,EXPLANACIONES,Terraplenes (solo conformación),UF1,3701,tm2 pk 23+820 - 24+800,23820,24800,TOPOGRAFIA,15,m3,224,1,1.3,172.3076923076923,,xls-1053
2026-01-13,17,TIERRAS,3701.02.11,TRANSPORTE EXPLANACIONES,Transporte de la excavación de la explanación distancias mayores de mil metros (1000 m),UF1,3701,tm2 pk 23+820 - 24+800,23820,24800,CAMPO,15,m3-km,172.3,1,1,172.3,,xls-1054
2026-01-13,91,TIERRAS,3702.03.03,"BASES, SUBBASES Y AFIRMADOS",Base granular estabilizada con cemento (No incluye cemento),UF2,3702,tm2 pk 30+500 - 31+942,30500,31942,TOPOGRAFIA,15,m3,406,1,1.3,312.3076923076923,,xls-1055
2026-01-13,94,TIERRAS,3702.03.04,TRANSPORTE FIRMES,Transporte de base granular,UF2,3702,tm2 pk 30+500 - 31+942,30500,31942,CAMPO,15,m3-km,312,1,1,312,,xls-1056
2026-01-13,78,TIERRAS,3702.02.01,EXPLANACIONES,Desmonte y limpieza en bosque,UF2,3702,tm2 pk 32+508 - 33+090,32508,33090,TOPOGRAFIA,15,Ha,785,0.0001,1,0.0785,,xls-1057
2026-01-14,10,TIERRAS,3701.02.05,EXPLANACIONES,Excavaciones en material común APROVECHABLE,UF1,3701,tm2 pk 19+000 - 20+875,19000,20875,TOPOGRAFIA,15,m3,2604,1,1.3,2003.076923076923,,xls-1058
2026-01-14,13,TIERRAS,3701.02.07,EXPLANACIONES,Terraplenes (solo conformación),UF1,3701,tm2 pk 20+875 - 22+650,20875,22650,TOPOGRAFIA,15,m3,2030,1,1.3,1561.5384615384614,,xls-1059
2026-01-14,17,TIERRAS,3701.02.11,TRANSPORTE EXPLANACIONES,Transporte de la excavación de la explanación distancias mayores de mil metros (1000 m),UF1,3701,tm2 pk 20+875 - 22+650,20875,22650,CAMPO,15,m3-km,1561,1,1,1561,,xls-1060
2026-01-14,85,TIERRAS,3702.02.07,EXPLANACIONES,Terraplenes (solo conformación),UF2,3702,tm2 pk 32+508 - 33+090,32508,33090,TOPOGRAFIA,15,m3,532,1,1.3,409.2307692307692,,xls-1061
2026-01-14,89,TIERRAS,3702.02.11,TRANSPORTE EXPLANACIONES,Transporte de la excavación de la explanación distancias mayores de mil metros (1000 m),UF2,3702,tm2 pk 32+508 - 33+090,32508,33090,CAMPO,15,m3-km,409,1,1,409,,xls-1062
2026-01-14,91,TIERRAS,3702.03.03,"BASES, SUBBASES Y AFIRMADOS",Base granular estabilizada con cemento (No incluye cemento),UF2,3702,tm2 pk 30+500 - 31+942,30500,31942,TOPOGRAFIA,15,m3,434,1,1.3,333.8461538461538,,xls-1063
2026-01-14,94,TIERRAS,3702.03.04,TRANSPORTE FIRMES,Transporte de base granular,UF2,3702,tm2 pk 30+500 - 31+942,30500,31942,CAMPO,15,m3-km,333,1,1,333,,xls-1064
2026-01-14,36,DRENAJES Y ESTRUCTURAS,3701.06.07,DRENAJE TRANSVERSAL,"Concreto clase 14 MPA (solados, estructuras)",UF1,3701,ODT1-058,21714,21714,CAMPO,15,m3,3,1,1,3,,xls-1065
2026-01-14,33,DRENAJES Y ESTRUCTURAS,3701.06.04,DRENAJE TRANSVERSAL,Acero de refuerzo Fy=420 Mpa.,UF1,3701,ODT1-059,22221,22221,CAMPO,15,kg,100,1,1,100,,xls-1066
2026-01-14,33,DRENAJES Y ESTRUCTURAS,3701.06.04,DRENAJE TRANSVERSAL,Acero de refuerzo Fy=420 Mpa.,UF1,3701,ODT1-066,24878,24878,CAMPO,15,kg,750,1,1,750,,xls-1067
2026-01-14,38,DRENAJES Y ESTRUCTURAS,3701.06.09,DRENAJE TRANSVERSAL,"Concreto clase  28 MPA (encoles, descoles, box, sumideros)",UF1,3701,ODT1-083,29600,29600,CAMPO,15,m3,4,1,1,4,,xls-1068
2026-01-14,31,DRENAJES Y ESTRUCTURAS,3701.06.02,DRENAJE TRANSVERSAL,Rellenos con material seleccionado,UF1,3701,ODT1-083,29600,29600,CAMPO,15,m3,45,1,1,45,,xls-1069
2026-01-13,82,TIERRAS,3702.02.05,EXPLANACIONES,Excavaciones en material común NO APROVECHABLE,UF2,3702,tm2 pk 32+508 - 33+090,32508,33090,TOPOGRAFIA,15,m3,785,1,1,785,,xls-1070
2026-01-15,10,TIERRAS,3701.02.05,EXPLANACIONES,Excavaciones en material común APROVECHABLE,UF1,3701,tm2 pk 19+000 - 20+875,19000,20875,TOPOGRAFIA,15,m3,2072,1,1.3,1593.8461538461538,,xls-1071
2026-01-15,13,TIERRAS,3701.02.07,EXPLANACIONES,Terraplenes (solo conformación),UF1,3701,tm2 pk 20+875 - 22+650,20875,22650,TOPOGRAFIA,15,m3,882,1,1.3,678.4615384615385,,xls-1072
2026-01-15,17,TIERRAS,3701.02.11,TRANSPORTE EXPLANACIONES,Transporte de la excavación de la explanación distancias mayores de mil metros (1000 m),UF1,3701,tm2 pk 20+875 - 22+650,20875,22650,CAMPO,15,m3-km,678.46,1,1,678.46,,xls-1073
2026-01-15,85,TIERRAS,3702.02.07,EXPLANACIONES,Terraplenes (solo conformación),UF2,3702,tm2 pk 32+508 - 33+090,32508,33090,TOPOGRAFIA,15,m3,1190,1,1.3,915.3846153846154,,xls-1074
2026-01-15,89,TIERRAS,3702.02.11,TRANSPORTE EXPLANACIONES,Transporte de la excavación de la explanación distancias mayores de mil metros (1000 m),UF2,3702,tm2 pk 32+508 - 33+090,32508,33090,CAMPO,15,m3-km,915.38,1,1,915.38,,xls-1075
2026-01-15,18,TIERRAS,3701.03.01,"BASES, SUBBASES Y AFIRMADOS",Subbase Granular,UF1,3701,tm2 pk 23+820 - 24+800,23820,24800,TOPOGRAFIA,15,m3,714,1,1.3,549.2307692307692,,xls-1076
2026-01-15,21,TIERRAS,3701.03.02,TRANSPORTE FIRMES,Transporte de subbase granular,UF1,3701,tm2 pk 23+820 - 24+800,23820,24800,CAMPO,15,m3-km,549.23,1,1,549.23,,xls-1077
2026-01-15,91,TIERRAS,3702.03.03,"BASES, SUBBASES Y AFIRMADOS",Base granular estabilizada con cemento (No incluye cemento),UF2,3702,tm2 pk 30+500 - 31+942,30500,31942,TOPOGRAFIA,15,m3,182,1,1.3,140,,xls-1078
2026-01-15,94,TIERRAS,3702.03.04,TRANSPORTE FIRMES,Transporte de base granular,UF2,3702,tm2 pk 30+500 - 31+942,30500,31942,CAMPO,15,m3-km,140,1,1,140,,xls-1079
2026-01-15,33,DRENAJES Y ESTRUCTURAS,3701.06.04,DRENAJE TRANSVERSAL,Acero de refuerzo Fy=420 Mpa.,UF1,3701,ODT1-059,22221,22221,CAMPO,15,kg,80,1,1,80,,xls-1080
2026-01-15,33,DRENAJES Y ESTRUCTURAS,3701.06.04,DRENAJE TRANSVERSAL,Acero de refuerzo Fy=420 Mpa.,UF1,3701,ODT1-066,24878,24878,CAMPO,15,kg,900,1,1,900,,xls-1081
2026-01-16,10,TIERRAS,3701.02.05,EXPLANACIONES,Excavaciones en material común APROVECHABLE,UF1,3701,tm2 pk 19+000 - 20+875,19000,20875,TOPOGRAFIA,16,m3,3038,1,1.3,2336.9230769230767,,xls-1082
2026-01-16,85,TIERRAS,3702.02.07,EXPLANACIONES,Terraplenes (solo conformación),UF2,3702,tm2 pk 32+508 - 33+090,32508,33090,TOPOGRAFIA,16,m3,2436,1,1.3,1873.8461538461538,,xls-1083
2026-01-16,89,TIERRAS,3702.02.11,TRANSPORTE EXPLANACIONES,Transporte de la excavación de la explanación distancias mayores de mil metros (1000 m),UF2,3702,tm2 pk 32+508 - 33+090,32508,33090,CAMPO,16,m3-km,1873.84,1,1,1873.84,,xls-1084
2026-01-16,13,TIERRAS,3701.02.07,EXPLANACIONES,Terraplenes (solo conformación),UF1,3701,tm2 pk 20+875 - 22+650,20875,22650,TOPOGRAFIA,16,m3,420,1,1.3,323.07692307692304,,xls-1085
2026-01-16,16,TIERRAS,3701.02.10,TRANSPORTE EXPLANACIONES,Transporte de la excavación entre cien metros (100 m) y mil metros (1.000 m),UF1,3701,tm2 pk 20+875 - 22+650,20875,22650,CAMPO,16,m3-Estación,323.07,1,1,323.07,,xls-1086
2026-01-16,38,DRENAJES Y ESTRUCTURAS,3701.06.09,DRENAJE TRANSVERSAL,"Concreto clase  28 MPA (encoles, descoles, box, sumideros)",UF1,3701,ODT1-025,14363,14363,CAMPO,16,m3,4.5,1,1,4.5,,xls-1087
2026-01-16,30,DRENAJES Y ESTRUCTURAS,3701.06.01,DRENAJE TRANSVERSAL,Excavaciones varias sin clasicar,UF1,3701,ODT1-055,21161,21161,CAMPO,16,m3,55,1,1,55,,xls-1088
2026-01-16,36,DRENAJES Y ESTRUCTURAS,3701.06.07,DRENAJE TRANSVERSAL,"Concreto clase 14 MPA (solados, estructuras)",UF1,3701,ODT1-055,21161,21161,CAMPO,16,m3,3,1,1,3,,xls-1089
2026-01-16,33,DRENAJES Y ESTRUCTURAS,3701.06.04,DRENAJE TRANSVERSAL,Acero de refuerzo Fy=420 Mpa.,UF1,3701,ODT1-059,22221,22221,CAMPO,16,kg,60,1,1,60,,xls-1090
2026-01-16,33,DRENAJES Y ESTRUCTURAS,3701.06.04,DRENAJE TRANSVERSAL,Acero de refuerzo Fy=420 Mpa.,UF1,3701,ODT1-066,24878,24878,CAMPO,16,kg,950,1,1,950,,xls-1091
2026-01-17,10,TIERRAS,3701.02.05,EXPLANACIONES,Excavaciones en material común APROVECHABLE,UF1,3701,tm2 pk 19+000 - 20+875,19000,20875,TOPOGRAFIA,16,m3,1876,1,1.3,1443.076923076923,,xls-1092
2026-01-17,85,TIERRAS,3702.02.07,EXPLANACIONES,Terraplenes (solo conformación),UF2,3702,tm2 pk 32+508 - 33+090,32508,33090,TOPOGRAFIA,16,m3,840,1,1.3,646.1538461538461,,xls-1093
2026-01-17,89,TIERRAS,3702.02.11,TRANSPORTE EXPLANACIONES,Transporte de la excavación de la explanación distancias mayores de mil metros (1000 m),UF2,3702,tm2 pk 32+508 - 33+090,32508,33090,CAMPO,16,m3-km,646.15,1,1,646.15,,xls-1094
2026-01-17,13,TIERRAS,3701.02.07,EXPLANACIONES,Terraplenes (solo conformación),UF1,3701,tm2 pk 20+875 - 22+650,20875,22650,TOPOGRAFIA,16,m3,924,1,1.3,710.7692307692307,,xls-1095
2026-01-17,16,TIERRAS,3701.02.10,TRANSPORTE EXPLANACIONES,Transporte de la excavación entre cien metros (100 m) y mil metros (1.000 m),UF1,3701,tm2 pk 20+875 - 22+650,20875,22650,CAMPO,16,m3-Estación,710.79,1,1,710.79,,xls-1096
2026-01-17,36,DRENAJES Y ESTRUCTURAS,3701.06.07,DRENAJE TRANSVERSAL,"Concreto clase 14 MPA (solados, estructuras)",UF1,3701,ODT1-055,21161,21161,CAMPO,16,m3,2,1,1,2,,xls-1097
2026-01-17,33,DRENAJES Y ESTRUCTURAS,3701.06.04,DRENAJE TRANSVERSAL,Acero de refuerzo Fy=420 Mpa.,UF1,3701,ODT1-066,24878,24878,CAMPO,16,kg,550,1,1,550,,xls-1098
2026-01-19,10,TIERRAS,3701.02.05,EXPLANACIONES,Excavaciones en material común APROVECHABLE,UF1,3701,tm2 pk 19+000 - 20+875,19000,20875,TOPOGRAFIA,16,m3,2086,1,1.3,1604.6153846153845,,xls-1099
2026-01-19,85,TIERRAS,3702.02.07,EXPLANACIONES,Terraplenes (solo conformación),UF2,3702,tm2 pk 32+508 - 33+090,32508,33090,TOPOGRAFIA,16,m3,994,1,1.3,764.6153846153846,,xls-1100
2026-01-19,89,TIERRAS,3702.02.11,TRANSPORTE EXPLANACIONES,Transporte de la excavación de la explanación distancias mayores de mil metros (1000 m),UF2,3702,tm2 pk 32+508 - 33+090,32508,33090,CAMPO,16,m3-km,764.61,1,1,764.61,,xls-1101
2026-01-19,13,TIERRAS,3701.02.07,EXPLANACIONES,Terraplenes (solo conformación),UF1,3701,tm2 pk 20+875 - 22+650,20875,22650,TOPOGRAFIA,16,m3,756,1,1.3,581.5384615384615,,xls-1102
2026-01-19,16,TIERRAS,3701.02.10,TRANSPORTE EXPLANACIONES,Transporte de la excavación entre cien metros (100 m) y mil metros (1.000 m),UF1,3701,tm2 pk 20+875 - 22+650,20875,22650,CAMPO,16,m3-Estación,581.53,1,1,581.53,,xls-1103
2026-01-19,91,TIERRAS,3702.03.03,"BASES, SUBBASES Y AFIRMADOS",Base granular estabilizada con cemento (No incluye cemento),UF2,3702,tm2 pk 33+380 - 34+445,33380,34445,TOPOGRAFIA,16,m3,420,1,1.3,323.07692307692304,,xls-1104
2026-01-19,94,TIERRAS,3702.03.04,TRANSPORTE FIRMES,Transporte de base granular,UF2,3702,tm2 pk 33+380 - 34+445,33380,34445,CAMPO,16,m3-km,323.07,1,1,323.07,,xls-1105
2026-01-19,78,TIERRAS,3702.02.01,EXPLANACIONES,Desmonte y limpieza en bosque,UF2,3702,tm2 pk 32+508 - 33+090,32508,33090,TOPOGRAFIA,16,Ha,1600,0.0001,1,0.16,,xls-1106
2026-01-19,82,TIERRAS,3702.02.05,EXPLANACIONES,Excavaciones en material común NO APROVECHABLE,UF2,3702,tm2 pk 32+508 - 33+090,32508,33090,TOPOGRAFIA,16,m3,1600,1,1,1600,,xls-1107
2026-01-20,10,TIERRAS,3701.02.05,EXPLANACIONES,Excavaciones en material común APROVECHABLE,UF1,3701,tm2 pk 19+000 - 20+875,19000,20875,TOPOGRAFIA,16,m3,1064,1,1.3,818.4615384615385,,xls-1108
2026-01-20,85,TIERRAS,3702.02.07,EXPLANACIONES,Terraplenes (solo conformación),UF2,3702,tm2 pk 32+508 - 33+090,32508,33090,TOPOGRAFIA,16,m3,770,1,1.3,592.3076923076923,,xls-1109
2026-01-20,89,TIERRAS,3702.02.11,TRANSPORTE EXPLANACIONES,Transporte de la excavación de la explanación distancias mayores de mil metros (1000 m),UF2,3702,tm2 pk 32+508 - 33+090,32508,33090,CAMPO,16,m3-km,592.3,1,1,592.3,,xls-1110
2026-01-20,18,TIERRAS,3701.03.01,"BASES, SUBBASES Y AFIRMADOS",Subbase Granular,UF1,3701,tm2 pk 24+800 - 25+530,24800,25530,TOPOGRAFIA,16,m3,560,1,1.3,430.7692307692308,,xls-1111
2026-01-20,21,TIERRAS,3701.03.02,TRANSPORTE FIRMES,Transporte de subbase granular,UF1,3701,tm2 pk 24+800 - 25+530,24800,25530,CAMPO,16,m3-km,430.76,1,1,430.76,,xls-1112
2026-01-20,91,TIERRAS,3702.03.03,"BASES, SUBBASES Y AFIRMADOS",Base granular estabilizada con cemento (No incluye cemento),UF2,3702,tm2 pk 33+380 - 34+445,33380,34445,TOPOGRAFIA,16,m3,420,1,1.3,323.07692307692304,,xls-1113
2026-01-20,94,TIERRAS,3702.03.04,TRANSPORTE FIRMES,Transporte de base granular,UF2,3702,tm2 pk 33+380 - 34+445,33380,34445,CAMPO,16,m3-km,323.07,1,1,323.07,,xls-1114
2026-01-20,36,DRENAJES Y ESTRUCTURAS,3701.06.07,DRENAJE TRANSVERSAL,"Concreto clase 14 MPA (solados, estructuras)",UF1,3701,ODT1-055,21161,21161,CAMPO,16,m3,6,1,1,6,,xls-1115
2026-01-20,30,DRENAJES Y ESTRUCTURAS,3701.06.01,DRENAJE TRANSVERSAL,Excavaciones varias sin clasicar,UF1,3701,ODT1-055,21161,21161,CAMPO,16,m3,10,1,1,10,,xls-1116
2026-01-20,38,DRENAJES Y ESTRUCTURAS,3701.06.09,DRENAJE TRANSVERSAL,"Concreto clase  28 MPA (encoles, descoles, box, sumideros)",UF1,3701,ODT1-066,24878,24878,CAMPO,16,m3,21,1,1,21,,xls-1117
2026-01-20,33,DRENAJES Y ESTRUCTURAS,3701.06.04,DRENAJE TRANSVERSAL,Acero de refuerzo Fy=420 Mpa.,UF1,3701,ODT1-083,29600,29600,CAMPO,16,kg,1200,1,1,1200,,xls-1118
2026-01-21,10,TIERRAS,3701.02.05,EXPLANACIONES,Excavaciones en material común APROVECHABLE,UF1,3701,tm2 pk 19+000 - 20+875,19000,20875,TOPOGRAFIA,16,m3,2208,1,1.3,1698.4615384615383,,xls-1119
2026-01-21,85,TIERRAS,3702.02.07,EXPLANACIONES,Terraplenes (solo conformación),UF2,3702,tm2 pk 32+508 - 33+090,32508,33090,TOPOGRAFIA,16,m3,1218,1,1.3,936.9230769230769,,xls-1120
2026-01-21,13,TIERRAS,3701.02.07,EXPLANACIONES,Terraplenes (solo conformación),UF1,3701,tm2 pk 20+875 - 22+650,20875,22650,TOPOGRAFIA,16,m3,966,1,1.3,743.0769230769231,,xls-1121
2026-01-21,18,TIERRAS,3701.03.01,"BASES, SUBBASES Y AFIRMADOS",Subbase Granular,UF1,3701,tm2 pk 24+800 - 25+530,24800,25530,TOPOGRAFIA,16,m3,616,1,1.3,473.8461538461538,,xls-1122
2026-01-21,21,TIERRAS,3701.03.02,TRANSPORTE FIRMES,Transporte de subbase granular,UF1,3701,tm2 pk 24+800 - 25+530,24800,25530,CAMPO,16,m3-km,473.84,1,1,473.84,,xls-1123
2026-01-21,91,TIERRAS,3702.03.03,"BASES, SUBBASES Y AFIRMADOS",Base granular estabilizada con cemento (No incluye cemento),UF2,3702,tm2 pk 33+380 - 34+445,33380,34445,TOPOGRAFIA,16,m3,560,1,1.3,430.7692307692308,,xls-1124
2026-01-21,94,TIERRAS,3702.03.04,TRANSPORTE FIRMES,Transporte de base granular,UF2,3702,tm2 pk 33+380 - 34+445,33380,34445,CAMPO,16,m3-km,430.76,1,1,430.76,,xls-1125
2026-01-22,10,TIERRAS,3701.02.05,EXPLANACIONES,Excavaciones en material común APROVECHABLE,UF1,3701,tm2 pk 19+000 - 20+875,19000,20875,TOPOGRAFIA,16,m3,1680,1,1.3,1292.3076923076922,,xls-1126
2026-01-22,85,TIERRAS,3702.02.07,EXPLANACIONES,Terraplenes (solo conformación),UF2,3702,tm2 pk 32+508 - 33+090,32508,33090,TOPOGRAFIA,16,m3,742,1,1.3,570.7692307692307,,xls-1127
2026-01-22,89,TIERRAS,3702.02.11,TRANSPORTE EXPLANACIONES,Transporte de la excavación de la explanación distancias mayores de mil metros (1000 m),UF2,3702,tm2 pk 32+508 - 33+090,32508,33090,CAMPO,16,m3-km,570.79,1,1,570.79,,xls-1128
2026-01-22,13,TIERRAS,3701.02.07,EXPLANACIONES,Terraplenes (solo conformación),UF1,3701,tm2 pk 24+800 - 25+530,24800,25530,TOPOGRAFIA,16,m3,574,1,1.3,441.53846153846155,,xls-1129
2026-01-22,17,TIERRAS,3701.02.11,TRANSPORTE EXPLANACIONES,Transporte de la excavación de la explanación distancias mayores de mil metros (1000 m),UF1,3701,tm2 pk 24+800 - 25+530,24800,25530,CAMPO,16,m3-km,441.53,1,1,441.53,,xls-1130
2026-01-22,13,TIERRAS,3701.02.07,EXPLANACIONES,Terraplenes (solo conformación),UF1,3701,tm2 pk 20+875 - 22+650,20875,22650,TOPOGRAFIA,16,m3,308,1,1.3,236.9230769230769,,xls-1131
2026-01-22,16,TIERRAS,3701.02.10,TRANSPORTE EXPLANACIONES,Transporte de la excavación entre cien metros (100 m) y mil metros (1.000 m),UF1,3701,tm2 pk 20+875 - 22+650,20875,22650,CAMPO,16,m3-Estación,236.92,1,1,236.92,,xls-1132
2026-01-22,91,TIERRAS,3702.03.03,"BASES, SUBBASES Y AFIRMADOS",Base granular estabilizada con cemento (No incluye cemento),UF2,3702,tm2 pk 33+380 - 34+445,33380,34445,TOPOGRAFIA,16,m3,546,1,1.3,420,,xls-1133
2026-01-22,94,TIERRAS,3702.03.04,TRANSPORTE FIRMES,Transporte de base granular,UF2,3702,tm2 pk 33+380 - 34+445,33380,34445,CAMPO,16,m3-km,420,1,1,420,,xls-1134
2026-01-22,30,DRENAJES Y ESTRUCTURAS,3701.06.01,DRENAJE TRANSVERSAL,Excavaciones varias sin clasicar,UF1,3701,ODT1-053,20862,20862,CAMPO,16,m3,30,1,1,30,,xls-1135
2026-01-22,33,DRENAJES Y ESTRUCTURAS,3701.06.04,DRENAJE TRANSVERSAL,Acero de refuerzo Fy=420 Mpa.,UF1,3701,ODT1-055,21161,21161,CAMPO,16,kg,600,1,1,600,,xls-1136
2026-01-22,38,DRENAJES Y ESTRUCTURAS,3701.06.09,DRENAJE TRANSVERSAL,"Concreto clase  28 MPA (encoles, descoles, box, sumideros)",UF1,3701,ODT1-059,22221,22221,CAMPO,16,m3,2,1,1,2,,xls-1137
2026-01-22,33,DRENAJES Y ESTRUCTURAS,3701.06.04,DRENAJE TRANSVERSAL,Acero de refuerzo Fy=420 Mpa.,UF1,3701,ODT1-066,24878,24878,CAMPO,16,kg,750,1,1,750,,xls-1138
2026-01-23,10,TIERRAS,3701.02.05,EXPLANACIONES,Excavaciones en material común APROVECHABLE,UF1,3701,tm2 pk 19+000 - 20+875,19000,20875,TOPOGRAFIA,16,m3,2478,1,1.3,1906.1538461538462,,xls-1139
2026-01-23,13,TIERRAS,3701.02.07,EXPLANACIONES,Terraplenes (solo conformación),UF1,3701,tm2 pk 20+875 - 22+650,20875,22650,TOPOGRAFIA,16,m3,938,1,1.3,721.5384615384615,,xls-1140
2026-01-23,16,TIERRAS,3701.02.10,TRANSPORTE EXPLANACIONES,Transporte de la excavación entre cien metros (100 m) y mil metros (1.000 m),UF1,3701,tm2 pk 20+875 - 22+650,20875,22650,CAMPO,16,m3-Estación,721.53,1,1,721.53,,xls-1141
2026-01-23,85,TIERRAS,3702.02.07,EXPLANACIONES,Terraplenes (solo conformación),UF2,3702,tm2 pk 32+508 - 33+090,32508,33090,TOPOGRAFIA,16,m3,1540,1,1.3,1184.6153846153845,,xls-1142
2026-01-23,89,TIERRAS,3702.02.11,TRANSPORTE EXPLANACIONES,Transporte de la excavación de la explanación distancias mayores de mil metros (1000 m),UF2,3702,tm2 pk 32+508 - 33+090,32508,33090,CAMPO,16,m3-km,1184.61,1,1,1184.61,,xls-1143
2026-01-23,30,DRENAJES Y ESTRUCTURAS,3701.06.01,DRENAJE TRANSVERSAL,Excavaciones varias sin clasicar,UF1,3701,ODT1-053,20862,20862,CAMPO,16,m3,20,1,1,20,,xls-1144
2026-01-23,2,DRENAJES Y ESTRUCTURAS,3701.01.02,DEMOLICIONES Y REUBICACIONES,Demolición de Estructuras,UF1,3701,ODT1-053,20862,20862,CAMPO,16,m3,4,1,1,4,,xls-1145
2026-01-23,38,DRENAJES Y ESTRUCTURAS,3701.06.09,DRENAJE TRANSVERSAL,"Concreto clase  28 MPA (encoles, descoles, box, sumideros)",UF1,3701,ODT1-055,21161,21161,CAMPO,16,m3,6.5,1,1,6.5,,xls-1146
2026-01-23,33,DRENAJES Y ESTRUCTURAS,3701.06.04,DRENAJE TRANSVERSAL,Acero de refuerzo Fy=420 Mpa.,UF1,3701,ODT1-066,24878,24878,CAMPO,16,kg,150,1,1,150,,xls-1147
2026-01-24,10,TIERRAS,3701.02.05,EXPLANACIONES,Excavaciones en material común APROVECHABLE,UF1,3701,tm2 pk 19+000 - 20+875,19000,20875,TOPOGRAFIA,16,m3,1134,1,1.3,872.3076923076923,,xls-1148
2026-01-24,85,TIERRAS,3702.02.07,EXPLANACIONES,Terraplenes (solo conformación),UF2,3702,tm2 pk 32+508 - 33+090,32508,33090,TOPOGRAFIA,16,m3,644,1,1.3,495.38461538461536,,xls-1149
2026-01-24,13,TIERRAS,3701.02.07,EXPLANACIONES,Terraplenes (solo conformación),UF1,3701,tm2 pk 20+875 - 22+650,20875,22650,TOPOGRAFIA,16,m3,476,1,1.3,366.15384615384613,,xls-1150
2026-01-24,91,TIERRAS,3702.03.03,"BASES, SUBBASES Y AFIRMADOS",Base granular estabilizada con cemento (No incluye cemento),UF2,3702,tm2 pk 33+380 - 34+445,33380,34445,TOPOGRAFIA,16,m3,240,1,1.3,184.6153846153846,,xls-1151
2026-01-24,18,TIERRAS,3701.03.01,"BASES, SUBBASES Y AFIRMADOS",Subbase Granular,UF1,3701,tm2 pk 24+800 - 25+530,24800,25530,TOPOGRAFIA,16,m3,240,1,1.3,184.6153846153846,,xls-1152
2026-01-24,80,TIERRAS,3702.02.03,EXPLANACIONES,Desmonte y limpieza en zonas no boscosas,UF2,3702,tm2 pk 34+445 - 35+700,34445,35700,TOPOGRAFIA,16,Ha,1825,0.0001,1,0.1825,,xls-1153
2026-01-24,10,TIERRAS,3701.02.05,EXPLANACIONES,Excavaciones en material común NO APROVECHABLE,UF1,3701,tm2 pk 19+000 - 20+875,19000,20875,TOPOGRAFIA,16,m3,680,1,1.3,523.0769230769231,,xls-1154
2026-01-24,2,DRENAJES Y ESTRUCTURAS,3701.01.02,DEMOLICIONES Y REUBICACIONES,Demolición de Estructuras,UF1,3701,ODT1-053,20862,20862,CAMPO,16,m3,4,1,1,4,,xls-1155
2026-01-24,38,DRENAJES Y ESTRUCTURAS,3701.06.09,DRENAJE TRANSVERSAL,"Concreto clase  28 MPA (encoles, descoles, box, sumideros)",UF1,3701,ODT1-066,24878,24878,CAMPO,16,m3,8,1,1,8,,xls-1156
2026-01-24,33,DRENAJES Y ESTRUCTURAS,3701.06.04,DRENAJE TRANSVERSAL,Acero de refuerzo Fy=420 Mpa.,UF1,3701,ODT1-083,29600,29600,CAMPO,16,kg,400,1,1,400,,xls-1157
2026-01-24,2,DRENAJES Y ESTRUCTURAS,3701.01.02,DEMOLICIONES Y REUBICACIONES,Demolición de Estructuras,UF1,3701,ODT1-083,29600,29600,CAMPO,16,m3,9,1,1,9,,xls-1158
2026-01-26,10,TIERRAS,3701.02.05,EXPLANACIONES,Excavaciones en material común APROVECHABLE,UF1,3701,tm2 pk 19+000 - 20+875,19000,20875,TOPOGRAFIA,16,m3,1596,1,1.3,1227.6923076923076,,xls-1159
2026-01-26,85,TIERRAS,3702.02.07,EXPLANACIONES,Terraplenes (solo conformación),UF2,3702,tm2 pk 32+508 - 33+090,32508,33090,TOPOGRAFIA,16,m3,1148,1,1.3,883.0769230769231,,xls-1160
2026-01-26,85,TIERRAS,3702.02.07,EXPLANACIONES,Terraplenes (solo conformación),UF2,3702,tm2 pk 30+500 - 31+942,30500,31942,TOPOGRAFIA,16,m3,322,1,1.3,247.69230769230768,,xls-1161
2026-01-26,80,TIERRAS,3702.02.03,EXPLANACIONES,Desmonte y limpieza en zonas no boscosas,UF2,3702,tm2 pk 34+445 - 35+700,34445,35700,TOPOGRAFIA,16,Ha,1680,0.0001,1,0.168,,xls-1162
2026-01-26,34,DRENAJES Y ESTRUCTURAS,3701.06.05,DRENAJE TRANSVERSAL,Tubería de Concreto Reforzado de 900mm de diámetro interior (Tipo III),UF1,3701,ODT1-058,21714,21714,CAMPO,16,m,14,1,1,14,,xls-1163
2026-01-26,33,DRENAJES Y ESTRUCTURAS,3701.06.04,DRENAJE TRANSVERSAL,Acero de refuerzo Fy=420 Mpa.,UF1,3701,ODT1-066,24878,24878,CAMPO,16,kg,400,1,1,400,,xls-1164
2026-01-26,38,DRENAJES Y ESTRUCTURAS,3701.06.09,DRENAJE TRANSVERSAL,"Concreto clase  28 MPA (encoles, descoles, box, sumideros)",UF1,3701,ODT1-083,29600,29600,CAMPO,16,m3,8.5,1,1,8.5,,xls-1165
2026-01-27,91,TIERRAS,3702.03.03,"BASES, SUBBASES Y AFIRMADOS",Base granular estabilizada con cemento (No incluye cemento),UF2,3702,tm2 pk 33+380 - 34+445,33380,34445,TOPOGRAFIA,16,m3,70,1,1.3,53.84615384615385,,xls-1166
2026-01-27,18,TIERRAS,3701.03.01,"BASES, SUBBASES Y AFIRMADOS",Subbase Granular,UF1,3701,tm2 pk 24+800 - 25+530,24800,25530,TOPOGRAFIA,16,m3,182,1,1.3,140,,xls-1167
2026-01-27,6,TIERRAS,3701.02.01,EXPLANACIONES,Desmonte y limpieza en bosque,UF1,3701,tm2 pk 19+000 - 20+875,19000,20875,TOPOGRAFIA,16,Ha,1500,0.0001,1,0.15,,xls-1168
2026-01-27,10,TIERRAS,3701.02.05,EXPLANACIONES,Excavaciones en material común NO APROVECHABLE,UF1,3701,tm2 pk 24+800 - 25+530,24800,25530,TOPOGRAFIA,16,m3,45,0.8,1,36,,xls-1169
2026-01-27,10,TIERRAS,3701.02.05,EXPLANACIONES,Excavaciones en material común NO APROVECHABLE,UF1,3701,tm2 pk 19+000 - 20+875,19000,20875,TOPOGRAFIA,16,m3,100,0.3,1,30,,xls-1170
2026-01-27,33,DRENAJES Y ESTRUCTURAS,3701.06.04,DRENAJE TRANSVERSAL,Acero de refuerzo Fy=420 Mpa.,UF1,3701,ODT1-025,14363,14363,CAMPO,16,kg,800,1,1,800,,xls-1171
2026-01-27,33,DRENAJES Y ESTRUCTURAS,3701.06.04,DRENAJE TRANSVERSAL,Acero de refuerzo Fy=420 Mpa.,UF1,3701,ODT1-055,21161,21161,CAMPO,16,kg,80,1,1,80,,xls-1172
2026-01-27,33,DRENAJES Y ESTRUCTURAS,3701.06.04,DRENAJE TRANSVERSAL,Acero de refuerzo Fy=420 Mpa.,UF1,3701,ODT1-066,24878,24878,CAMPO,16,kg,160,1,1,160,,xls-1173
2026-01-27,38,DRENAJES Y ESTRUCTURAS,3701.06.09,DRENAJE TRANSVERSAL,"Concreto clase  28 MPA (encoles, descoles, box, sumideros)",UF1,3701,ODT1-066,24878,24878,CAMPO,16,m3,8.5,1,1,8.5,,xls-1174
2026-01-28,10,TIERRAS,3701.02.05,EXPLANACIONES,Excavaciones en material común APROVECHABLE,UF1,3701,tm2 pk 19+000 - 20+875,19000,20875,TOPOGRAFIA,16,m3,1862,1,1.3,1432.3076923076922,,xls-1175
2026-01-28,13,TIERRAS,3701.02.07,EXPLANACIONES,Terraplenes (solo conformación),UF1,3701,tm2 pk 20+875 - 22+650,20875,22650,TOPOGRAFIA,16,m3,686,1,1.3,527.6923076923076,,xls-1176
2026-01-28,85,TIERRAS,3702.02.07,EXPLANACIONES,Terraplenes (solo conformación),UF2,3702,tm2 pk 32+508 - 33+090,32508,33090,TOPOGRAFIA,16,m3,1092,1,1.3,840,,xls-1177
2026-01-28,10,TIERRAS,3701.02.05,EXPLANACIONES,Excavaciones en material común NO APROVECHABLE,UF1,3701,tm2 pk 24+800 - 25+530,24800,25530,TOPOGRAFIA,16,m3,112,1,1,112,,xls-1178
2026-01-28,13,TIERRAS,3701.02.07,EXPLANACIONES,Terraplenes (solo conformación),UF1,3701,tm2 pk 24+800 - 25+530,24800,25530,TOPOGRAFIA,16,m3,490,1,1,490,,xls-1179
2026-01-28,91,TIERRAS,3702.03.03,"BASES, SUBBASES Y AFIRMADOS",Base granular estabilizada con cemento (No incluye cemento),UF2,3702,tm2 pk 33+380 - 34+445,33380,34445,TOPOGRAFIA,16,m3,560,1,1.3,430.7692307692308,,xls-1180
2026-01-28,90,TIERRAS,3702.03.01,"BASES, SUBBASES Y AFIRMADOS",Subbase Granular,UF2,3702,tm2 pk 30+500 - 31+942,30500,31942,TOPOGRAFIA,16,m3,476,1,1.3,366.15384615384613,,xls-1181
2026-01-28,18,TIERRAS,3701.03.01,"BASES, SUBBASES Y AFIRMADOS",Subbase Granular,UF1,3701,tm2 pk 24+800 - 25+530,24800,25530,TOPOGRAFIA,16,m3,336,1,1.3,258.46153846153845,,xls-1182
2026-01-28,33,DRENAJES Y ESTRUCTURAS,3701.06.04,DRENAJE TRANSVERSAL,Acero de refuerzo Fy=420 Mpa.,UF1,3701,ODT1-025,14363,14363,CAMPO,16,kg,1000,1,1,1000,,xls-1183
2026-01-28,36,DRENAJES Y ESTRUCTURAS,3701.06.07,DRENAJE TRANSVERSAL,"Concreto clase 14 MPA (solados, estructuras)",UF1,3701,ODT1-053,20862,20862,CAMPO,16,m3,3,1,1,3,,xls-1184
2026-01-28,36,DRENAJES Y ESTRUCTURAS,3701.06.07,DRENAJE TRANSVERSAL,"Concreto clase 14 MPA (solados, estructuras)",UF1,3701,ODT1-058,21714,21714,CAMPO,16,m3,2,1,1,2,,xls-1185
2026-01-28,33,DRENAJES Y ESTRUCTURAS,3701.06.04,DRENAJE TRANSVERSAL,Acero de refuerzo Fy=420 Mpa.,UF1,3701,ODT1-066,24878,24878,CAMPO,16,kg,650,1,1,650,,xls-1186
2026-01-28,34,DRENAJES Y ESTRUCTURAS,3701.06.05,DRENAJE TRANSVERSAL,Tubería de Concreto Reforzado de 900mm de diámetro interior (Tipo III),UF1,3701,ODT1-058,21714,21714,CAMPO,16,m,14,1,1,14,,xls-1187
2026-01-29,10,TIERRAS,3701.02.05,EXPLANACIONES,Excavaciones en material común APROVECHABLE,UF1,3701,tm2 pk 19+000 - 20+875,19000,20875,TOPOGRAFIA,16,m3,1652,1,1.3,1270.7692307692307,,xls-1188
2026-01-29,13,TIERRAS,3701.02.07,EXPLANACIONES,Terraplenes (solo conformación),UF1,3701,tm2 pk 20+875 - 22+650,20875,22650,TOPOGRAFIA,16,m3,392,1,1.3,301.53846153846155,,xls-1189
2026-01-29,85,TIERRAS,3702.02.07,EXPLANACIONES,Terraplenes (solo conformación),UF2,3702,tm2 pk 32+508 - 33+090,32508,33090,TOPOGRAFIA,16,m3,868,1,1.3,667.6923076923076,,xls-1190
2026-01-29,85,TIERRAS,3702.02.07,EXPLANACIONES,Terraplenes (solo conformación),UF2,3702,tm2 pk 30+500 - 31+942,30500,31942,TOPOGRAFIA,16,m3,140,1,1,140,,xls-1191
2026-01-29,13,TIERRAS,3701.02.07,EXPLANACIONES,Terraplenes (solo conformación),UF1,3701,tm2 pk 28+303 - 29+600,28303,29600,TOPOGRAFIA,16,m3,182,1,1.3,140,,xls-1192
2026-01-29,78,TIERRAS,3702.02.01,EXPLANACIONES,Desmonte y limpieza en bosque,UF2,3702,tm2 pk 34+445 - 35+700,34445,35700,TOPOGRAFIA,16,Ha,1420,0.0001,1,0.14200000000000002,,xls-1193
2026-01-29,6,TIERRAS,3701.02.01,EXPLANACIONES,Desmonte y limpieza en bosque,UF1,3701,tm2 pk 16+210 - 17+120,16210,17120,TOPOGRAFIA,16,Ha,2150,0.0001,1,0.215,,xls-1194
2026-01-29,91,TIERRAS,3702.03.03,"BASES, SUBBASES Y AFIRMADOS",Base granular estabilizada con cemento (No incluye cemento),UF2,3702,tm2 pk 33+380 - 34+445,33380,34445,TOPOGRAFIA,16,m3,611,1,1.3,470,,xls-1195
2026-01-29,38,DRENAJES Y ESTRUCTURAS,3701.06.09,DRENAJE TRANSVERSAL,"Concreto clase  28 MPA (encoles, descoles, box, sumideros)",UF1,3701,ODT1-025,14363,14363,CAMPO,16,m3,15.5,1,1,15.5,,xls-1196
2026-01-29,36,DRENAJES Y ESTRUCTURAS,3701.06.07,DRENAJE TRANSVERSAL,"Concreto clase 14 MPA (solados, estructuras)",UF1,3701,ODT1-053,20862,20862,CAMPO,16,m3,2.5,1,1,2.5,,xls-1197
2026-01-29,34,DRENAJES Y ESTRUCTURAS,3701.06.05,DRENAJE TRANSVERSAL,Tubería de Concreto Reforzado de 900mm de diámetro interior (Tipo III),UF1,3701,ODT1-058,21714,21714,CAMPO,16,m,20,1,1,20,,xls-1198
2026-01-29,33,DRENAJES Y ESTRUCTURAS,3701.06.04,DRENAJE TRANSVERSAL,Acero de refuerzo Fy=420 Mpa.,UF1,3701,ODT1-083,29600,29600,CAMPO,16,kg,200,1,1,200,,xls-1199
2026-01-29,38,DRENAJES Y ESTRUCTURAS,3701.06.09,DRENAJE TRANSVERSAL,"Concreto clase  28 MPA (encoles, descoles, box, sumideros)",UF1,3701,ODT1-083,29600,29600,CAMPO,16,m3,2.5,1,1,2.5,,xls-1200
2026-01-30,10,TIERRAS,3701.02.05,EXPLANACIONES,Excavaciones en material común APROVECHABLE,UF1,3701,tm2 pk 19+000 - 20+875,19000,20875,TOPOGRAFIA,16,m3,1988,1,1.3,1529.2307692307693,,xls-1201
2026-01-30,85,TIERRAS,3702.02.07,EXPLANACIONES,Terraplenes (solo conformación),UF2,3702,tm2 pk 32+508 - 33+090,32508,33090,TOPOGRAFIA,16,m3,952,1,1.3,732.3076923076923,,xls-1202
2026-01-30,13,TIERRAS,3701.02.07,EXPLANACIONES,Terraplenes (solo conformación),UF1,3701,tm2 pk 16+210 - 17+120,16210,17120,TOPOGRAFIA,16,m3,588,1,1.3,452.30769230769226,,xls-1203
2026-01-30,13,TIERRAS,3701.02.07,EXPLANACIONES,Terraplenes (solo conformación),UF1,3701,tm2 pk 28+303 - 29+600,28303,29600,TOPOGRAFIA,16,m3,378,1,1.3,290.7692307692308,,xls-1204
2026-01-30,18,TIERRAS,3701.03.01,"BASES, SUBBASES Y AFIRMADOS",Subbase Granular,UF1,3701,tm2 pk 28+303 - 29+600,28303,29600,TOPOGRAFIA,16,m3,392,1,1.3,301.53846153846155,,xls-1205
2026-01-30,90,TIERRAS,3702.03.01,"BASES, SUBBASES Y AFIRMADOS",Subbase Granular,UF2,3702,tm2 pk 30+500 - 31+942,30500,31942,TOPOGRAFIA,16,m3,196,1,1.3,150.76923076923077,,xls-1206
2026-01-30,91,TIERRAS,3702.03.03,"BASES, SUBBASES Y AFIRMADOS",Base granular estabilizada con cemento (No incluye cemento),UF2,3702,tm2 pk 33+380 - 34+445,33380,34445,TOPOGRAFIA,16,m3,563,1,1.3,433.07692307692304,,xls-1207
2026-01-30,78,TIERRAS,3702.02.01,EXPLANACIONES,Desmonte y limpieza en bosque,UF2,3702,tm2 pk 31+942 - 32+508,31942,32508,TOPOGRAFIA,16,Ha,1787,0.0001,1,0.1787,,xls-1208
2026-01-30,6,TIERRAS,3701.02.01,EXPLANACIONES,Desmonte y limpieza en bosque,UF1,3701,tm2 pk 16+210 - 17+120,16210,17120,TOPOGRAFIA,16,Ha,3456,0.0001,1,0.3456,,xls-1209
2026-01-30,10,TIERRAS,3701.02.05,EXPLANACIONES,Excavaciones en material común NO APROVECHABLE,UF1,3701,tm2 pk 16+210 - 17+120,16210,17120,TOPOGRAFIA,16,m3,345,1,1,345,,xls-1210
2026-01-30,34,DRENAJES Y ESTRUCTURAS,3701.06.05,DRENAJE TRANSVERSAL,Tubería de Concreto Reforzado de 900mm de diámetro interior (Tipo III),UF1,3701,ODT1-053,20862,20862,CAMPO,16,m,24,1,1,24,,xls-1211
2026-01-30,36,DRENAJES Y ESTRUCTURAS,3701.06.07,DRENAJE TRANSVERSAL,"Concreto clase 14 MPA (solados, estructuras)",UF1,3701,ODT1-058,21714,21714,CAMPO,16,m3,12,1,1,12,,xls-1212
2026-01-30,33,DRENAJES Y ESTRUCTURAS,3701.06.04,DRENAJE TRANSVERSAL,Acero de refuerzo Fy=420 Mpa.,UF1,3701,ODT1-083,29600,29600,CAMPO,16,kg,150,1,1,150,,xls-1213
2026-01-31,10,TIERRAS,3701.02.05,EXPLANACIONES,Excavaciones en material común APROVECHABLE,UF1,3701,tm2 pk 19+000 - 20+875,19000,20875,TOPOGRAFIA,16,m3,1190,1,1.3,915.3846153846154,,xls-1214
2026-01-30,82,TIERRAS,3702.02.05,EXPLANACIONES,Excavaciones en material común NO APROVECHABLE,UF2,3702,tm2 pk 31+942 - 32+508,31942,32508,TOPOGRAFIA,16,m3,1787,1,1,1787,descapote,xls-1215
2026-01-31,85,TIERRAS,3702.02.07,EXPLANACIONES,Terraplenes (solo conformación),UF2,3702,tm2 pk 31+942 - 32+508,31942,32508,TOPOGRAFIA,16,m3,546,1,1.3,420,,xls-1216
2026-01-31,13,TIERRAS,3701.02.07,EXPLANACIONES,Terraplenes (solo conformación),UF1,3701,tm2 pk 16+210 - 17+120,16210,17120,TOPOGRAFIA,16,m3,644,1,1.3,495.38461538461536,,xls-1217
2026-01-31,18,TIERRAS,3701.03.01,"BASES, SUBBASES Y AFIRMADOS",Subbase Granular,UF1,3701,tm2 pk 28+303 - 29+600,28303,29600,TOPOGRAFIA,16,m3,11,1,1.3,8.461538461538462,,xls-1218
2026-01-31,90,TIERRAS,3702.03.01,"BASES, SUBBASES Y AFIRMADOS",Subbase Granular,UF2,3702,tm2 pk 30+500 - 31+942,30500,31942,TOPOGRAFIA,16,m3,6,1,1.3,4.615384615384615,,xls-1219
2026-01-31,82,TIERRAS,3702.02.05,EXPLANACIONES,Excavaciones en material común NO APROVECHABLE,UF2,3702,tm2 pk 31+942 - 32+508,31942,32508,TOPOGRAFIA,16,m3,720,1,1.3,553.8461538461538,,xls-1220
2026-01-31,78,TIERRAS,3702.02.01,EXPLANACIONES,Desmonte y limpieza en bosque,UF2,3702,tm2 pk 31+942 - 32+508,31942,32508,TOPOGRAFIA,16,Ha,720,0.0001,1,0.07200000000000001,,xls-1221
2026-01-31,10,TIERRAS,3701.02.05,EXPLANACIONES,Excavaciones en material común NO APROVECHABLE,UF1,3701,tm2 pk 16+210 - 17+120,16210,17120,TOPOGRAFIA,16,m3,720,1,1.3,553.8461538461538,,xls-1222
2026-02-02,91,TIERRAS,3702.03.03,"BASES, SUBBASES Y AFIRMADOS",Base granular estabilizada con cemento (No incluye cemento),UF2,3702,tm2 pk 30+500 - 31+942,30500,31942,TOPOGRAFIA,16,m3,336,1,1.3,258.46153846153845,,xls-1223
2026-01-31,82,TIERRAS,3702.02.05,EXPLANACIONES,Excavaciones en material común NO APROVECHABLE,UF2,3702,tm2 pk 31+942 - 32+508,31942,32508,TOPOGRAFIA,16,m3,1500,1,1.3,1153.8461538461538,,xls-1224
2026-02-02,78,TIERRAS,3702.02.01,EXPLANACIONES,Desmonte y limpieza en bosque,UF2,3702,tm2 pk 31+942 - 32+508,31942,32508,TOPOGRAFIA,16,Ha,1500,0.0001,1,0.15,,xls-1225
2026-02-02,6,TIERRAS,3701.02.01,EXPLANACIONES,Desmonte y limpieza en bosque,UF1,3701,tm2 pk 16+210 - 17+120,16210,17120,TOPOGRAFIA,16,Ha,1750,0.0001,1,0.17500000000000002,,xls-1226
2026-01-31,34,DRENAJES Y ESTRUCTURAS,3701.06.05,DRENAJE TRANSVERSAL,Tubería de Concreto Reforzado de 900mm de diámetro interior (Tipo III),UF1,3701,ODT1-053,20862,20862,CAMPO,16,m,6,1,1,6,,xls-1227
2026-01-31,38,DRENAJES Y ESTRUCTURAS,3701.06.09,DRENAJE TRANSVERSAL,"Concreto clase  28 MPA (encoles, descoles, box, sumideros)",UF1,3701,ODT1-066,24878,24878,CAMPO,16,m3,7.3,1,1,7.3,,xls-1228
2026-02-02,34,DRENAJES Y ESTRUCTURAS,3701.06.05,DRENAJE TRANSVERSAL,Tubería de Concreto Reforzado de 900mm de diámetro interior (Tipo III),UF1,3701,ODT1-058,21714,21714,CAMPO,16,m,6,1,1,6,,xls-1229
2026-02-02,38,DRENAJES Y ESTRUCTURAS,3701.06.09,DRENAJE TRANSVERSAL,"Concreto clase  28 MPA (encoles, descoles, box, sumideros)",UF1,3701,ODT1-083,29600,29600,CAMPO,16,m3,2,1,1,2,,xls-1230
2026-02-03,10,TIERRAS,3701.02.05,EXPLANACIONES,Excavaciones en material común APROVECHABLE,UF1,3701,tm2 pk 19+000 - 20+875,19000,20875,TOPOGRAFIA,16,m3,1806,1,1.3,1389.2307692307693,,xls-1231
2026-02-03,85,TIERRAS,3702.02.07,EXPLANACIONES,Terraplenes (solo conformación),UF2,3702,tm2 pk 31+942 - 32+508,31942,32508,TOPOGRAFIA,16,m3,1036,1,1.3,796.9230769230769,,xls-1232
2026-02-03,13,TIERRAS,3701.02.07,EXPLANACIONES,Terraplenes (solo conformación),UF1,3701,tm2 pk 16+210 - 17+120,16210,17120,TOPOGRAFIA,16,m3,728,1,1.3,560,,xls-1233
2026-02-03,6,TIERRAS,3701.02.01,EXPLANACIONES,Desmonte y limpieza en bosque,UF1,3701,tm2 pk 16+210 - 17+120,16210,17120,TOPOGRAFIA,16,Ha,936,0.0001,1,0.0936,,xls-1234
2026-02-03,6,TIERRAS,3701.02.01,EXPLANACIONES,Desmonte y limpieza en bosque,UF1,3701,tm2 pk 19+000 - 20+875,19000,20875,TOPOGRAFIA,16,Ha,1874,0.0001,1,0.1874,,xls-1235
2026-02-03,91,TIERRAS,3702.03.03,"BASES, SUBBASES Y AFIRMADOS",Base granular estabilizada con cemento (No incluye cemento),UF2,3702,tm2 pk 30+500 - 31+942,30500,31942,TOPOGRAFIA,16,m3,336,1,1.3,258.46153846153845,,xls-1236
2026-02-03,36,DRENAJES Y ESTRUCTURAS,3701.06.07,DRENAJE TRANSVERSAL,"Concreto clase 14 MPA (solados, estructuras)",UF1,3701,ODT1-053,20862,20862,CAMPO,16,m3,10,1,1,10,,xls-1237
2026-02-03,36,DRENAJES Y ESTRUCTURAS,3701.06.07,DRENAJE TRANSVERSAL,"Concreto clase 14 MPA (solados, estructuras)",UF1,3701,ODT1-058,21714,21714,CAMPO,16,m3,2,1,1,2,,xls-1238
2026-02-03,38,DRENAJES Y ESTRUCTURAS,3701.06.09,DRENAJE TRANSVERSAL,"Concreto clase  28 MPA (encoles, descoles, box, sumideros)",UF1,3701,ODT1-066,24878,24878,CAMPO,16,m3,4,1,1,4,,xls-1239
2026-02-03,33,DRENAJES Y ESTRUCTURAS,3701.06.04,DRENAJE TRANSVERSAL,Acero de refuerzo Fy=420 Mpa.,UF1,3701,ODT1-083,29600,29600,CAMPO,16,kg,94,1.52,1,142.88,,xls-1240
2026-02-04,10,TIERRAS,3701.02.05,EXPLANACIONES,Excavaciones en material común NO APROVECHABLE,UF1,3701,tm2 pk 16+210 - 17+120,16210,17120,TOPOGRAFIA,16,m3,1350,1,1.3,1038.4615384615383,,xls-1241
2026-02-04,6,TIERRAS,3701.02.01,EXPLANACIONES,Desmonte y limpieza en bosque,UF1,3701,tm2 pk 19+000 - 20+875,19000,20875,TOPOGRAFIA,16,Ha,1587,0.0001,1,0.1587,,xls-1242
2026-02-04,36,DRENAJES Y ESTRUCTURAS,3701.06.07,DRENAJE TRANSVERSAL,"Concreto clase 14 MPA (solados, estructuras)",UF1,3701,ODT1-058,21714,21714,CAMPO,16,m3,2,1,1,2,,xls-1243
2026-02-04,30,DRENAJES Y ESTRUCTURAS,3701.06.01,DRENAJE TRANSVERSAL,Excavaciones varias sin clasicar,UF1,3701,ODT1-058,21714,21714,CAMPO,16,m3,21,1,1,21,,xls-1244
2026-02-04,33,DRENAJES Y ESTRUCTURAS,3701.06.04,DRENAJE TRANSVERSAL,Acero de refuerzo Fy=420 Mpa.,UF1,3701,ODT1-066,24878,24878,CAMPO,16,kg,200,1,1,200,,xls-1245
2026-02-04,33,DRENAJES Y ESTRUCTURAS,3701.06.04,DRENAJE TRANSVERSAL,Acero de refuerzo Fy=420 Mpa.,UF1,3701,ODT1-083,29600,29600,CAMPO,16,kg,400,1,1,400,,xls-1246
2026-02-04,91,TIERRAS,3702.03.03,"BASES, SUBBASES Y AFIRMADOS",Base granular estabilizada con cemento (No incluye cemento),UF2,3702,tm2 pk 30+500 - 31+942,30500,31942,TOPOGRAFIA,16,m3,308,1,1.3,236.9230769230769,,xls-1247
2026-02-05,10,TIERRAS,3701.02.05,EXPLANACIONES,Excavaciones en material común APROVECHABLE,UF1,3701,tm2 pk 19+000 - 20+875,19000,20875,TOPOGRAFIA,16,m3,2506,1,1.3,1927.6923076923076,,xls-1248
2026-02-05,13,TIERRAS,3701.02.07,EXPLANACIONES,Terraplenes (solo conformación),UF1,3701,tm2 pk 16+210 - 17+120,16210,17120,TOPOGRAFIA,16,m3,826,1,1.3,635.3846153846154,,xls-1249
2026-02-05,13,TIERRAS,3701.02.07,EXPLANACIONES,Terraplenes (solo conformación),UF1,3701,tm2 pk 28+303 - 29+600,28303,29600,TOPOGRAFIA,16,m3,602,1,1.3,463.07692307692304,,xls-1250
2026-02-05,85,TIERRAS,3702.02.07,EXPLANACIONES,Terraplenes (solo conformación),UF2,3702,tm2 pk 31+942 - 32+508,31942,32508,TOPOGRAFIA,16,m3,1008,1,1.3,775.3846153846154,,xls-1251
2026-02-05,13,TIERRAS,3701.02.07,EXPLANACIONES,Terraplenes (solo conformación),UF1,3701,tm2 pk 24+800 - 25+530,24800,25530,TOPOGRAFIA,16,m3,28,1,1.3,21.538461538461537,,xls-1252
2026-02-05,18,TIERRAS,3701.03.01,"BASES, SUBBASES Y AFIRMADOS",Subbase Granular,UF1,3701,tm2 pk 24+800 - 25+530,24800,25530,TOPOGRAFIA,16,m3,154,1,1.3,118.46153846153845,,xls-1253
2026-02-05,10,TIERRAS,3701.02.05,EXPLANACIONES,Excavaciones en material común NO APROVECHABLE,UF1,3701,tm2 pk 16+210 - 17+120,16210,17120,TOPOGRAFIA,16,m3,12.5,2.7,1,33.75,,xls-1254
2026-02-05,6,TIERRAS,3701.02.01,EXPLANACIONES,Desmonte y limpieza en bosque,UF1,3701,tm2 pk 19+000 - 20+875,19000,20875,TOPOGRAFIA,16,Ha,1248,0.0001,1,0.12480000000000001,,xls-1255
2026-02-05,33,DRENAJES Y ESTRUCTURAS,3701.06.04,DRENAJE TRANSVERSAL,Acero de refuerzo Fy=420 Mpa.,UF1,3701,ODT1-025,14363,14363,CAMPO,16,kg,800,1,1,800,,xls-1256
2026-02-05,30,DRENAJES Y ESTRUCTURAS,3701.06.01,DRENAJE TRANSVERSAL,Excavaciones varias sin clasicar,UF1,3701,ODT1-053,20862,20862,CAMPO,16,m3,50,1,1,50,,xls-1257
2026-02-05,3,DRENAJES Y ESTRUCTURAS,3701.01.03,DEMOLICIONES Y REUBICACIONES,Remoción de alcantarillas,UF1,3701,ODT1-053,20862,20862,CAMPO,16,m,10,1,1,10,,xls-1258
2026-02-05,33,DRENAJES Y ESTRUCTURAS,3701.06.04,DRENAJE TRANSVERSAL,Acero de refuerzo Fy=420 Mpa.,UF1,3701,ODT1-055,21161,21161,CAMPO,16,kg,80,1,1,80,,xls-1259
2026-02-05,36,DRENAJES Y ESTRUCTURAS,3701.06.07,DRENAJE TRANSVERSAL,"Concreto clase 14 MPA (solados, estructuras)",UF1,3701,ODT1-058,21714,21714,CAMPO,16,m3,2,1,1,2,,xls-1260
2026-02-05,33,DRENAJES Y ESTRUCTURAS,3701.06.04,DRENAJE TRANSVERSAL,Acero de refuerzo Fy=420 Mpa.,UF1,3701,ODT1-066,24878,24878,CAMPO,16,kg,100,1,1,100,,xls-1261
2026-02-05,38,DRENAJES Y ESTRUCTURAS,3701.06.09,DRENAJE TRANSVERSAL,"Concreto clase  28 MPA (encoles, descoles, box, sumideros)",UF1,3701,ODT1-083,29600,29600,CAMPO,16,m3,4,1,1,4,,xls-1262
2026-02-06,18,TIERRAS,3701.03.01,"BASES, SUBBASES Y AFIRMADOS",Subbase Granular,UF1,3701,tm2 pk 24+800 - 25+530,24800,25530,TOPOGRAFIA,16,m3,450,1,1.3,346.15384615384613,,xls-1263
2026-02-06,33,DRENAJES Y ESTRUCTURAS,3701.06.04,DRENAJE TRANSVERSAL,Acero de refuerzo Fy=420 Mpa.,UF1,3701,ODT1-025,14363,14363,CAMPO,16,kg,950,1,1,950,,xls-1264
2026-02-06,36,DRENAJES Y ESTRUCTURAS,3701.06.07,DRENAJE TRANSVERSAL,"Concreto clase 14 MPA (solados, estructuras)",UF1,3701,ODT1-037,16711,16711,CAMPO,16,m3,3,1,1,3,,xls-1265
2026-02-06,34,DRENAJES Y ESTRUCTURAS,3701.06.05,DRENAJE TRANSVERSAL,Tubería de Concreto Reforzado de 900mm de diámetro interior (Tipo III),UF1,3701,ODT1-058,21714,21714,CAMPO,16,m,12,1,1,12,,xls-1266
2026-02-06,33,DRENAJES Y ESTRUCTURAS,3701.06.04,DRENAJE TRANSVERSAL,Acero de refuerzo Fy=420 Mpa.,UF1,3701,ODT1-055,21161,21161,CAMPO,16,kg,50,1,1,50,,xls-1267
2026-02-02,95,PAVIMENTOS,3702.04.01,PAVIMENTOS ASFALTICOS,Riego de imprimación con emulsión asfáltica,UF2,3702,tm2 pk 30+500 - 31+942,30500,31942,CAMPO,16,m2,12186,1,1,12186,,xls-1268
2026-02-02,95,PAVIMENTOS,3702.04.01,PAVIMENTOS ASFALTICOS,Riego de imprimación con emulsión asfáltica,UF2,3702,tm2 pk 33+380 - 34+445,33380,34445,CAMPO,16,m2,9504,1,1,9504,,xls-1269
2026-02-07,18,TIERRAS,3701.03.01,"BASES, SUBBASES Y AFIRMADOS",Subbase Granular,UF1,3701,tm2 pk 28+303 - 29+600,28303,29600,TOPOGRAFIA,16,m3,225,1,1.3,173.07692307692307,,xls-1270
2026-02-07,6,TIERRAS,3701.02.01,EXPLANACIONES,Desmonte y limpieza en bosque,UF1,3701,tm2 pk 16+210 - 17+120,16210,17120,TOPOGRAFIA,16,Ha,1473,0.0001,1,0.14730000000000001,,xls-1271
2026-02-07,38,DRENAJES Y ESTRUCTURAS,3701.06.09,DRENAJE TRANSVERSAL,"Concreto clase  28 MPA (encoles, descoles, box, sumideros)",UF1,3701,ODT1-025,14363,14363,CAMPO,16,m3,14.5,1,1,14.5,,xls-1272
2026-02-07,34,DRENAJES Y ESTRUCTURAS,3701.06.05,DRENAJE TRANSVERSAL,Tubería de Concreto Reforzado de 900mm de diámetro interior (Tipo III),UF1,3701,ODT1-037,16711,16711,CAMPO,16,m,5,1,1,5,,xls-1273
2026-02-07,33,DRENAJES Y ESTRUCTURAS,3701.06.04,DRENAJE TRANSVERSAL,Acero de refuerzo Fy=420 Mpa.,UF1,3701,ODT1-055,21161,21161,CAMPO,16,kg,40,1,1,40,,xls-1274
2026-02-07,38,DRENAJES Y ESTRUCTURAS,3701.06.09,DRENAJE TRANSVERSAL,"Concreto clase  28 MPA (encoles, descoles, box, sumideros)",UF1,3701,ODT1-066,24878,24878,CAMPO,16,m3,6.5,1,1,6.5,,xls-1275
2026-02-09,10,TIERRAS,3701.02.05,EXPLANACIONES,Excavaciones en material común APROVECHABLE,UF1,3701,tm2 pk 19+000 - 20+875,19000,20875,TOPOGRAFIA,16,m3,2268,1,1.3,1744.6153846153845,,xls-1276
2026-02-09,13,TIERRAS,3701.02.07,EXPLANACIONES,Terraplenes (solo conformación),UF1,3701,tm2 pk 28+303 - 29+600,28303,29600,TOPOGRAFIA,16,m3,938,1,1.3,721.5384615384615,,xls-1277
2026-02-09,13,TIERRAS,3701.02.07,EXPLANACIONES,Terraplenes (solo conformación),UF1,3701,tm2 pk 16+210 - 17+120,16210,17120,TOPOGRAFIA,16,m3,1162,1,1.3,893.8461538461538,,xls-1278
2026-02-09,13,TIERRAS,3701.02.07,EXPLANACIONES,Terraplenes (solo conformación),UF1,3701,tm2 pk 20+875 - 22+650,20875,22650,TOPOGRAFIA,16,m3,168,1,1.3,129.23076923076923,,xls-1279
2026-02-09,10,TIERRAS,3701.02.05,EXPLANACIONES,Excavaciones en material común NO APROVECHABLE,UF1,3701,tm2 pk 16+210 - 17+120,16210,17120,TOPOGRAFIA,16,m3,532,1,1.3,409.2307692307692,,xls-1280
2026-02-09,34,DRENAJES Y ESTRUCTURAS,3701.06.05,DRENAJE TRANSVERSAL,Tubería de Concreto Reforzado de 900mm de diámetro interior (Tipo III),UF1,3701,ODT1-037,16711,16711,CAMPO,16,m,13,1,1,13,,xls-1281
2026-02-09,33,DRENAJES Y ESTRUCTURAS,3701.06.04,DRENAJE TRANSVERSAL,Acero de refuerzo Fy=420 Mpa.,UF1,3701,ODT1-053,20862,20862,CAMPO,16,kg,50,1,1,50,,xls-1282
2026-02-09,36,DRENAJES Y ESTRUCTURAS,3701.06.07,DRENAJE TRANSVERSAL,"Concreto clase 14 MPA (solados, estructuras)",UF1,3701,ODT1-058,21714,21714,CAMPO,16,m3,2,1,1,2,,xls-1283
2026-02-09,33,DRENAJES Y ESTRUCTURAS,3701.06.04,DRENAJE TRANSVERSAL,Acero de refuerzo Fy=420 Mpa.,UF1,3701,ODT1-066,24878,24878,CAMPO,16,kg,100,1,1,100,,xls-1284
2026-02-09,33,DRENAJES Y ESTRUCTURAS,3701.06.04,DRENAJE TRANSVERSAL,Acero de refuerzo Fy=420 Mpa.,UF1,3701,ODT1-083,29600,29600,CAMPO,16,kg,460,1,1,460,,xls-1285
2026-02-10,10,TIERRAS,3701.02.05,EXPLANACIONES,Excavaciones en material común APROVECHABLE,UF1,3701,tm2 pk 19+000 - 20+875,19000,20875,TOPOGRAFIA,16,m3,2800,1,1.3,2153.846153846154,,xls-1286
2026-02-10,13,TIERRAS,3701.02.07,EXPLANACIONES,Terraplenes (solo conformación),UF1,3701,tm2 pk 28+303 - 29+600,28303,29600,TOPOGRAFIA,16,m3,938,1,1.3,721.5384615384615,,xls-1287
2026-02-10,13,TIERRAS,3701.02.07,EXPLANACIONES,Terraplenes (solo conformación),UF1,3701,tm2 pk 16+210 - 17+120,16210,17120,TOPOGRAFIA,16,m3,1582,1,1.3,1216.923076923077,,xls-1288
2026-02-10,13,TIERRAS,3701.02.07,EXPLANACIONES,Terraplenes (solo conformación),UF1,3701,tm2 pk 20+875 - 22+650,20875,22650,TOPOGRAFIA,16,m3,140,1,1.3,107.6923076923077,,xls-1289
2026-02-10,13,TIERRAS,3701.02.07,EXPLANACIONES,Terraplenes (solo conformación),UF1,3701,tm2 pk 16+210 - 17+120,16210,17120,TOPOGRAFIA,16,m3,148,1,1,148,,xls-1290
2026-02-10,10,TIERRAS,3701.02.05,EXPLANACIONES,Excavaciones en material común NO APROVECHABLE,UF1,3701,tm2 pk 16+210 - 17+120,16210,17120,TOPOGRAFIA,16,m3,298,1,1,298,,xls-1291
2026-02-10,36,DRENAJES Y ESTRUCTURAS,3701.06.07,DRENAJE TRANSVERSAL,"Concreto clase 14 MPA (solados, estructuras)",UF1,3701,ODT1-037,16711,16711,CAMPO,16,m3,6,1,1,6,,xls-1292
2026-02-10,33,DRENAJES Y ESTRUCTURAS,3701.06.04,DRENAJE TRANSVERSAL,Acero de refuerzo Fy=420 Mpa.,UF1,3701,ODT1-053,20862,20862,CAMPO,16,kg,100,1,1,100,,xls-1293
2026-02-10,30,DRENAJES Y ESTRUCTURAS,3701.06.01,DRENAJE TRANSVERSAL,Excavaciones varias sin clasicar,UF1,3701,ODT1-053,20862,20862,CAMPO,16,m3,8,1,1,8,,xls-1294
2026-02-10,38,DRENAJES Y ESTRUCTURAS,3701.06.09,DRENAJE TRANSVERSAL,"Concreto clase  28 MPA (encoles, descoles, box, sumideros)",UF1,3701,ODT1-066,24878,24878,CAMPO,16,m3,6,1,1,6,,xls-1295
2026-02-10,33,DRENAJES Y ESTRUCTURAS,3701.06.04,DRENAJE TRANSVERSAL,Acero de refuerzo Fy=420 Mpa.,UF1,3701,ODT1-083,29600,29600,CAMPO,16,kg,100,1,1,100,,xls-1296
2026-02-11,10,TIERRAS,3701.02.05,EXPLANACIONES,Excavaciones en material común APROVECHABLE,UF1,3701,tm2 pk 19+000 - 20+875,19000,20875,TOPOGRAFIA,16,m3,1904,1,1.3,1464.6153846153845,,xls-1297
2026-02-11,13,TIERRAS,3701.02.07,EXPLANACIONES,Terraplenes (solo conformación),UF1,3701,tm2 pk 16+210 - 17+120,16210,17120,TOPOGRAFIA,16,m3,1862,1,1.3,1432.3076923076922,,xls-1298
2026-02-11,13,TIERRAS,3701.02.07,EXPLANACIONES,Pedraplen compacto,UF1,3701,tm2 pk 16+210 - 17+120,16210,17120,TOPOGRAFIA,16,m3,952,1,1,952,,xls-1299
2026-02-11,13,TIERRAS,3701.02.07,EXPLANACIONES,Terraplenes (solo conformación),UF1,3701,tm2 pk 16+210 - 17+120,16210,17120,TOPOGRAFIA,16,m3,164,1,1,164,,xls-1300
2026-02-11,30,DRENAJES Y ESTRUCTURAS,3701.06.01,DRENAJE TRANSVERSAL,Excavaciones varias sin clasicar,UF1,3701,ODT1-042,19072,19072,CAMPO,16,m3,25,1,1,25,,xls-1301
2026-02-11,36,DRENAJES Y ESTRUCTURAS,3701.06.07,DRENAJE TRANSVERSAL,"Concreto clase 14 MPA (solados, estructuras)",UF1,3701,ODT1-042,19072,19072,CAMPO,16,m3,2,1,1,2,,xls-1302
2026-02-11,33,DRENAJES Y ESTRUCTURAS,3701.06.04,DRENAJE TRANSVERSAL,Acero de refuerzo Fy=420 Mpa.,UF1,3701,ODT1-053,20862,20862,CAMPO,16,kg,300,1,1,300,,xls-1303
2026-02-11,33,DRENAJES Y ESTRUCTURAS,3701.06.04,DRENAJE TRANSVERSAL,Acero de refuerzo Fy=420 Mpa.,UF1,3701,ODT1-066,24878,24878,CAMPO,16,kg,150,1,1,150,,xls-1304
2026-02-11,38,DRENAJES Y ESTRUCTURAS,3701.06.09,DRENAJE TRANSVERSAL,"Concreto clase  28 MPA (encoles, descoles, box, sumideros)",UF1,3701,ODT1-083,29600,29600,CAMPO,16,m3,6,1,1,6,,xls-1305
2026-02-11,18,TIERRAS,3701.03.01,"BASES, SUBBASES Y AFIRMADOS",Subbase Granular,UF1,3701,tm2 pk 20+875 - 22+650,20875,22650,TOPOGRAFIA,16,m3,588,1,1.3,452.30769230769226,,xls-1306
2026-02-12,10,TIERRAS,3701.02.05,EXPLANACIONES,Excavaciones en material común APROVECHABLE,UF1,3701,tm2 pk 19+000 - 20+875,19000,20875,TOPOGRAFIA,16,m3,149,1,1.3,114.61538461538461,,xls-1307
2026-02-12,13,TIERRAS,3701.02.07,EXPLANACIONES,Terraplenes (solo conformación),UF1,3701,tm2 pk 16+210 - 17+120,16210,17120,TOPOGRAFIA,16,m3,1400,1,1.3,1076.923076923077,,xls-1308
2026-02-12,13,TIERRAS,3701.02.07,EXPLANACIONES,Pedraplen compacto,UF1,3701,tm2 pk 16+210 - 17+120,16210,17120,TOPOGRAFIA,16,m3,1590,1,1,1590,,xls-1309
2026-02-12,13,TIERRAS,3701.02.07,EXPLANACIONES,Terraplenes (solo conformación),UF1,3701,tm2 pk 28+303 - 29+600,28303,29600,TOPOGRAFIA,16,m3,686,1,1.3,527.6923076923076,,xls-1310
2026-02-12,10,TIERRAS,3701.02.05,EXPLANACIONES,Excavaciones en material común APROVECHABLE,UF1,3701,tm2 pk 28+303 - 29+600,28303,29600,TOPOGRAFIA,16,m3,164,1,1.3,126.15384615384615,,xls-1311
2026-02-12,18,TIERRAS,3701.03.01,"BASES, SUBBASES Y AFIRMADOS",Subbase Granular,UF1,3701,tm2 pk 20+875 - 22+650,20875,22650,TOPOGRAFIA,16,m3,615,1,1.3,473.07692307692304,,xls-1312
2026-02-12,34,DRENAJES Y ESTRUCTURAS,3701.06.05,DRENAJE TRANSVERSAL,Tubería de Concreto Reforzado de 900mm de diámetro interior (Tipo III),UF1,3701,ODT1-037,16711,16711,CAMPO,16,m,1,1,1,1,,xls-1313
2026-02-12,34,DRENAJES Y ESTRUCTURAS,3701.06.05,DRENAJE TRANSVERSAL,Tubería de Concreto Reforzado de 900mm de diámetro interior (Tipo III),UF1,3701,ODT1-042,19072,19072,CAMPO,16,m,12,1,1,12,,xls-1314
2026-02-12,36,DRENAJES Y ESTRUCTURAS,3701.06.07,DRENAJE TRANSVERSAL,"Concreto clase 14 MPA (solados, estructuras)",UF1,3701,ODT1-014,13067,13067,CAMPO,16,m3,4.5,1,1,4.5,,xls-1315
2026-02-12,33,DRENAJES Y ESTRUCTURAS,3701.06.04,DRENAJE TRANSVERSAL,Acero de refuerzo Fy=420 Mpa.,UF1,3701,ODT1-053,20862,20862,CAMPO,16,kg,200,1,1,200,,xls-1316
2026-02-13,10,TIERRAS,3701.02.05,EXPLANACIONES,Excavaciones en material común APROVECHABLE,UF1,3701,tm2 pk 19+000 - 20+875,19000,20875,TOPOGRAFIA,16,m3,1750,1,1.3,1346.1538461538462,,xls-1317
2026-02-13,13,TIERRAS,3701.02.07,EXPLANACIONES,Terraplenes (solo conformación),UF1,3701,tm2 pk 28+303 - 29+600,28303,29600,TOPOGRAFIA,16,m3,938,1,1.3,721.5384615384615,,xls-1318
2026-02-13,13,TIERRAS,3701.02.07,EXPLANACIONES,Terraplenes (solo conformación),UF1,3701,tm2 pk 20+875 - 22+650,20875,22650,TOPOGRAFIA,16,m3,140,1,1.3,107.6923076923077,,xls-1319
2026-02-13,13,TIERRAS,3701.02.07,EXPLANACIONES,Terraplenes (solo conformación),UF1,3701,tm2 pk 16+210 - 17+120,16210,17120,TOPOGRAFIA,16,m3,672,1,1.3,516.9230769230769,,xls-1320
2026-02-13,13,TIERRAS,3701.02.07,EXPLANACIONES,Pedraplen compacto,UF1,3701,tm2 pk 16+210 - 17+120,16210,17120,TOPOGRAFIA,16,m3,60,1,1,60,,xls-1321
2026-02-13,10,TIERRAS,3701.02.05,EXPLANACIONES,Excavaciones en material común NO APROVECHABLE,UF1,3701,tm2 pk 16+210 - 17+120,16210,17120,TOPOGRAFIA,16,m3,1568,1,1.8,871.1111111111111,,xls-1322
2026-02-13,33,DRENAJES Y ESTRUCTURAS,3701.06.04,DRENAJE TRANSVERSAL,Acero de refuerzo Fy=420 Mpa.,UF1,3701,ODT1-053,20862,20862,CAMPO,16,kg,250,1,1,250,,xls-1323
2026-02-13,30,DRENAJES Y ESTRUCTURAS,3701.06.01,DRENAJE TRANSVERSAL,Excavaciones varias sin clasicar,UF1,3701,ODT1-060,23246,23246,CAMPO,16,m3,150,1,1,150,,xls-1324
2026-02-13,33,DRENAJES Y ESTRUCTURAS,3701.06.04,DRENAJE TRANSVERSAL,Acero de refuerzo Fy=420 Mpa.,UF1,3701,ODT1-066,24878,24878,CAMPO,16,kg,150,1,1,150,,xls-1325
2026-02-13,38,DRENAJES Y ESTRUCTURAS,3701.06.09,DRENAJE TRANSVERSAL,"Concreto clase  28 MPA (encoles, descoles, box, sumideros)",UF1,3701,ODT1-066,24878,24878,CAMPO,16,m3,7.5,1,1,7.5,,xls-1326
2026-02-14,13,TIERRAS,3701.02.07,EXPLANACIONES,Pedraplen compacto,UF1,3701,tm2 pk 16+210 - 17+120,16210,17120,TOPOGRAFIA,16,m3,34,1,1,34,,xls-1327
2026-02-14,18,TIERRAS,3701.03.01,"BASES, SUBBASES Y AFIRMADOS",Subbase Granular,UF1,3701,tm2 pk 20+875 - 22+650,20875,22650,TOPOGRAFIA,16,m3,405,1,1.3,311.53846153846155,,xls-1328
2026-02-16,13,TIERRAS,3701.02.07,EXPLANACIONES,Pedraplen compacto,UF1,3701,tm2 pk 16+210 - 17+120,16210,17120,TOPOGRAFIA,17,m3,35,1,1,35,,xls-1329
2026-02-16,18,TIERRAS,3701.03.01,"BASES, SUBBASES Y AFIRMADOS",Subbase Granular,UF1,3701,tm2 pk 20+875 - 22+650,20875,22650,TOPOGRAFIA,17,m3,300,1,1.3,230.76923076923077,,xls-1330
2026-02-16,18,TIERRAS,3701.03.01,"BASES, SUBBASES Y AFIRMADOS",Subbase Granular,UF1,3701,tm2 pk 28+303 - 29+600,28303,29600,TOPOGRAFIA,17,m3,105,1,1.3,80.76923076923076,,xls-1331
2026-02-16,6,TIERRAS,3701.02.01,EXPLANACIONES,Desmonte y limpieza en bosque,UF1,3701,tm2 pk 14+225 - 14+635,14225,14635,TOPOGRAFIA,17,Ha,763,0.0001,1,0.0763,,xls-1332
2026-02-16,10,TIERRAS,3701.02.05,EXPLANACIONES,Excavaciones en material común NO APROVECHABLE,UF1,3701,tm2 pk 14+225 - 14+635,14225,14635,TOPOGRAFIA,17,m3,763,1,1.3,586.9230769230769,,xls-1333
2026-02-16,38,DRENAJES Y ESTRUCTURAS,3701.06.09,DRENAJE TRANSVERSAL,"Concreto clase  28 MPA (encoles, descoles, box, sumideros)",UF1,3701,ODT1-053,20862,20862,CAMPO,17,m3,3,1,1,3,,xls-1334
2026-02-16,36,DRENAJES Y ESTRUCTURAS,3701.06.07,DRENAJE TRANSVERSAL,"Concreto clase 14 MPA (solados, estructuras)",UF1,3701,ODT1-060,23246,23246,CAMPO,17,m3,3,1,1,3,,xls-1335
2026-02-16,33,DRENAJES Y ESTRUCTURAS,3701.06.04,DRENAJE TRANSVERSAL,Acero de refuerzo Fy=420 Mpa.,UF1,3701,ODT1-066,24878,24878,CAMPO,17,kg,250,1,1,250,,xls-1336
2026-02-17,10,TIERRAS,3701.02.05,EXPLANACIONES,Excavaciones en material común APROVECHABLE,UF1,3701,tm2 pk 19+000 - 20+875,19000,20875,TOPOGRAFIA,17,m3,1540,1,1.3,1184.6153846153845,,xls-1337
2026-02-17,13,TIERRAS,3701.02.07,EXPLANACIONES,Terraplenes (solo conformación),UF1,3701,tm2 pk 14+225 - 14+635,14225,14635,TOPOGRAFIA,17,m3,1358,1,1.3,1044.6153846153845,,xls-1338
2026-02-17,13,TIERRAS,3701.02.07,EXPLANACIONES,Terraplenes (solo conformación),UF1,3701,tm2 pk 16+210 - 17+120,16210,17120,TOPOGRAFIA,17,m3,112,1,1.3,86.15384615384615,,xls-1339
2026-02-17,13,TIERRAS,3701.02.07,EXPLANACIONES,Terraplenes (solo conformación),UF1,3701,tm2 pk 28+303 - 29+600,28303,29600,TOPOGRAFIA,17,m3,70,1,1.3,53.84615384615385,,xls-1340
2026-02-17,10,TIERRAS,3701.02.05,EXPLANACIONES,Excavaciones en material común NO APROVECHABLE,UF1,3701,tm2 pk 14+225 - 14+635,14225,14635,TOPOGRAFIA,17,m3,20,1,1.3,15.384615384615383,,xls-1341
2026-02-17,33,DRENAJES Y ESTRUCTURAS,3701.06.04,DRENAJE TRANSVERSAL,Acero de refuerzo Fy=420 Mpa.,UF1,3701,ODT1-053,20862,20862,CAMPO,17,kg,200,1,1,200,,xls-1342
2026-02-17,34,DRENAJES Y ESTRUCTURAS,3701.06.05,DRENAJE TRANSVERSAL,Tubería de Concreto Reforzado de 900mm de diámetro interior (Tipo III),UF1,3701,ODT1-060,23246,23246,CAMPO,17,m,15,1,1,15,,xls-1343
2026-02-17,30,DRENAJES Y ESTRUCTURAS,3701.06.01,DRENAJE TRANSVERSAL,Excavaciones varias sin clasicar,UF1,3701,ODT1-061,22432,22432,CAMPO,17,m3,84,1,1,84,,xls-1344
2026-02-17,33,DRENAJES Y ESTRUCTURAS,3701.06.04,DRENAJE TRANSVERSAL,Acero de refuerzo Fy=420 Mpa.,UF1,3701,ODT1-066,24878,24878,CAMPO,17,kg,150,1,1,150,,xls-1345
2026-02-17,38,DRENAJES Y ESTRUCTURAS,3701.06.09,DRENAJE TRANSVERSAL,"Concreto clase  28 MPA (encoles, descoles, box, sumideros)",UF1,3701,ODT1-066,24878,24878,CAMPO,17,m3,8,1,1,8,,xls-1346
2026-02-18,10,TIERRAS,3701.02.05,EXPLANACIONES,Excavaciones en material común APROVECHABLE,UF1,3701,tm2 pk 19+000 - 20+875,19000,20875,TOPOGRAFIA,17,m3,1582,1,1.3,1216.923076923077,,xls-1347
2026-02-18,13,TIERRAS,3701.02.07,EXPLANACIONES,Terraplenes (solo conformación),UF1,3701,tm2 pk 14+225 - 14+635,14225,14635,TOPOGRAFIA,17,m3,1190,1,1.3,915.3846153846154,,xls-1348
2026-02-18,13,TIERRAS,3701.02.07,EXPLANACIONES,Terraplenes (solo conformación),UF1,3701,tm2 pk 16+210 - 17+120,16210,17120,TOPOGRAFIA,17,m3,392,1,1.3,301.53846153846155,,xls-1349
2026-02-18,10,TIERRAS,3701.02.05,EXPLANACIONES,Excavaciones en material común NO APROVECHABLE,UF1,3701,tm2 pk 28+303 - 29+600,28303,29600,TOPOGRAFIA,17,m3,180,1,1.3,138.46153846153845,,xls-1350
2026-02-18,10,TIERRAS,3701.02.05,EXPLANACIONES,Excavaciones en material común NO APROVECHABLE,UF1,3701,tm2 pk 14+225 - 14+635,14225,14635,TOPOGRAFIA,17,m3,210,1,1.3,161.53846153846152,,xls-1351
2026-02-18,33,DRENAJES Y ESTRUCTURAS,3701.06.04,DRENAJE TRANSVERSAL,Acero de refuerzo Fy=420 Mpa.,UF1,3701,ODT1-053,20862,20862,CAMPO,17,kg,380,1,1,380,,xls-1352
2026-02-18,30,DRENAJES Y ESTRUCTURAS,3701.06.01,DRENAJE TRANSVERSAL,Excavaciones varias sin clasicar,UF1,3701,ODT1-058,21714,21714,CAMPO,17,m3,32,1,1,32,,xls-1353
2026-02-18,36,DRENAJES Y ESTRUCTURAS,3701.06.07,DRENAJE TRANSVERSAL,"Concreto clase 14 MPA (solados, estructuras)",UF1,3701,ODT1-058,21714,21714,CAMPO,17,m3,3,1,1,3,,xls-1354
2026-02-18,36,DRENAJES Y ESTRUCTURAS,3701.06.07,DRENAJE TRANSVERSAL,"Concreto clase 14 MPA (solados, estructuras)",UF1,3701,ODT1-060,23246,23246,CAMPO,17,m3,5,1,1,5,,xls-1355
2026-02-18,30,DRENAJES Y ESTRUCTURAS,3701.06.01,DRENAJE TRANSVERSAL,Excavaciones varias sin clasicar,UF1,3701,ODT1-061,22432,22432,CAMPO,17,m3,48,1,1,48,,xls-1356
2026-02-18,36,DRENAJES Y ESTRUCTURAS,3701.06.07,DRENAJE TRANSVERSAL,"Concreto clase 14 MPA (solados, estructuras)",UF1,3701,ODT1-061,22432,22432,CAMPO,17,m3,3,1,1,3,,xls-1357
2026-02-19,10,TIERRAS,3701.02.05,EXPLANACIONES,Excavaciones en material común APROVECHABLE,UF1,3701,tm2 pk 19+000 - 20+875,19000,20875,TOPOGRAFIA,17,m3,1106,1,1.3,850.7692307692307,,xls-1358
2026-02-19,13,TIERRAS,3701.02.07,EXPLANACIONES,Terraplenes (solo conformación),UF1,3701,tm2 pk 28+303 - 29+600,28303,29600,TOPOGRAFIA,17,m3,700,1,1.3,538.4615384615385,,xls-1359
2026-02-19,85,TIERRAS,3702.02.07,EXPLANACIONES,Terraplenes (solo conformación),UF2,3702,tm2 pk 32+508 - 33+090,32508,33090,TOPOGRAFIA,17,m3,280,1,1.3,215.3846153846154,,xls-1360
2026-02-19,13,TIERRAS,3701.02.07,EXPLANACIONES,Terraplenes (solo conformación),UF1,3701,tm2 pk 28+303 - 29+600,28303,29600,TOPOGRAFIA,17,m3,126,1,1.3,96.92307692307692,,xls-1361
2026-02-19,10,TIERRAS,3701.02.05,EXPLANACIONES,Excavaciones en material común NO APROVECHABLE,UF1,3701,tm2 pk 28+303 - 29+600,28303,29600,TOPOGRAFIA,17,m3,126,1,1.3,96.92307692307692,,xls-1362
2026-02-19,34,DRENAJES Y ESTRUCTURAS,3701.06.05,DRENAJE TRANSVERSAL,Tubería de Concreto Reforzado de 900mm de diámetro interior (Tipo III),UF1,3701,ODT1-058,21714,21714,CAMPO,17,m,12,1,1,12,,xls-1363
2026-02-19,30,DRENAJES Y ESTRUCTURAS,3701.06.01,DRENAJE TRANSVERSAL,Excavaciones varias sin clasicar,UF1,3701,ODT1-060,23246,23246,CAMPO,17,m3,10,1,1,10,,xls-1364
2026-02-19,34,DRENAJES Y ESTRUCTURAS,3701.06.05,DRENAJE TRANSVERSAL,Tubería de Concreto Reforzado de 900mm de diámetro interior (Tipo III),UF1,3701,ODT1-060,23246,23246,CAMPO,17,m,15,1,1,15,,xls-1365
2026-02-19,33,DRENAJES Y ESTRUCTURAS,3701.06.04,DRENAJE TRANSVERSAL,Acero de refuerzo Fy=420 Mpa.,UF1,3701,ODT1-060,23246,23246,CAMPO,17,kg,240,1,1,240,,xls-1366
2026-02-19,30,DRENAJES Y ESTRUCTURAS,3701.06.01,DRENAJE TRANSVERSAL,Excavaciones varias sin clasicar,UF1,3701,ODT1-061,22432,22432,CAMPO,17,m3,24,1,1,24,,xls-1367
2026-02-19,33,DRENAJES Y ESTRUCTURAS,3701.06.04,DRENAJE TRANSVERSAL,Acero de refuerzo Fy=420 Mpa.,UF1,3701,ODT1-066,24878,24878,CAMPO,17,kg,500,1,1,500,,xls-1368
2026-02-12,97,PAVIMENTOS,3702.04.03,PAVIMENTOS ASFALTICOS,Mezcla densa en caliente tipo MDC-25 Base Asfáltica,UF2,3702,tm2 pk 33+380 - 34+445,33380,34445,TOPOGRAFIA,16,m3,157.75,1,1,157.75,,xls-1369
2026-02-13,97,PAVIMENTOS,3702.04.03,PAVIMENTOS ASFALTICOS,Mezcla densa en caliente tipo MDC-25 Base Asfáltica,UF2,3702,tm2 pk 33+380 - 34+445,33380,34445,TOPOGRAFIA,16,m3,157.75,1,1,157.75,,xls-1370
2026-02-14,97,PAVIMENTOS,3702.04.03,PAVIMENTOS ASFALTICOS,Mezcla densa en caliente tipo MDC-25 Base Asfáltica,UF2,3702,tm2 pk 33+380 - 34+445,33380,34445,TOPOGRAFIA,16,m3,157.75,1,1,157.75,,xls-1371
2026-02-16,97,PAVIMENTOS,3702.04.03,PAVIMENTOS ASFALTICOS,Mezcla densa en caliente tipo MDC-25 Base Asfáltica,UF2,3702,tm2 pk 33+380 - 34+445,33380,34445,TOPOGRAFIA,17,m3,157.86,1,1,157.86,,xls-1372
2026-02-19,97,PAVIMENTOS,3702.04.03,PAVIMENTOS ASFALTICOS,Mezcla densa en caliente tipo MDC-25 Base Asfáltica,UF2,3702,tm2 pk 30+500 - 31+942,30500,31942,TOPOGRAFIA,17,m3,190,1,1,190,,xls-1373
2026-02-12,5,TIERRAS,3701.01.05,DEMOLICIONES Y REUBICACIONES,Cercas de alambre de púas con postes de concreto,UF1,3701,tm2 pk 17+120 - 19+000,17120,19000,CAMPO,16,m,100,1,1,100,,xls-1374
2026-02-13,5,TIERRAS,3701.01.05,DEMOLICIONES Y REUBICACIONES,Cercas de alambre de púas con postes de concreto,UF1,3701,tm2 pk 17+120 - 19+000,17120,19000,CAMPO,16,m,100,1,1,100,,xls-1375
2026-02-14,5,TIERRAS,3701.01.05,DEMOLICIONES Y REUBICACIONES,Cercas de alambre de púas con postes de concreto,UF1,3701,tm2 pk 17+120 - 19+000,17120,19000,CAMPO,16,m,100,1,1,100,,xls-1376
2026-02-16,5,TIERRAS,3701.01.05,DEMOLICIONES Y REUBICACIONES,Cercas de alambre de púas con postes de concreto,UF1,3701,tm2 pk 17+120 - 19+000,17120,19000,CAMPO,17,m,100,1,1,100,wancol,xls-1377
2026-02-17,5,TIERRAS,3701.01.05,DEMOLICIONES Y REUBICACIONES,Cercas de alambre de púas con postes de concreto,UF1,3701,tm2 pk 17+120 - 19+000,17120,19000,CAMPO,17,m,100,1,1,100,wancol,xls-1378
2026-02-18,5,TIERRAS,3701.01.05,DEMOLICIONES Y REUBICACIONES,Cercas de alambre de púas con postes de concreto,UF1,3701,tm2 pk 17+120 - 19+000,17120,19000,CAMPO,17,m,100,1,1,100,wancol,xls-1379
2026-02-19,5,TIERRAS,3701.01.05,DEMOLICIONES Y REUBICACIONES,Cercas de alambre de púas con postes de concreto,UF1,3701,tm2 pk 17+120 - 19+000,17120,19000,CAMPO,17,m,100,1,1,100,wancol,xls-1380
2026-02-20,10,TIERRAS,3701.02.05,EXPLANACIONES,Excavaciones en material común APROVECHABLE,UF1,3701,tm2 pk 19+000 - 20+875,19000,20875,TOPOGRAFIA,17,m3,868,1,1.3,667.6923076923076,,xls-1381
2026-02-20,13,TIERRAS,3701.02.07,EXPLANACIONES,Terraplenes (solo conformación),UF1,3701,tm2 pk 16+210 - 17+120,16210,17120,TOPOGRAFIA,17,m3,518,1,1.3,398.46153846153845,,xls-1382
2026-02-20,13,TIERRAS,3701.02.07,EXPLANACIONES,Terraplenes (solo conformación),UF1,3701,tm2 pk 28+303 - 29+600,28303,29600,TOPOGRAFIA,17,m3,182,1,1.3,140,,xls-1383
2026-02-20,85,TIERRAS,3702.02.07,EXPLANACIONES,Terraplenes (solo conformación),UF2,3702,tm2 pk 32+508 - 33+090,32508,33090,TOPOGRAFIA,17,m3,112,1,1.3,86.15384615384615,,xls-1384
2026-02-20,10,TIERRAS,3701.02.05,EXPLANACIONES,Excavaciones en material común NO APROVECHABLE,UF1,3701,tm2 pk 28+303 - 29+600,28303,29600,TOPOGRAFIA,17,m3,270.4,1,1,270.4,,xls-1385
2026-02-20,10,TIERRAS,3701.02.05,EXPLANACIONES,Excavaciones en material común NO APROVECHABLE,UF1,3701,tm2 pk 16+210 - 17+120,16210,17120,TOPOGRAFIA,17,m3,658,1,1.3,506.15384615384613,,xls-1386
2026-02-20,13,TIERRAS,3701.02.07,EXPLANACIONES,Pedraplen compacto,UF1,3701,tm2 pk 16+210 - 17+120,16210,17120,TOPOGRAFIA,17,m3,540,1,1,540,,xls-1387
2026-02-20,90,TIERRAS,3702.03.01,"BASES, SUBBASES Y AFIRMADOS",Subbase Granular,UF2,3702,tm2 pk 32+508 - 33+090,32508,33090,TOPOGRAFIA,17,m3,735,1,1.3,565.3846153846154,,xls-1388
2026-02-20,18,TIERRAS,3701.03.01,"BASES, SUBBASES Y AFIRMADOS",Subbase Granular,UF1,3701,tm2 pk 28+303 - 29+600,28303,29600,TOPOGRAFIA,17,m3,345,1,1.3,265.38461538461536,,xls-1389
2026-02-20,36,DRENAJES Y ESTRUCTURAS,3701.06.07,DRENAJE TRANSVERSAL,"Concreto clase 14 MPA (solados, estructuras)",UF1,3701,ODT1-058,21714,21714,CAMPO,17,m3,4.5,1,1,4.5,,xls-1390
2026-02-20,36,DRENAJES Y ESTRUCTURAS,3701.06.07,DRENAJE TRANSVERSAL,"Concreto clase 14 MPA (solados, estructuras)",UF1,3701,ODT1-060,23246,23246,CAMPO,17,m3,0.5,1,1,0.5,,xls-1391
2026-02-20,30,DRENAJES Y ESTRUCTURAS,3701.06.01,DRENAJE TRANSVERSAL,Excavaciones varias sin clasicar,UF1,3701,ODT1-060,23246,23246,CAMPO,17,m3,4,1,1,4,,xls-1392
2026-02-20,36,DRENAJES Y ESTRUCTURAS,3701.06.07,DRENAJE TRANSVERSAL,"Concreto clase 14 MPA (solados, estructuras)",UF1,3701,ODT1-061,22432,22432,CAMPO,17,m3,6.5,1,1,6.5,,xls-1393
2026-02-20,33,DRENAJES Y ESTRUCTURAS,3701.06.04,DRENAJE TRANSVERSAL,Acero de refuerzo Fy=420 Mpa.,UF1,3701,ODT1-066,24878,24878,CAMPO,17,kg,1000,1,1,1000,,xls-1394
2026-02-21,10,TIERRAS,3701.02.05,EXPLANACIONES,Excavaciones en material común APROVECHABLE,UF1,3701,tm2 pk 19+000 - 20+875,19000,20875,TOPOGRAFIA,17,m3,574,1,1.3,441.53846153846155,,xls-1395
2026-02-21,13,TIERRAS,3701.02.07,EXPLANACIONES,Terraplenes (solo conformación),UF1,3701,tm2 pk 16+210 - 17+120,16210,17120,TOPOGRAFIA,17,m3,490,1,1.3,376.9230769230769,,xls-1396
2026-02-21,13,TIERRAS,3701.02.07,EXPLANACIONES,Terraplenes (solo conformación),UF1,3701,tm2 pk 28+303 - 29+600,28303,29600,TOPOGRAFIA,17,m3,84,1,1.3,64.61538461538461,,xls-1397
2026-02-21,13,TIERRAS,3701.02.07,EXPLANACIONES,Pedraplen compacto,UF1,3701,tm2 pk 16+210 - 17+120,16210,17120,TOPOGRAFIA,17,m3,360,1,1,360,,xls-1398
2026-02-21,90,TIERRAS,3702.03.01,"BASES, SUBBASES Y AFIRMADOS",Subbase Granular,UF2,3702,tm2 pk 32+508 - 33+090,32508,33090,TOPOGRAFIA,17,m3,375,1,1.3,288.46153846153845,,xls-1399
2026-02-21,38,DRENAJES Y ESTRUCTURAS,3701.06.09,DRENAJE TRANSVERSAL,"Concreto clase  28 MPA (encoles, descoles, box, sumideros)",UF1,3701,ODT1-053,20862,20862,CAMPO,17,m3,5.5,1,1,5.5,,xls-1400
2026-02-21,36,DRENAJES Y ESTRUCTURAS,3701.06.07,DRENAJE TRANSVERSAL,"Concreto clase 14 MPA (solados, estructuras)",UF1,3701,ODT1-061,22432,22432,CAMPO,17,m3,0.5,1,1,0.5,,xls-1401
2026-02-21,33,DRENAJES Y ESTRUCTURAS,3701.06.04,DRENAJE TRANSVERSAL,Acero de refuerzo Fy=420 Mpa.,UF1,3701,ODT1-066,24878,24878,CAMPO,17,kg,500,1,1,500,,xls-1402
2026-02-20,5,TIERRAS,3701.01.05,DEMOLICIONES Y REUBICACIONES,Cercas de alambre de púas con postes de concreto,UF1,3701,tm2 pk 17+120 - 19+000,17120,19000,CAMPO,17,m,600,1,1,600,wancol,xls-1403
2026-02-20,97,PAVIMENTOS,3702.04.03,PAVIMENTOS ASFALTICOS,Mezcla densa en caliente tipo MDC-25 Base Asfáltica,UF2,3702,tm2 pk 30+500 - 31+942,30500,31942,TOPOGRAFIA,17,m3,195,1,1,195,,xls-1404
2026-02-21,97,PAVIMENTOS,3702.04.03,PAVIMENTOS ASFALTICOS,Mezcla densa en caliente tipo MDC-25 Base Asfáltica,UF2,3702,tm2 pk 30+500 - 31+942,30500,31942,TOPOGRAFIA,17,m3,119,1,1,119,,xls-1405
2026-02-22,97,PAVIMENTOS,3702.04.03,PAVIMENTOS ASFALTICOS,Mezcla densa en caliente tipo MDC-25 Base Asfáltica,UF2,3702,tm2 pk 30+500 - 31+942,30500,31942,TOPOGRAFIA,17,m3,283.5,1,1,283.5,,xls-1406
2026-02-23,97,PAVIMENTOS,3702.04.03,PAVIMENTOS ASFALTICOS,Mezcla densa en caliente tipo MDC-25 Base Asfáltica,UF2,3702,tm2 pk 30+500 - 31+942,30500,31942,TOPOGRAFIA,17,m3,103.39,1,1,103.39,,xls-1407
2026-02-23,13,TIERRAS,3701.02.07,EXPLANACIONES,Pedraplen compacto,UF1,3701,tm2 pk 16+210 - 17+120,16210,17120,TOPOGRAFIA,17,m3,525,1,1,525,,xls-1408
2026-02-23,90,TIERRAS,3702.03.01,"BASES, SUBBASES Y AFIRMADOS",Subbase Granular,UF2,3702,tm2 pk 32+508 - 33+090,32508,33090,TOPOGRAFIA,17,m3,135,1,1.3,103.84615384615384,,xls-1409
2026-02-23,18,TIERRAS,3701.03.01,"BASES, SUBBASES Y AFIRMADOS",Subbase Granular,UF1,3701,tm2 pk 28+303 - 29+600,28303,29600,TOPOGRAFIA,17,m3,60,1,1.3,46.15384615384615,,xls-1410
2026-02-23,6,TIERRAS,3701.02.01,EXPLANACIONES,Desmonte y limpieza en bosque,UF1,3701,tm2 pk 20+875 - 22+650,20875,22650,TOPOGRAFIA,17,Ha,450,0.0001,1,0.045000000000000005,,xls-1411
2026-02-23,33,DRENAJES Y ESTRUCTURAS,3701.06.04,DRENAJE TRANSVERSAL,Acero de refuerzo Fy=420 Mpa.,UF1,3701,ODT1-053,20862,20862,CAMPO,17,kg,300,1,1,300,,xls-1412
2026-02-23,30,DRENAJES Y ESTRUCTURAS,3701.06.01,DRENAJE TRANSVERSAL,Excavaciones varias sin clasicar,UF1,3701,ODT1-054,21060,21060,CAMPO,17,m3,25,1,1,25,,xls-1413
2026-02-23,33,DRENAJES Y ESTRUCTURAS,3701.06.04,DRENAJE TRANSVERSAL,Acero de refuerzo Fy=420 Mpa.,UF1,3701,ODT1-060,23246,23246,CAMPO,17,kg,240,1,1,240,,xls-1414
2026-02-23,33,DRENAJES Y ESTRUCTURAS,3701.06.04,DRENAJE TRANSVERSAL,Acero de refuerzo Fy=420 Mpa.,UF1,3701,ODT1-061,22432,22432,CAMPO,17,kg,180,1,1,180,,xls-1415
2026-02-24,13,TIERRAS,3701.02.07,EXPLANACIONES,Pedraplen compacto,UF1,3701,tm2 pk 16+210 - 17+120,16210,17120,TOPOGRAFIA,17,m3,450,1,1,450,,xls-1416
2026-02-24,33,DRENAJES Y ESTRUCTURAS,3701.06.04,DRENAJE TRANSVERSAL,Acero de refuerzo Fy=420 Mpa.,UF1,3701,ODT1-058,21714,21714,CAMPO,17,kg,80,1,1,80,,xls-1417
2026-02-24,38,DRENAJES Y ESTRUCTURAS,3701.06.09,DRENAJE TRANSVERSAL,"Concreto clase  28 MPA (encoles, descoles, box, sumideros)",UF1,3701,ODT1-060,23246,23246,CAMPO,17,m3,2,1,1,2,,xls-1418
2026-02-24,38,DRENAJES Y ESTRUCTURAS,3701.06.09,DRENAJE TRANSVERSAL,"Concreto clase  28 MPA (encoles, descoles, box, sumideros)",UF1,3701,ODT1-066,24878,24878,CAMPO,17,m3,24,1,1,24,,xls-1419
2026-02-25,10,TIERRAS,3701.02.05,EXPLANACIONES,Excavaciones en material común APROVECHABLE,UF1,3701,tm2 pk 20+875 - 22+650,20875,22650,TOPOGRAFIA,17,m3,728,1,1.3,560,,xls-1420
2026-02-25,13,TIERRAS,3701.02.07,EXPLANACIONES,Terraplenes (solo conformación),UF1,3701,tm2 pk 20+875 - 22+650,20875,22650,TOPOGRAFIA,17,m3,728,1,1.3,560,,xls-1421
2026-02-25,91,TIERRAS,3702.03.03,"BASES, SUBBASES Y AFIRMADOS",Base granular estabilizada con cemento (No incluye cemento),UF2,3702,tm2 pk 30+500 - 31+942,30500,31942,TOPOGRAFIA,17,m3,450,1,1.3,346.15384615384613,,xls-1422
2026-02-25,30,DRENAJES Y ESTRUCTURAS,3701.06.01,DRENAJE TRANSVERSAL,Excavaciones varias sin clasicar,UF1,3701,ODT1-036,15564,15564,CAMPO,17,m3,183,1,1.3,140.76923076923077,,xls-1423
2026-02-25,31,DRENAJES Y ESTRUCTURAS,3701.06.02,DRENAJE TRANSVERSAL,Rellenos con material seleccionado,UF1,3701,ODT1-083,29600,29600,CAMPO,17,m3,90,1,1,90,,xls-1424
2026-02-25,36,DRENAJES Y ESTRUCTURAS,3701.06.07,DRENAJE TRANSVERSAL,"Concreto clase 14 MPA (solados, estructuras)",UF1,3701,ODT1-037,16711,16711,CAMPO,17,m3,0.5,1,1,0.5,,xls-1425
2026-02-25,30,DRENAJES Y ESTRUCTURAS,3701.06.01,DRENAJE TRANSVERSAL,Excavaciones varias sin clasicar,UF1,3701,ODT1-054,21060,21060,CAMPO,17,m3,30,1,1,30,,xls-1426
2026-02-25,33,DRENAJES Y ESTRUCTURAS,3701.06.04,DRENAJE TRANSVERSAL,Acero de refuerzo Fy=420 Mpa.,UF1,3701,ODT1-058,21714,21714,CAMPO,17,kg,70,1,1,70,,xls-1427
2026-02-25,33,DRENAJES Y ESTRUCTURAS,3701.06.04,DRENAJE TRANSVERSAL,Acero de refuerzo Fy=420 Mpa.,UF1,3701,ODT1-060,23246,23246,CAMPO,17,kg,50,1,1,50,,xls-1428
2026-02-25,38,DRENAJES Y ESTRUCTURAS,3701.06.09,DRENAJE TRANSVERSAL,"Concreto clase  28 MPA (encoles, descoles, box, sumideros)",UF1,3701,ODT1-060,23246,23246,CAMPO,17,m3,3.5,1,1,3.5,,xls-1429
2026-02-25,33,DRENAJES Y ESTRUCTURAS,3701.06.04,DRENAJE TRANSVERSAL,Acero de refuerzo Fy=420 Mpa.,UF1,3701,ODT1-061,22432,22432,CAMPO,17,kg,200,1,1,200,,xls-1430
2026-02-24,99,PAVIMENTOS,3702.04.05,PAVIMENTOS ASFALTICOS,Mezcla asfáltica tipo MDC-19 modificada con polímero tipo III,UF2,3702,tm2 pk 30+500 - 31+942,30500,31942,TOPOGRAFIA,17,m3,254,1,1,254,,xls-1431
2026-02-25,4,TIERRAS,3701.01.04,DEMOLICIONES Y REUBICACIONES,Remoción de cercas de alambre,UF1,3701,tm2 pk 17+120 - 19+000,17120,19000,CAMPO,17,m,500,1,1,500,,xls-1432
2026-02-26,10,TIERRAS,3701.02.05,EXPLANACIONES,Excavaciones en material común APROVECHABLE,UF1,3701,tm2 pk 20+875 - 22+650,20875,22650,TOPOGRAFIA,17,m3,2056,1,1.3,1581.5384615384614,,xls-1433
2026-02-26,13,TIERRAS,3701.02.07,EXPLANACIONES,Terraplenes (solo conformación),UF1,3701,tm2 pk 20+875 - 22+650,20875,22650,TOPOGRAFIA,17,m3,2056,1,1.3,1581.5384615384614,,xls-1434
2026-02-26,10,TIERRAS,3701.02.05,EXPLANACIONES,Excavaciones en material común NO APROVECHABLE,UF1,3701,tm2 pk 20+875 - 22+650,20875,22650,TOPOGRAFIA,17,m3,686,1,1.3,527.6923076923076,,xls-1435
2026-02-26,10,TIERRAS,3701.02.05,EXPLANACIONES,Excavaciones en material común NO APROVECHABLE,UF1,3701,tm2 pk 16+210 - 17+120,16210,17120,TOPOGRAFIA,17,m3,700,1,1.3,538.4615384615385,,xls-1436
2026-02-26,30,DRENAJES Y ESTRUCTURAS,3701.06.01,DRENAJE TRANSVERSAL,Excavaciones varias sin clasicar,UF1,3701,ODT1-036,15564,15564,CAMPO,17,m3,123,1,1,123,,xls-1437
2026-02-26,31,DRENAJES Y ESTRUCTURAS,3701.06.02,DRENAJE TRANSVERSAL,Rellenos con material seleccionado,UF1,3701,ODT1-083,29600,29600,CAMPO,17,m3,105,1,1,105,,xls-1438
2026-02-26,19,TIERRAS,3701.03.03,"BASES, SUBBASES Y AFIRMADOS",Base granular estabilizada con cemento (No incluye cemento),UF1,3701,tm2 pk 12+822 - 14+225,12822,14225,TOPOGRAFIA,17,m3,195,1,1.3,150,,xls-1439
2026-02-26,6,TIERRAS,3701.02.01,EXPLANACIONES,Desmonte y limpieza en bosque,UF1,3701,tm2 pk 20+875 - 22+650,20875,22650,TOPOGRAFIA,17,Ha,960,0.0001,1,0.096,,xls-1440
2026-02-25,99,PAVIMENTOS,3702.04.05,PAVIMENTOS ASFALTICOS,Mezcla asfáltica tipo MDC-19 modificada con polímero tipo III,UF2,3702,tm2 pk 30+500 - 31+942,30500,31942,TOPOGRAFIA,17,m3,190,1,1,190,,xls-1441
2026-02-26,99,PAVIMENTOS,3702.04.05,PAVIMENTOS ASFALTICOS,Mezcla asfáltica tipo MDC-19 modificada con polímero tipo III,UF2,3702,tm2 pk 33+380 - 34+445,33380,34445,TOPOGRAFIA,17,m3,206,1,1,206,,xls-1442
2026-02-28,99,PAVIMENTOS,3702.04.05,PAVIMENTOS ASFALTICOS,Mezcla asfáltica tipo MDC-19 modificada con polímero tipo III,UF2,3702,tm2 pk 33+380 - 34+445,33380,34445,TOPOGRAFIA,17,m3,277.4,1,1,277.4,,xls-1443
2026-02-27,10,TIERRAS,3701.02.05,EXPLANACIONES,Excavaciones en material común NO APROVECHABLE,UF1,3701,tm2 pk 20+875 - 22+650,20875,22650,TOPOGRAFIA,17,m3,770,1,1.3,592.3076923076923,,xls-1444
2026-02-27,10,TIERRAS,3701.02.05,EXPLANACIONES,Excavaciones en material común APROVECHABLE,UF1,3701,tm2 pk 20+875 - 22+650,20875,22650,TOPOGRAFIA,17,m3,750,1,1.3,576.9230769230769,,xls-1445
2026-02-27,18,TIERRAS,3701.03.01,"BASES, SUBBASES Y AFIRMADOS",Subbase Granular,UF1,3701,tm2 pk 28+303 - 29+600,28303,29600,TOPOGRAFIA,17,m3,405,1,1.3,311.53846153846155,,xls-1446
2026-02-27,19,TIERRAS,3701.03.03,"BASES, SUBBASES Y AFIRMADOS",Base granular estabilizada con cemento (No incluye cemento),UF1,3701,tm2 pk 12+822 - 14+225,12822,14225,TOPOGRAFIA,17,m3,225,1,1.3,173.07692307692307,,xls-1447
2026-02-27,10,TIERRAS,3701.02.05,EXPLANACIONES,Excavaciones en material común APROVECHABLE,UF1,3701,tm2 pk 20+875 - 22+650,20875,22650,TOPOGRAFIA,17,m3,750,1,1.3,576.9230769230769,nocturno,xls-1448
2026-02-27,99,PAVIMENTOS,3702.04.05,PAVIMENTOS ASFALTICOS,Mezcla asfáltica tipo MDC-19 modificada con polímero tipo III,UF2,3702,tm2 pk 33+380 - 34+445,33380,34445,TOPOGRAFIA,17,m3,108.33000000000001,1,1,108.33000000000001,,xls-1449
2026-02-28,33,DRENAJES Y ESTRUCTURAS,3701.06.04,DRENAJE TRANSVERSAL,Acero de refuerzo Fy=420 Mpa.,UF1,3701,ODT1-036,15564,15564,CAMPO,17,kg,216,1,1,216,,xls-1450
2026-02-28,13,TIERRAS,3701.02.07,EXPLANACIONES,Terraplenes (solo conformación),UF1,3701,tm2 pk 16+210 - 17+120,16210,17120,TOPOGRAFIA,17,m3,210,1,1.3,161.53846153846152,,xls-1451
2026-02-28,10,TIERRAS,3701.02.05,EXPLANACIONES,Excavaciones en material común NO APROVECHABLE,UF1,3701,tm2 pk 28+303 - 29+600,28303,29600,TOPOGRAFIA,17,m3,728,1,1.3,560,,xls-1452
2026-02-28,13,TIERRAS,3701.02.07,EXPLANACIONES,Terraplenes (solo conformación),UF1,3701,tm2 pk 28+303 - 29+600,28303,29600,TOPOGRAFIA,17,m3,126,1,1.3,96.92307692307692,,xls-1453
2026-02-28,13,TIERRAS,3701.02.07,EXPLANACIONES,Terraplenes (solo conformación),UF1,3701,tm2 pk 28+303 - 29+600,28303,29600,TOPOGRAFIA,17,m3,465,1,1.3,357.6923076923077,,xls-1454
2026-02-28,19,TIERRAS,3701.03.03,"BASES, SUBBASES Y AFIRMADOS",Base granular estabilizada con cemento (No incluye cemento),UF1,3701,tm2 pk 12+822 - 14+225,12822,14225,TOPOGRAFIA,17,m3,300,1,1.3,230.76923076923077,,xls-1455
2026-02-28,10,TIERRAS,3701.02.05,EXPLANACIONES,Excavaciones en material común APROVECHABLE,UF1,3701,tm2 pk 20+875 - 22+650,20875,22650,TOPOGRAFIA,17,m3,800,1,1.3,615.3846153846154,,xls-1456
2026-02-28,13,TIERRAS,3701.02.07,EXPLANACIONES,Terraplenes (solo conformación),UF1,3701,tm2 pk 20+875 - 22+650,20875,22650,TOPOGRAFIA,17,m3,800,1,1.3,615.3846153846154,,xls-1457
2026-02-28,10,TIERRAS,3701.02.05,EXPLANACIONES,Excavaciones en material común APROVECHABLE,UF1,3701,tm2 pk 20+875 - 22+650,20875,22650,TOPOGRAFIA,17,m3,750,1,1.3,576.9230769230769,nocturno,xls-1458
2026-02-28,13,TIERRAS,3701.02.07,EXPLANACIONES,Terraplenes (solo conformación),UF1,3701,tm2 pk 20+875 - 22+650,20875,22650,TOPOGRAFIA,17,m3,750,1,1.3,576.9230769230769,nocturno,xls-1459
2026-02-28,10,TIERRAS,3701.02.05,EXPLANACIONES,Excavaciones en material común NO APROVECHABLE,UF1,3701,tm2 pk 20+875 - 22+650,20875,22650,TOPOGRAFIA,17,m3,364,1,1.3,280,nocturno,xls-1460
2026-03-02,99,PAVIMENTOS,3702.04.05,PAVIMENTOS ASFALTICOS,Mezcla asfáltica tipo MDC-19 modificada con polímero tipo III,UF2,3702,tm2 pk 33+380 - 34+445,33380,34445,TOPOGRAFIA,17,m3,61.99,1,1,61.99,,xls-1461
2026-03-02,10,TIERRAS,3701.02.05,EXPLANACIONES,Excavaciones en material común APROVECHABLE,UF1,3701,tm2 pk 19+000 - 20+875,19000,20875,TOPOGRAFIA,17,m3,868,1,1.3,667.6923076923076,,xls-1462
2026-03-02,36,DRENAJES Y ESTRUCTURAS,3701.06.07,DRENAJE TRANSVERSAL,"Concreto clase 14 MPA (solados, estructuras)",UF1,3701,ODT1-036,15564,15564,CAMPO,17,m3,5.5,1,1,5.5,,xls-1463
2026-03-02,33,DRENAJES Y ESTRUCTURAS,3701.06.04,DRENAJE TRANSVERSAL,Acero de refuerzo Fy=420 Mpa.,UF1,3701,ODT1-036,15564,15564,CAMPO,17,kg,96,1,1,96,,xls-1464
2026-03-02,13,TIERRAS,3701.02.07,EXPLANACIONES,Terraplenes (solo conformación),UF1,3701,tm2 pk 16+210 - 17+120,16210,17120,TOPOGRAFIA,17,m3,14,1,1.3,10.769230769230768,,xls-1465
2026-03-02,10,TIERRAS,3701.02.05,EXPLANACIONES,Excavaciones en material común NO APROVECHABLE,UF1,3701,tm2 pk 28+303 - 29+600,28303,29600,TOPOGRAFIA,17,m3,742,1,1.3,570.7692307692307,,xls-1466
2026-03-02,41,DRENAJES Y ESTRUCTURAS,3701.06.12,DRENAJE TRANSVERSAL,Geodrén vial h=1 m con tubería de 100 mm,UF1,3701,ODT1-083,29600,29600,CAMPO,17,m,35.02,1,1,35.02,,xls-1467
2026-03-02,42,DRENAJES Y ESTRUCTURAS,3701.06.13,DRENAJE TRANSVERSAL,Geodrén planar h=1 m,UF1,3701,ODT1-083,29600,29600,CAMPO,17,m2,70.04,1,1,70.04,,xls-1468
2026-03-02,13,TIERRAS,3701.02.07,EXPLANACIONES,Terraplenes (solo conformación),UF1,3701,tm2 pk 28+303 - 29+600,28303,29600,TOPOGRAFIA,17,m3,574,1,1.3,441.53846153846155,,xls-1469
2026-03-02,13,TIERRAS,3701.02.07,EXPLANACIONES,Terraplenes (solo conformación),UF1,3701,tm2 pk 28+303 - 29+600,28303,29600,TOPOGRAFIA,17,m3,584,1,1.3,449.2307692307692,nocturno,xls-1470
2026-03-02,18,TIERRAS,3701.03.01,"BASES, SUBBASES Y AFIRMADOS",Subbase Granular,UF1,3701,tm2 pk 12+822 - 14+225,12822,14225,TOPOGRAFIA,17,m3,28,1,1.3,21.538461538461537,,xls-1471
2026-03-02,10,TIERRAS,3701.02.05,EXPLANACIONES,Excavaciones en material común APROVECHABLE,UF1,3701,tm2 pk 20+875 - 22+650,20875,22650,TOPOGRAFIA,17,m3,650,1,1.3,500,,xls-1472
2026-03-02,13,TIERRAS,3701.02.07,EXPLANACIONES,Terraplenes (solo conformación),UF1,3701,tm2 pk 20+875 - 22+650,20875,22650,TOPOGRAFIA,17,m3,650,1,1.3,500,,xls-1473
2026-03-02,10,TIERRAS,3701.02.05,EXPLANACIONES,Excavaciones en material común NO APROVECHABLE,UF1,3701,tm2 pk 20+875 - 22+650,20875,22650,TOPOGRAFIA,17,m3,784,1,1.3,603.0769230769231,,xls-1474
2026-03-02,10,TIERRAS,3701.02.05,EXPLANACIONES,Excavaciones en material común APROVECHABLE,UF1,3701,tm2 pk 20+875 - 22+650,20875,22650,TOPOGRAFIA,17,m3,550,1,1.3,423.07692307692304,nocturno,xls-1475
2026-03-02,13,TIERRAS,3701.02.07,EXPLANACIONES,Terraplenes (solo conformación),UF1,3701,tm2 pk 20+875 - 22+650,20875,22650,TOPOGRAFIA,17,m3,550,1,1.3,423.07692307692304,nocturno,xls-1476
2026-02-27,33,DRENAJES Y ESTRUCTURAS,3701.06.04,DRENAJE TRANSVERSAL,Acero de refuerzo Fy=420 Mpa.,UF1,3701,ODT1-037,16711,16711,CAMPO,17,kg,200,1,1,200,,xls-1477
2026-02-27,31,DRENAJES Y ESTRUCTURAS,3701.06.02,DRENAJE TRANSVERSAL,Rellenos con material seleccionado,UF1,3701,ODT1-053,20862,20862,CAMPO,17,m3,16,1,1,16,,xls-1478
2026-02-27,30,DRENAJES Y ESTRUCTURAS,3701.06.01,DRENAJE TRANSVERSAL,Excavaciones varias sin clasicar,UF1,3701,ODT1-054,21060,21060,CAMPO,17,m3,64,1,1,64,,xls-1479
2026-02-27,31,DRENAJES Y ESTRUCTURAS,3701.06.02,DRENAJE TRANSVERSAL,Rellenos con material seleccionado,UF1,3701,ODT1-054,21060,21060,CAMPO,17,m3,43,1,1,43,,xls-1480
2026-02-27,38,DRENAJES Y ESTRUCTURAS,3701.06.09,DRENAJE TRANSVERSAL,"Concreto clase  28 MPA (encoles, descoles, box, sumideros)",UF1,3701,ODT1-058,21714,21714,CAMPO,17,m3,4.5,1,1,4.5,,xls-1481
2026-02-28,36,DRENAJES Y ESTRUCTURAS,3701.06.07,DRENAJE TRANSVERSAL,"Concreto clase 14 MPA (solados, estructuras)",UF1,3701,ODT1-037,16711,16711,CAMPO,17,m3,0.8,1,1,0.8,,xls-1482
2026-02-28,38,DRENAJES Y ESTRUCTURAS,3701.06.09,DRENAJE TRANSVERSAL,"Concreto clase  28 MPA (encoles, descoles, box, sumideros)",UF1,3701,ODT1-037,16711,16711,CAMPO,17,m3,3.7,1,1,3.7,,xls-1483
2026-02-28,36,DRENAJES Y ESTRUCTURAS,3701.06.07,DRENAJE TRANSVERSAL,"Concreto clase 14 MPA (solados, estructuras)",UF1,3701,ODT1-053,20862,20862,CAMPO,17,m3,1,1,1,1,,xls-1484
2026-02-28,36,DRENAJES Y ESTRUCTURAS,3701.06.07,DRENAJE TRANSVERSAL,"Concreto clase 14 MPA (solados, estructuras)",UF1,3701,ODT1-054,21060,21060,CAMPO,17,m3,4.5,1,1,4.5,,xls-1485
2026-02-28,33,DRENAJES Y ESTRUCTURAS,3701.06.04,DRENAJE TRANSVERSAL,Acero de refuerzo Fy=420 Mpa.,UF1,3701,ODT1-037,16711,16711,CAMPO,17,kg,120,1,1,120,,xls-1486
2026-02-28,33,DRENAJES Y ESTRUCTURAS,3701.06.04,DRENAJE TRANSVERSAL,Acero de refuerzo Fy=420 Mpa.,UF1,3701,ODT1-058,21714,21714,CAMPO,17,kg,50,1,1,50,,xls-1487
2026-02-28,33,DRENAJES Y ESTRUCTURAS,3701.06.04,DRENAJE TRANSVERSAL,Acero de refuerzo Fy=420 Mpa.,UF1,3701,ODT1-061,22432,22432,CAMPO,17,kg,80,1,1,80,,xls-1488
2026-03-02,33,DRENAJES Y ESTRUCTURAS,3701.06.04,DRENAJE TRANSVERSAL,Acero de refuerzo Fy=420 Mpa.,UF1,3701,ODT1-037,16711,16711,CAMPO,17,kg,60,1,1,60,,xls-1489
2026-03-02,34,DRENAJES Y ESTRUCTURAS,3701.06.05,DRENAJE TRANSVERSAL,Tubería de Concreto Reforzado de 900mm de diámetro interior (Tipo III),UF1,3701,ODT1-053,20862,20862,CAMPO,17,m,10,1,1,10,,xls-1490
2026-03-02,36,DRENAJES Y ESTRUCTURAS,3701.06.07,DRENAJE TRANSVERSAL,"Concreto clase 14 MPA (solados, estructuras)",UF1,3701,ODT1-053,20862,20862,CAMPO,17,m3,4,1,1,4,,xls-1491
2026-03-02,33,DRENAJES Y ESTRUCTURAS,3701.06.04,DRENAJE TRANSVERSAL,Acero de refuerzo Fy=420 Mpa.,UF1,3701,ODT1-054,21060,21060,CAMPO,17,kg,200,1,1,200,,xls-1492
2026-03-02,38,DRENAJES Y ESTRUCTURAS,3701.06.09,DRENAJE TRANSVERSAL,"Concreto clase  28 MPA (encoles, descoles, box, sumideros)",UF1,3701,ODT1-060,23246,23246,CAMPO,17,m3,3.5,1,1,3.5,,xls-1493
2026-03-03,10,TIERRAS,3701.02.05,EXPLANACIONES,Excavaciones en material común APROVECHABLE,UF1,3701,tm2 pk 19+000 - 20+875,19000,20875,TOPOGRAFIA,17,m3,1139,1,1.3,876.1538461538461,,xls-1494
2026-03-03,10,TIERRAS,3701.02.05,EXPLANACIONES,Excavaciones en material común NO APROVECHABLE,UF1,3701,tm2 pk 28+303 - 29+600,28303,29600,TOPOGRAFIA,17,m3,453,1,1.3,348.46153846153845,,xls-1495
2026-03-03,10,TIERRAS,3701.02.05,EXPLANACIONES,Excavaciones en material común NO APROVECHABLE,UF1,3701,tm2 pk 20+875 - 22+650,20875,22650,TOPOGRAFIA,17,m3,700,1,1.3,538.4615384615385,,xls-1496
2026-03-03,13,TIERRAS,3701.02.07,EXPLANACIONES,Terraplenes (solo conformación),UF1,3701,tm2 pk 16+210 - 17+120,16210,17120,TOPOGRAFIA,17,m3,509,1,1.3,391.53846153846155,,xls-1497
2026-03-03,13,TIERRAS,3701.02.07,EXPLANACIONES,Terraplenes (solo conformación),UF1,3701,tm2 pk 28+303 - 29+600,28303,29600,TOPOGRAFIA,17,m3,560,1,1.3,430.7692307692308,,xls-1498
2026-03-03,10,TIERRAS,3701.02.05,EXPLANACIONES,Excavaciones en material común APROVECHABLE,UF1,3701,tm2 pk 20+875 - 22+650,20875,22650,TOPOGRAFIA,17,m3,560,1,1.3,430.7692307692308,nocturno,xls-1499
2026-03-03,13,TIERRAS,3701.02.07,EXPLANACIONES,Terraplenes (solo conformación),UF1,3701,tm2 pk 20+875 - 22+650,20875,22650,TOPOGRAFIA,17,m3,560,1,1.3,430.7692307692308,nocturno,xls-1500
2026-03-03,33,DRENAJES Y ESTRUCTURAS,3701.06.04,DRENAJE TRANSVERSAL,Acero de refuerzo Fy=420 Mpa.,UF1,3701,ODT1-036,15564,15564,CAMPO,17,kg,388,1,1,388,,xls-1501
2026-03-03,19,TIERRAS,3701.03.03,"BASES, SUBBASES Y AFIRMADOS",Base granular estabilizada con cemento (No incluye cemento),UF1,3701,tm2 pk 12+822 - 14+225,12822,14225,TOPOGRAFIA,17,m3,585,1,1.3,450,,xls-1502
2026-03-03,33,DRENAJES Y ESTRUCTURAS,3701.06.04,DRENAJE TRANSVERSAL,Acero de refuerzo Fy=420 Mpa.,UF1,3701,ODT1-053,20862,20862,CAMPO,17,kg,280,1,1,280,,xls-1503
2026-03-03,33,DRENAJES Y ESTRUCTURAS,3701.06.04,DRENAJE TRANSVERSAL,Acero de refuerzo Fy=420 Mpa.,UF1,3701,ODT1-054,21060,21060,CAMPO,17,kg,1200,1,1,1200,,xls-1504
2026-03-03,33,DRENAJES Y ESTRUCTURAS,3701.06.04,DRENAJE TRANSVERSAL,Acero de refuerzo Fy=420 Mpa.,UF1,3701,ODT1-060,23246,23246,CAMPO,17,kg,70,1,1,70,,xls-1505
2026-03-03,33,DRENAJES Y ESTRUCTURAS,3701.06.04,DRENAJE TRANSVERSAL,Acero de refuerzo Fy=420 Mpa.,UF1,3701,ODT1-061,22432,22432,CAMPO,17,kg,100,1,1,100,,xls-1506
2026-03-04,10,TIERRAS,3701.02.05,EXPLANACIONES,Excavaciones en material común APROVECHABLE,UF1,3701,tm2 pk 19+000 - 20+875,19000,20875,TOPOGRAFIA,17,m3,2254,1,1.3,1733.8461538461538,,xls-1507
2026-03-04,10,TIERRAS,3701.02.05,EXPLANACIONES,Excavaciones en material común NO APROVECHABLE,UF1,3701,tm2 pk 19+000 - 20+875,19000,20875,TOPOGRAFIA,17,m3,28,1,1.3,21.538461538461537,,xls-1508
2026-03-04,13,TIERRAS,3701.02.07,EXPLANACIONES,Terraplenes (solo conformación),UF1,3701,tm2 pk 28+303 - 29+600,28303,29600,TOPOGRAFIA,17,m3,664,1,1.3,510.7692307692308,,xls-1509
2026-03-04,13,TIERRAS,3701.02.07,EXPLANACIONES,Terraplenes (solo conformación),UF1,3701,tm2 pk 16+210 - 17+120,16210,17120,TOPOGRAFIA,17,m3,1470,1,1.3,1130.7692307692307,,xls-1510
2026-03-04,14,TIERRAS,3701.02.08,EXPLANACIONES,Conformación y disposición de sobrantes (incluye obras de adecuación),UF1,3701,RCD 15+800,15800,15800,TOPOGRAFIA,17,m3,1708,1,1.3,1313.8461538461538,,xls-1511
2026-03-04,38,DRENAJES Y ESTRUCTURAS,3701.06.09,DRENAJE TRANSVERSAL,"Concreto clase  28 MPA (encoles, descoles, box, sumideros)",UF1,3701,ODT1-036,15564,15564,CAMPO,17,m3,2.3,1,1,2.3,,xls-1512
2026-03-04,10,TIERRAS,3701.02.05,EXPLANACIONES,Excavaciones en material común NO APROVECHABLE,UF1,3701,tm2 pk 28+303 - 29+600,28303,29600,TOPOGRAFIA,17,m3,768,1,1,768,,xls-1513
2026-03-04,10,TIERRAS,3701.02.05,EXPLANACIONES,Excavaciones en material común APROVECHABLE,UF1,3701,tm2 pk 20+875 - 22+650,20875,22650,TOPOGRAFIA,17,m3,1372,1,1.3,1055.3846153846152,nocturno,xls-1514
2026-03-04,13,TIERRAS,3701.02.07,EXPLANACIONES,Terraplenes (solo conformación),UF1,3701,tm2 pk 20+875 - 22+650,20875,22650,TOPOGRAFIA,17,m3,1372,1,1.3,1055.3846153846152,nocturno,xls-1515
2026-03-04,19,TIERRAS,3701.03.03,"BASES, SUBBASES Y AFIRMADOS",Base granular estabilizada con cemento (No incluye cemento),UF1,3701,tm2 pk 12+822 - 14+225,12822,14225,TOPOGRAFIA,17,m3,585,1,1.3,450,,xls-1516
2026-03-04,38,DRENAJES Y ESTRUCTURAS,3701.06.09,DRENAJE TRANSVERSAL,"Concreto clase  28 MPA (encoles, descoles, box, sumideros)",UF1,3701,ODT1-037,16711,16711,CAMPO,17,m3,3.5,1,1,3.5,,xls-1517
2026-03-04,33,DRENAJES Y ESTRUCTURAS,3701.06.04,DRENAJE TRANSVERSAL,Acero de refuerzo Fy=420 Mpa.,UF1,3701,ODT1-053,20862,20862,CAMPO,17,kg,80,1,1,80,,xls-1518
2026-03-04,30,DRENAJES Y ESTRUCTURAS,3701.06.01,DRENAJE TRANSVERSAL,Excavaciones varias sin clasicar,UF1,3701,ODT1-053,20862,20862,CAMPO,17,m3,19,1,1,19,,xls-1519
2026-03-04,36,DRENAJES Y ESTRUCTURAS,3701.06.07,DRENAJE TRANSVERSAL,"Concreto clase 14 MPA (solados, estructuras)",UF1,3701,ODT1-053,20862,20862,CAMPO,17,m3,0.7,1,1,0.7,,xls-1520
2026-03-04,33,DRENAJES Y ESTRUCTURAS,3701.06.04,DRENAJE TRANSVERSAL,Acero de refuerzo Fy=420 Mpa.,UF1,3701,ODT1-054,21060,21060,CAMPO,17,kg,1500,1,1,1500,,xls-1521
2026-03-04,33,DRENAJES Y ESTRUCTURAS,3701.06.04,DRENAJE TRANSVERSAL,Acero de refuerzo Fy=420 Mpa.,UF1,3701,ODT1-061,22432,22432,CAMPO,17,kg,100,1,1,100,,xls-1522
2026-03-05,10,TIERRAS,3701.02.05,EXPLANACIONES,Excavaciones en material común APROVECHABLE,UF1,3701,tm2 pk 19+000 - 20+875,19000,20875,TOPOGRAFIA,17,m3,1260,1,1.3,969.2307692307692,,xls-1523
2026-03-05,6,TIERRAS,3701.02.01,EXPLANACIONES,Desmonte y limpieza en bosque,UF1,3701,tm2 pk 17+120 - 19+000,17120,19000,TOPOGRAFIA,17,Ha,1300,0.0001,1,0.13,,xls-1524
2026-03-05,6,TIERRAS,3701.02.01,EXPLANACIONES,Desmonte y limpieza en bosque,UF1,3701,tm2 pk 23+820 - 24+800,23820,24800,TOPOGRAFIA,17,Ha,450,0.0001,1,0.045000000000000005,,xls-1525
2026-03-05,14,TIERRAS,3701.02.08,EXPLANACIONES,Conformación y disposición de sobrantes (incluye obras de adecuación),UF1,3701,RCD 15+800,15800,15800,TOPOGRAFIA,17,m3,868,1,1.8,482.22222222222223,,xls-1526
2026-03-05,13,TIERRAS,3701.02.07,EXPLANACIONES,Terraplenes (solo conformación),UF1,3701,tm2 pk 28+303 - 29+600,28303,29600,TOPOGRAFIA,17,m3,238,1,1.3,183.07692307692307,,xls-1527
2026-03-05,13,TIERRAS,3701.02.07,EXPLANACIONES,Terraplenes (solo conformación),UF1,3701,tm2 pk 16+210 - 17+120,16210,17120,TOPOGRAFIA,17,m3,784,1,1.3,603.0769230769231,,xls-1528
2026-03-05,13,TIERRAS,3701.02.07,EXPLANACIONES,Terraplenes (solo conformación),UF1,3701,tm2 pk 20+875 - 22+650,20875,22650,TOPOGRAFIA,17,m3,504,1,1.3,387.6923076923077,,xls-1529
2026-03-05,10,TIERRAS,3701.02.05,EXPLANACIONES,Excavaciones en material común APROVECHABLE,UF1,3701,tm2 pk 20+875 - 22+650,20875,22650,TOPOGRAFIA,17,m3,742,1,1.3,570.7692307692307,,xls-1530
2026-03-05,13,TIERRAS,3701.02.07,EXPLANACIONES,Terraplenes (solo conformación),UF1,3701,tm2 pk 20+875 - 22+650,20875,22650,TOPOGRAFIA,17,m3,504,1,1.3,387.6923076923077,nocturno,xls-1531
2026-03-05,10,TIERRAS,3701.02.05,EXPLANACIONES,Excavaciones en material común NO APROVECHABLE,UF1,3701,tm2 pk 20+875 - 22+650,20875,22650,TOPOGRAFIA,17,m3,742,1,1.3,570.7692307692307,,xls-1532
2026-03-05,33,DRENAJES Y ESTRUCTURAS,3701.06.04,DRENAJE TRANSVERSAL,Acero de refuerzo Fy=420 Mpa.,UF1,3701,ODT1-036,15564,15564,CAMPO,17,kg,60,1,1,60,,xls-1533
2026-03-05,19,TIERRAS,3701.03.03,"BASES, SUBBASES Y AFIRMADOS",Base granular estabilizada con cemento (No incluye cemento),UF1,3701,tm2 pk 12+822 - 14+225,12822,14225,TOPOGRAFIA,17,m3,315,1,1.3,242.3076923076923,,xls-1534
2026-03-05,18,TIERRAS,3701.03.01,"BASES, SUBBASES Y AFIRMADOS",Subbase Granular,UF1,3701,tm2 pk 12+822 - 14+225,12822,14225,TOPOGRAFIA,17,m3,15,1,1.3,11.538461538461538,,xls-1535
2026-03-06,10,TIERRAS,3701.02.05,EXPLANACIONES,Excavaciones en material común APROVECHABLE,UF1,3701,tm2 pk 20+875 - 22+650,20875,22650,TOPOGRAFIA,17,m3,380,1,1.3,292.3076923076923,nocturno,xls-1536
2026-03-06,13,TIERRAS,3701.02.07,EXPLANACIONES,Terraplenes (solo conformación),UF1,3701,tm2 pk 20+875 - 22+650,20875,22650,TOPOGRAFIA,17,m3,320,1,1.3,246.15384615384613,nocturno,xls-1537
2026-03-06,13,TIERRAS,3701.02.07,EXPLANACIONES,Terraplenes (solo conformación),UF1,3701,tm2 pk 20+875 - 22+650,20875,22650,TOPOGRAFIA,17,m3,380,1,1.3,292.3076923076923,nocturno,xls-1538
2026-03-06,6,TIERRAS,3701.02.01,EXPLANACIONES,Desmonte y limpieza en bosque,UF1,3701,tm2 pk 19+000 - 20+875,19000,20875,TOPOGRAFIA,17,Ha,400,0.0001,1,0.04,,xls-1539
2026-03-06,6,TIERRAS,3701.02.01,EXPLANACIONES,Desmonte y limpieza en bosque,UF1,3701,tm2 pk 17+120 - 19+000,17120,19000,TOPOGRAFIA,17,Ha,250,0.0001,1,0.025,,xls-1540
2026-03-06,6,TIERRAS,3701.02.01,EXPLANACIONES,Desmonte y limpieza en bosque,UF1,3701,tm2 pk 23+820 - 24+800,23820,24800,TOPOGRAFIA,17,Ha,250,0.0001,1,0.025,,xls-1541
2026-03-06,33,DRENAJES Y ESTRUCTURAS,3701.06.04,DRENAJE TRANSVERSAL,Acero de refuerzo Fy=420 Mpa.,UF1,3701,ODT1-036,15564,15564,CAMPO,17,kg,55,1,1,55,,xls-1542
2026-03-06,19,TIERRAS,3701.03.03,"BASES, SUBBASES Y AFIRMADOS",Base granular estabilizada con cemento (No incluye cemento),UF1,3701,tm2 pk 12+822 - 14+225,12822,14225,TOPOGRAFIA,17,m3,207,1,1.3,159.23076923076923,,xls-1543
2026-03-06,6,TIERRAS,3701.02.01,EXPLANACIONES,Desmonte y limpieza en bosque,UF1,3701,tm2 pk 20+875 - 22+650,20875,22650,TOPOGRAFIA,17,Ha,100,0.0001,1,0.01,,xls-1544
2026-03-07,10,TIERRAS,3701.02.05,EXPLANACIONES,Excavaciones en material común APROVECHABLE,UF1,3701,tm2 pk 19+000 - 20+875,19000,20875,TOPOGRAFIA,17,m3,1064,1,1.3,818.4615384615385,,xls-1545
2026-03-07,6,TIERRAS,3701.02.01,EXPLANACIONES,Desmonte y limpieza en bosque,UF1,3701,tm2 pk 17+120 - 19+000,17120,19000,TOPOGRAFIA,17,Ha,1800,0.0001,1,0.18000000000000002,,xls-1546
2026-03-07,6,TIERRAS,3701.02.01,EXPLANACIONES,Desmonte y limpieza en bosque,UF1,3701,tm2 pk 23+820 - 24+800,23820,24800,TOPOGRAFIA,17,Ha,552,0.0001,1,0.055200000000000006,,xls-1547
2026-03-07,34,DRENAJES Y ESTRUCTURAS,3701.06.05,DRENAJE TRANSVERSAL,Tubería de Concreto Reforzado de 900mm de diámetro interior (Tipo III),UF1,3701,ODT1-036,15564,15564,CAMPO,17,m,25,1,1,25,,xls-1548
2026-03-07,23,PAVIMENTOS,3701.04.01,PAVIMENTOS ASFALTICOS,Riego de imprimación con emulsión asfáltica,UF1,3701,tm2 pk 12+822 - 14+225,12822,14225,TOPOGRAFIA,17,m2,6600,1,1,6600,,xls-1549
2026-03-07,10,TIERRAS,3701.02.05,EXPLANACIONES,Excavaciones en material común APROVECHABLE,UF1,3701,tm2 pk 20+875 - 22+650,20875,22650,TOPOGRAFIA,17,m3,877,1,1.3,674.6153846153846,,xls-1550
2026-03-07,13,TIERRAS,3701.02.07,EXPLANACIONES,Terraplenes (solo conformación),UF1,3701,tm2 pk 20+875 - 22+650,20875,22650,TOPOGRAFIA,17,m3,877,1,1.3,674.6153846153846,,xls-1551
2026-03-07,10,TIERRAS,3701.02.05,EXPLANACIONES,Excavaciones en material común APROVECHABLE,UF1,3701,tm2 pk 20+875 - 22+650,20875,22650,TOPOGRAFIA,17,m3,936,1,1.3,720,nocturno,xls-1552
2026-03-07,13,TIERRAS,3701.02.07,EXPLANACIONES,Terraplenes (solo conformación),UF1,3701,tm2 pk 20+875 - 22+650,20875,22650,TOPOGRAFIA,17,m3,936,1,1.3,720,nocturno,xls-1553
2026-03-09,19,TIERRAS,3701.03.03,"BASES, SUBBASES Y AFIRMADOS",Base granular estabilizada con cemento (No incluye cemento),UF1,3701,tm2 pk 12+822 - 14+225,12822,14225,TOPOGRAFIA,17,m3,605,1,1.3,465.38461538461536,,xls-1554
2026-03-09,10,TIERRAS,3701.02.05,EXPLANACIONES,Excavaciones en material común APROVECHABLE,UF1,3701,tm2 pk 20+875 - 22+650,20875,22650,TOPOGRAFIA,17,m3,109,1,1.3,83.84615384615384,,xls-1555
2026-03-09,31,DRENAJES Y ESTRUCTURAS,3701.06.02,DRENAJE TRANSVERSAL,Rellenos con material seleccionado,UF1,3701,ODT1-066,24878,24878,CAMPO,17,m3,45,1,1,45,,xls-1556
2026-03-09,41,DRENAJES Y ESTRUCTURAS,3701.06.12,DRENAJE TRANSVERSAL,Geodrén vial h=1 m con tubería de 100 mm,UF1,3701,ODT1-066,24878,24878,CAMPO,17,m,31.44,1,1,31.44,,xls-1557
2026-03-09,42,DRENAJES Y ESTRUCTURAS,3701.06.13,DRENAJE TRANSVERSAL,Geodrén planar h=1 m,UF1,3701,ODT1-066,24878,24878,CAMPO,17,m2,62.88,1,1,62.88,,xls-1558
2026-03-09,41,DRENAJES Y ESTRUCTURAS,3701.06.12,DRENAJE TRANSVERSAL,Geodrén vial h=1 m con tubería de 100 mm,UF1,3701,ODT1-083,29600,29600,CAMPO,17,m,0,1,1,0,,xls-1559
2026-03-09,42,DRENAJES Y ESTRUCTURAS,3701.06.13,DRENAJE TRANSVERSAL,Geodrén planar h=1 m,UF1,3701,ODT1-083,29600,29600,CAMPO,17,m2,0,1,1,0,,xls-1560
2026-03-09,6,TIERRAS,3701.02.01,EXPLANACIONES,Desmonte y limpieza en bosque,UF1,3701,tm2 pk 17+120 - 19+000,17120,19000,TOPOGRAFIA,17,Ha,1118,0.0001,1,0.11180000000000001,,xls-1561
2026-03-09,10,TIERRAS,3701.02.05,EXPLANACIONES,Excavaciones en material común APROVECHABLE,UF1,3701,tm2 pk 20+875 - 22+650,20875,22650,TOPOGRAFIA,17,m3,798,1,1.3,613.8461538461538,nocturno,xls-1562
2026-03-09,13,TIERRAS,3701.02.07,EXPLANACIONES,Terraplenes (solo conformación),UF1,3701,tm2 pk 20+875 - 22+650,20875,22650,TOPOGRAFIA,17,m3,1037,1,1.3,797.6923076923076,nocturno,xls-1563
2026-03-09,38,DRENAJES Y ESTRUCTURAS,3701.06.09,DRENAJE TRANSVERSAL,"Concreto clase  28 MPA (encoles, descoles, box, sumideros)",UF1,3701,ODT1-053,20862,20862,CAMPO,17,m3,4.7,1,1,4.7,,xls-1564
2026-03-09,33,DRENAJES Y ESTRUCTURAS,3701.06.04,DRENAJE TRANSVERSAL,Acero de refuerzo Fy=420 Mpa.,UF1,3701,ODT1-054,21060,21060,CAMPO,17,kg,300,1,1,300,,xls-1565
2026-03-06,30,DRENAJES Y ESTRUCTURAS,3701.06.01,DRENAJE TRANSVERSAL,Excavaciones varias sin clasicar,UF1,3701,ODT1-037,16711,16711,CAMPO,17,m3,2,1,1,2,,xls-1566
2026-03-06,33,DRENAJES Y ESTRUCTURAS,3701.06.04,DRENAJE TRANSVERSAL,Acero de refuerzo Fy=420 Mpa.,UF1,3701,ODT1-053,20862,20862,CAMPO,17,kg,150,1,1,150,,xls-1567
2026-03-06,38,DRENAJES Y ESTRUCTURAS,3701.06.09,DRENAJE TRANSVERSAL,"Concreto clase  28 MPA (encoles, descoles, box, sumideros)",UF1,3701,ODT1-061,22432,22432,CAMPO,17,m3,2,1,1,2,,xls-1568
2026-03-06,33,DRENAJES Y ESTRUCTURAS,3701.06.04,DRENAJE TRANSVERSAL,Acero de refuerzo Fy=420 Mpa.,UF1,3701,ODT1-054,21060,21060,CAMPO,17,kg,600,1,1,600,,xls-1569
2026-03-06,38,DRENAJES Y ESTRUCTURAS,3701.06.09,DRENAJE TRANSVERSAL,"Concreto clase  28 MPA (encoles, descoles, box, sumideros)",UF1,3701,ODT1-054,21060,21060,CAMPO,17,m3,34,1,1,34,,xls-1570
2026-03-07,30,DRENAJES Y ESTRUCTURAS,3701.06.01,DRENAJE TRANSVERSAL,Excavaciones varias sin clasicar,UF1,3701,ODT1-037,16711,16711,CAMPO,17,m3,1.5,1,1,1.5,,xls-1571
2026-03-07,33,DRENAJES Y ESTRUCTURAS,3701.06.04,DRENAJE TRANSVERSAL,Acero de refuerzo Fy=420 Mpa.,UF1,3701,ODT1-053,20862,20862,CAMPO,17,kg,100,1,1,100,,xls-1572
2026-03-07,38,DRENAJES Y ESTRUCTURAS,3701.06.09,DRENAJE TRANSVERSAL,"Concreto clase  28 MPA (encoles, descoles, box, sumideros)",UF1,3701,ODT1-060,23246,23246,CAMPO,17,m3,3.5,1,1,3.5,,xls-1573
2026-03-07,33,DRENAJES Y ESTRUCTURAS,3701.06.04,DRENAJE TRANSVERSAL,Acero de refuerzo Fy=420 Mpa.,UF1,3701,ODT1-054,21060,21060,CAMPO,17,kg,600,1,1,600,,xls-1574
2026-03-09,97,PAVIMENTOS,3702.04.03,PAVIMENTOS ASFALTICOS,Mezcla densa en caliente tipo MDC-25 Base Asfáltica,UF2,3702,tm2 pk 30+500 - 31+942,30500,31942,TOPOGRAFIA,17,m3,220,1,1,220,,xls-1575
2026-03-10,10,TIERRAS,3701.02.05,EXPLANACIONES,Excavaciones en material común APROVECHABLE,UF1,3701,tm2 pk 19+000 - 20+875,19000,20875,TOPOGRAFIA,17,m3,1148,1,1.3,883.0769230769231,,xls-1576
2026-03-10,13,TIERRAS,3701.02.07,EXPLANACIONES,Terraplenes (solo conformación),UF1,3701,tm2 pk 16+210 - 17+120,16210,17120,TOPOGRAFIA,17,m3,560,1,1.3,430.7692307692308,,xls-1577
2026-03-10,13,TIERRAS,3701.02.07,EXPLANACIONES,Terraplenes (solo conformación),UF1,3701,tm2 pk 23+820 - 24+800,23820,24800,TOPOGRAFIA,17,m3,322,1,1.3,247.69230769230768,,xls-1578
2026-03-10,13,TIERRAS,3701.02.07,EXPLANACIONES,Terraplenes (solo conformación),UF1,3701,tm2 pk 12+822 - 14+225,12822,14225,TOPOGRAFIA,17,m3,140,1,1.3,107.6923076923077,,xls-1579
2026-03-10,19,TIERRAS,3701.03.03,"BASES, SUBBASES Y AFIRMADOS",Base granular estabilizada con cemento (No incluye cemento),UF1,3701,tm2 pk 12+822 - 14+225,12822,14225,TOPOGRAFIA,17,m3,705,1,1.3,542.3076923076923,,xls-1580
2026-03-10,10,TIERRAS,3701.02.05,EXPLANACIONES,Excavaciones en material común APROVECHABLE,UF1,3701,tm2 pk 20+875 - 22+650,20875,22650,TOPOGRAFIA,17,m3,1022,1,1.3,786.1538461538461,,xls-1581
2026-03-10,13,TIERRAS,3701.02.07,EXPLANACIONES,Terraplenes (solo conformación),UF1,3701,tm2 pk 20+875 - 22+650,20875,22650,TOPOGRAFIA,17,m3,1022,1,1.3,786.1538461538461,,xls-1582
2026-03-10,18,TIERRAS,3701.03.01,"BASES, SUBBASES Y AFIRMADOS",Subbase Granular,UF1,3701,tm2 pk 28+303 - 29+600,28303,29600,TOPOGRAFIA,17,m3,570,1,1.3,438.46153846153845,,xls-1583
2026-03-10,6,TIERRAS,3701.02.01,EXPLANACIONES,Desmonte y limpieza en bosque,UF1,3701,tm2 pk 17+120 - 19+000,17120,19000,TOPOGRAFIA,17,Ha,1120,0.0001,1,0.112,,xls-1584
2026-03-10,10,TIERRAS,3701.02.05,EXPLANACIONES,Excavaciones en material común APROVECHABLE,UF1,3701,tm2 pk 20+875 - 22+650,20875,22650,TOPOGRAFIA,17,m3,720,1,1.3,553.8461538461538,,xls-1585
2026-03-10,13,TIERRAS,3701.02.07,EXPLANACIONES,Terraplenes (solo conformación),UF1,3701,tm2 pk 20+875 - 22+650,20875,22650,TOPOGRAFIA,17,m3,720,1,1.3,553.8461538461538,,xls-1586
2026-03-10,30,DRENAJES Y ESTRUCTURAS,3701.06.01,DRENAJE TRANSVERSAL,Excavaciones varias sin clasicar,UF1,3701,ODT1-037,16711,16711,CAMPO,17,m3,13.5,1,1,13.5,,xls-1587
2026-03-10,33,DRENAJES Y ESTRUCTURAS,3701.06.04,DRENAJE TRANSVERSAL,Acero de refuerzo Fy=420 Mpa.,UF1,3701,ODT1-037,16711,16711,CAMPO,17,kg,150,1,1,150,,xls-1588
2026-03-10,38,DRENAJES Y ESTRUCTURAS,3701.06.09,DRENAJE TRANSVERSAL,"Concreto clase  28 MPA (encoles, descoles, box, sumideros)",UF1,3701,ODT1-053,20862,20862,CAMPO,17,m3,6,1,1,6,,xls-1589
2026-03-10,38,DRENAJES Y ESTRUCTURAS,3701.06.09,DRENAJE TRANSVERSAL,"Concreto clase  28 MPA (encoles, descoles, box, sumideros)",UF1,3701,ODT1-061,22432,22432,CAMPO,17,m3,3.5,1,1,3.5,,xls-1590
2026-03-10,33,DRENAJES Y ESTRUCTURAS,3701.06.04,DRENAJE TRANSVERSAL,Acero de refuerzo Fy=420 Mpa.,UF1,3701,ODT1-061,22432,22432,CAMPO,17,kg,350,1,1,350,,xls-1591
2026-03-10,36,DRENAJES Y ESTRUCTURAS,3701.06.07,DRENAJE TRANSVERSAL,"Concreto clase 14 MPA (solados, estructuras)",UF1,3701,ODT1-036,15564,15564,CAMPO,17,m3,8.5,1,1,8.5,,xls-1592
2026-03-11,18,TIERRAS,3701.03.01,"BASES, SUBBASES Y AFIRMADOS",Subbase Granular,UF1,3701,tm2 pk 28+303 - 29+600,28303,29600,TOPOGRAFIA,17,m3,375,1,1.3,288.46153846153845,,xls-1593
2026-03-11,33,DRENAJES Y ESTRUCTURAS,3701.06.04,DRENAJE TRANSVERSAL,Acero de refuerzo Fy=420 Mpa.,UF1,3701,ODT1-036,15564,15564,CAMPO,17,kg,120,1,1,120,,xls-1594
2026-03-11,36,DRENAJES Y ESTRUCTURAS,3701.06.07,DRENAJE TRANSVERSAL,"Concreto clase 14 MPA (solados, estructuras)",UF1,3701,ODT1-036,15564,15564,CAMPO,17,m3,0.5,1,1,0.5,,xls-1595
2026-03-11,19,TIERRAS,3701.03.03,"BASES, SUBBASES Y AFIRMADOS",Base granular estabilizada con cemento (No incluye cemento),UF1,3701,tm2 pk 12+822 - 14+225,12822,14225,TOPOGRAFIA,17,m3,270,1,1.3,207.69230769230768,,xls-1596
2026-03-11,18,TIERRAS,3701.03.01,"BASES, SUBBASES Y AFIRMADOS",Subbase Granular,UF1,3701,tm2 pk 12+822 - 14+225,12822,14225,TOPOGRAFIA,17,m3,150,1,1.3,115.38461538461539,,xls-1597
2026-03-11,33,DRENAJES Y ESTRUCTURAS,3701.06.04,DRENAJE TRANSVERSAL,Acero de refuerzo Fy=420 Mpa.,UF1,3701,ODT1-037,16711,16711,CAMPO,17,kg,50,1,1,50,,xls-1598
2026-03-11,33,DRENAJES Y ESTRUCTURAS,3701.06.04,DRENAJE TRANSVERSAL,Acero de refuerzo Fy=420 Mpa.,UF1,3701,ODT1-053,20862,20862,CAMPO,17,kg,100,1,1,100,,xls-1599
2026-03-11,33,DRENAJES Y ESTRUCTURAS,3701.06.04,DRENAJE TRANSVERSAL,Acero de refuerzo Fy=420 Mpa.,UF1,3701,ODT1-058,21714,21714,CAMPO,17,kg,60,1,1,60,,xls-1600
2026-03-11,38,DRENAJES Y ESTRUCTURAS,3701.06.09,DRENAJE TRANSVERSAL,"Concreto clase  28 MPA (encoles, descoles, box, sumideros)",UF1,3701,ODT1-054,21060,21060,CAMPO,17,m3,10.5,1,1,10.5,,xls-1601
2026-03-10,25,PAVIMENTOS,3701.04.03,PAVIMENTOS ASFALTICOS,Mezcla densa en caliente tipo MDC-25 Base Asfáltica,UF1,3701,tm2 pk 12+822 - 14+225,12822,14225,TOPOGRAFIA,17,m3,98.8,1,1,98.8,,xls-1602
2026-03-11,25,PAVIMENTOS,3701.04.03,PAVIMENTOS ASFALTICOS,Mezcla densa en caliente tipo MDC-25 Base Asfáltica,UF1,3701,tm2 pk 12+822 - 14+225,12822,14225,TOPOGRAFIA,17,m3,104,1,1,104,,xls-1603
2026-03-12,10,TIERRAS,3701.02.05,EXPLANACIONES,Excavaciones en material común APROVECHABLE,UF1,3701,tm2 pk 20+875 - 22+650,20875,22650,TOPOGRAFIA,17,m3,1190,1,1.3,915.3846153846154,,xls-1604
2026-03-12,10,TIERRAS,3701.02.05,EXPLANACIONES,Excavaciones en material común APROVECHABLE,UF1,3701,tm2 pk 19+000 - 20+875,19000,20875,TOPOGRAFIA,17,m3,346,1,1.3,266.15384615384613,,xls-1605
2026-03-12,10,TIERRAS,3701.02.05,EXPLANACIONES,Excavaciones en material común APROVECHABLE,UF1,3701,tm2 pk 20+875 - 22+650,20875,22650,TOPOGRAFIA,17,m3,714,1,1.3,549.2307692307692,NOCTURNO,xls-1606
2026-03-12,13,TIERRAS,3701.02.07,EXPLANACIONES,Terraplenes (solo conformación),UF1,3701,tm2 pk 16+210 - 17+120,16210,17120,TOPOGRAFIA,17,m3,294,1,1.3,226.15384615384613,,xls-1607
2026-03-12,13,TIERRAS,3701.02.07,EXPLANACIONES,Terraplenes (solo conformación),UF1,3701,tm2 pk 20+875 - 22+650,20875,22650,TOPOGRAFIA,17,m3,714,1,1.3,549.2307692307692,,xls-1608
2026-03-12,13,TIERRAS,3701.02.07,EXPLANACIONES,Terraplenes (solo conformación),UF1,3701,tm2 pk 16+210 - 17+120,16210,17120,TOPOGRAFIA,17,m3,154,1,1.3,118.46153846153845,,xls-1609
2026-03-12,13,TIERRAS,3701.02.07,EXPLANACIONES,Terraplenes (solo conformación),UF1,3701,tm2 pk 20+875 - 22+650,20875,22650,TOPOGRAFIA,17,m3,496,1,1.3,381.53846153846155,nocturno,xls-1610
2026-03-12,13,TIERRAS,3701.02.07,EXPLANACIONES,Terraplenes (solo conformación),UF1,3701,tm2 pk 20+875 - 22+650,20875,22650,TOPOGRAFIA,17,m3,322,1,1.3,247.69230769230768,,xls-1611
2026-03-12,18,TIERRAS,3701.03.01,"BASES, SUBBASES Y AFIRMADOS",Subbase Granular,UF1,3701,tm2 pk 28+303 - 29+600,28303,29600,TOPOGRAFIA,17,m3,315,1,1.3,242.3076923076923,,xls-1612
2026-03-12,18,TIERRAS,3701.03.01,"BASES, SUBBASES Y AFIRMADOS",Subbase Granular,UF1,3701,tm2 pk 12+822 - 14+225,12822,14225,TOPOGRAFIA,17,m3,120,1,1.3,92.3076923076923,,xls-1613
2026-03-12,19,TIERRAS,3701.03.03,"BASES, SUBBASES Y AFIRMADOS",Base granular estabilizada con cemento (No incluye cemento),UF1,3701,tm2 pk 12+822 - 14+225,12822,14225,TOPOGRAFIA,17,m3,166,1,1.3,127.6923076923077,,xls-1614
2026-03-13,10,TIERRAS,3701.02.05,EXPLANACIONES,Excavaciones en material común APROVECHABLE,UF1,3701,tm2 pk 19+000 - 20+875,19000,20875,TOPOGRAFIA,17,m3,686,1,1.3,527.6923076923076,,xls-1615
2026-03-13,10,TIERRAS,3701.02.05,EXPLANACIONES,Excavaciones en material común APROVECHABLE,UF1,3701,tm2 pk 20+875 - 22+650,20875,22650,TOPOGRAFIA,17,m3,602,1,1.3,463.07692307692304,,xls-1616
2026-03-13,10,TIERRAS,3701.02.05,EXPLANACIONES,Excavaciones en material común APROVECHABLE,UF1,3701,tm2 pk 20+875 - 22+650,20875,22650,TOPOGRAFIA,17,m3,658,1,1.3,506.15384615384613,NOCTURNO,xls-1617
2026-03-13,13,TIERRAS,3701.02.07,EXPLANACIONES,Terraplenes (solo conformación),UF1,3701,tm2 pk 12+822 - 14+225,12822,14225,TOPOGRAFIA,17,m3,196,1,1.3,150.76923076923077,,xls-1618
2026-03-13,13,TIERRAS,3701.02.07,EXPLANACIONES,Terraplenes (solo conformación),UF1,3701,tm2 pk 16+210 - 17+120,16210,17120,TOPOGRAFIA,17,m3,392,1,1.3,301.53846153846155,,xls-1619
2026-03-13,13,TIERRAS,3701.02.07,EXPLANACIONES,Terraplenes (solo conformación),UF1,3701,tm2 pk 20+875 - 22+650,20875,22650,TOPOGRAFIA,17,m3,98,1,1.3,75.38461538461539,,xls-1620
2026-03-13,13,TIERRAS,3701.02.07,EXPLANACIONES,Terraplenes (solo conformación),UF1,3701,tm2 pk 16+210 - 17+120,16210,17120,TOPOGRAFIA,17,m3,602,1,1.3,463.07692307692304,,xls-1621
2026-03-13,18,TIERRAS,3701.03.01,"BASES, SUBBASES Y AFIRMADOS",Subbase Granular,UF1,3701,tm2 pk 28+303 - 29+600,28303,29600,TOPOGRAFIA,17,m3,450,1,1.3,346.15384615384613,,xls-1622
2026-03-13,19,TIERRAS,3701.03.03,"BASES, SUBBASES Y AFIRMADOS",Base granular estabilizada con cemento (No incluye cemento),UF1,3701,tm2 pk 12+822 - 14+225,12822,14225,TOPOGRAFIA,17,m3,751,1,1.3,577.6923076923076,,xls-1623
2026-03-13,18,TIERRAS,3701.03.01,"BASES, SUBBASES Y AFIRMADOS",Subbase Granular,UF1,3701,tm2 pk 12+822 - 14+225,12822,14225,TOPOGRAFIA,17,m3,75,1,1.3,57.69230769230769,,xls-1624
2026-03-13,90,TIERRAS,3702.03.01,"BASES, SUBBASES Y AFIRMADOS",Subbase Granular,UF2,3702,tm2 pk 32+508 - 33+090,32508,33090,TOPOGRAFIA,17,m3,300,1,1.3,230.76923076923077,,xls-1625
2026-03-13,33,DRENAJES Y ESTRUCTURAS,3701.06.04,DRENAJE TRANSVERSAL,Acero de refuerzo Fy=420 Mpa.,UF1,3701,ODT1-036,15564,15564,CAMPO,17,kg,146,1,1,146,,xls-1626
2026-03-14,18,TIERRAS,3701.03.01,"BASES, SUBBASES Y AFIRMADOS",Subbase Granular,UF1,3701,tm2 pk 28+303 - 29+600,28303,29600,TOPOGRAFIA,17,m3,255,1,1.3,196.15384615384616,,xls-1627
2026-03-14,18,TIERRAS,3701.03.01,"BASES, SUBBASES Y AFIRMADOS",Subbase Granular,UF1,3701,tm2 pk 12+822 - 14+225,12822,14225,TOPOGRAFIA,17,m3,45,1,1.3,34.61538461538461,,xls-1628
2026-03-14,19,TIERRAS,3701.03.03,"BASES, SUBBASES Y AFIRMADOS",Base granular estabilizada con cemento (No incluye cemento),UF1,3701,tm2 pk 12+822 - 14+225,12822,14225,TOPOGRAFIA,17,m3,316,1,1.3,243.07692307692307,,xls-1629
2026-03-14,10,TIERRAS,3701.02.05,EXPLANACIONES,Excavaciones en material común APROVECHABLE,UF1,3701,tm2 pk 19+000 - 20+875,19000,20875,TOPOGRAFIA,17,m3,1092,1,1.3,840,,xls-1630
2026-03-14,10,TIERRAS,3701.02.05,EXPLANACIONES,Excavaciones en material común APROVECHABLE,UF1,3701,tm2 pk 20+875 - 22+650,20875,22650,TOPOGRAFIA,17,m3,616,1,1.3,473.8461538461538,NOCTURNO,xls-1631
2026-03-14,13,TIERRAS,3701.02.07,EXPLANACIONES,Terraplenes (solo conformación),UF1,3701,tm2 pk 23+820 - 24+800,23820,24800,TOPOGRAFIA,17,m3,966,1,1.3,743.0769230769231,,xls-1632
2026-03-14,13,TIERRAS,3701.02.07,EXPLANACIONES,Terraplenes (solo conformación),UF1,3701,tm2 pk 28+303 - 29+600,28303,29600,TOPOGRAFIA,17,m3,126,1,1.3,96.92307692307692,,xls-1633
2026-03-14,13,TIERRAS,3701.02.07,EXPLANACIONES,Terraplenes (solo conformación),UF1,3701,tm2 pk 20+875 - 22+650,20875,22650,TOPOGRAFIA,17,m3,616,1,1.3,473.8461538461538,NOCTURNO,xls-1634
2026-03-16,10,TIERRAS,3701.02.05,EXPLANACIONES,Excavaciones en material común APROVECHABLE,UF1,3701,tm2 pk 19+000 - 20+875,19000,20875,TOPOGRAFIA,18,m3,2016,1,1.3,1550.7692307692307,,xls-1635
2026-03-16,10,TIERRAS,3701.02.05,EXPLANACIONES,Excavaciones en material común APROVECHABLE,UF1,3701,tm2 pk 20+875 - 22+650,20875,22650,TOPOGRAFIA,18,m3,994,1,1.3,764.6153846153846,,xls-1636
2026-03-16,10,TIERRAS,3701.02.05,EXPLANACIONES,Excavaciones en material común APROVECHABLE,UF1,3701,tm2 pk 20+875 - 22+650,20875,22650,TOPOGRAFIA,18,m3,856,1,1.3,658.4615384615385,NOCTURNO,xls-1637
2026-03-16,6,TIERRAS,3701.02.01,EXPLANACIONES,Desmonte y limpieza en bosque,UF1,3701,tm2 pk 17+120 - 19+000,17120,19000,TOPOGRAFIA,18,Ha,725,0.0001,1,0.07250000000000001,,xls-1638
2026-03-16,13,TIERRAS,3701.02.07,EXPLANACIONES,Terraplenes (solo conformación),UF1,3701,tm2 pk 16+210 - 17+120,16210,17120,TOPOGRAFIA,18,m3,1386,1,1.3,1066.1538461538462,,xls-1639
2026-03-16,13,TIERRAS,3701.02.07,EXPLANACIONES,Terraplenes (solo conformación),UF1,3701,tm2 pk 23+820 - 24+800,23820,24800,TOPOGRAFIA,18,m3,728,1,1.3,560,,xls-1640
2026-03-16,13,TIERRAS,3701.02.07,EXPLANACIONES,Terraplenes (solo conformación),UF1,3701,tm2 pk 28+303 - 29+600,28303,29600,TOPOGRAFIA,18,m3,98,1,1.3,75.38461538461539,,xls-1641
2026-03-16,13,TIERRAS,3701.02.07,EXPLANACIONES,Terraplenes (solo conformación),UF1,3701,tm2 pk 20+875 - 22+650,20875,22650,TOPOGRAFIA,18,m3,336,1,1.3,258.46153846153845,,xls-1642
2026-03-16,13,TIERRAS,3701.02.07,EXPLANACIONES,Terraplenes (solo conformación),UF1,3701,tm2 pk 20+875 - 22+650,20875,22650,TOPOGRAFIA,18,m3,760,1,1.3,584.6153846153846,NOCTURNO,xls-1643
2026-03-16,18,TIERRAS,3701.03.01,"BASES, SUBBASES Y AFIRMADOS",Subbase Granular,UF1,3701,tm2 pk 28+303 - 29+600,28303,29600,TOPOGRAFIA,18,m3,675,1,1.3,519.2307692307692,,xls-1644
2026-03-12,30,DRENAJES Y ESTRUCTURAS,3701.06.01,DRENAJE TRANSVERSAL,Excavaciones varias sin clasicar,UF1,3701,ODT1-037,16711,16711,CAMPO,17,m3,1.7,1,1,1.7,,xls-1645
2026-03-12,33,DRENAJES Y ESTRUCTURAS,3701.06.04,DRENAJE TRANSVERSAL,Acero de refuerzo Fy=420 Mpa.,UF1,3701,ODT1-037,16711,16711,CAMPO,17,kg,70,1,1,70,,xls-1646
2026-03-12,30,DRENAJES Y ESTRUCTURAS,3701.06.01,DRENAJE TRANSVERSAL,Excavaciones varias sin clasicar,UF1,3701,ODT1-041,18827,18827,CAMPO,17,m3,32,1,1,32,,xls-1647
2026-03-12,36,DRENAJES Y ESTRUCTURAS,3701.06.07,DRENAJE TRANSVERSAL,"Concreto clase 14 MPA (solados, estructuras)",UF1,3701,ODT1-041,18827,18827,CAMPO,17,m3,10,1,1,10,,xls-1648
2026-03-12,38,DRENAJES Y ESTRUCTURAS,3701.06.09,DRENAJE TRANSVERSAL,"Concreto clase  28 MPA (encoles, descoles, box, sumideros)",UF1,3701,ODT1-058,21714,21714,CAMPO,17,m3,4,1,1,4,,xls-1649
2026-03-12,38,DRENAJES Y ESTRUCTURAS,3701.06.09,DRENAJE TRANSVERSAL,"Concreto clase  28 MPA (encoles, descoles, box, sumideros)",UF1,3701,ODT1-061,22432,22432,CAMPO,17,m3,3.5,1,1,3.5,,xls-1650
2026-03-12,33,DRENAJES Y ESTRUCTURAS,3701.06.04,DRENAJE TRANSVERSAL,Acero de refuerzo Fy=420 Mpa.,UF1,3701,ODT1-054,21060,21060,CAMPO,17,kg,300,1,1,300,,xls-1651
2026-03-12,30,DRENAJES Y ESTRUCTURAS,3701.06.01,DRENAJE TRANSVERSAL,Excavaciones varias sin clasicar,UF1,3701,ODT1-056,21676,21676,CAMPO,17,m3,330,1,1,330,,xls-1652
2026-03-12,31,DRENAJES Y ESTRUCTURAS,3701.06.02,DRENAJE TRANSVERSAL,Rellenos con material seleccionado,UF1,3701,ODT1-056,21676,21676,CAMPO,17,m3,90,1,1,90,,xls-1653
2026-03-13,33,DRENAJES Y ESTRUCTURAS,3701.06.04,DRENAJE TRANSVERSAL,Acero de refuerzo Fy=420 Mpa.,UF1,3701,ODT1-037,16711,16711,CAMPO,17,kg,80,1,1,80,,xls-1654
2026-03-13,34,DRENAJES Y ESTRUCTURAS,3701.06.05,DRENAJE TRANSVERSAL,Tubería de Concreto Reforzado de 900mm de diámetro interior (Tipo III),UF1,3701,ODT1-041,18827,18827,CAMPO,17,m,28,1,1,28,,xls-1655
2026-03-13,31,DRENAJES Y ESTRUCTURAS,3701.06.02,DRENAJE TRANSVERSAL,Rellenos con material seleccionado,UF1,3701,ODT1-056,21676,21676,CAMPO,17,m3,52,1,1,52,,xls-1656
2026-03-13,36,DRENAJES Y ESTRUCTURAS,3701.06.07,DRENAJE TRANSVERSAL,"Concreto clase 14 MPA (solados, estructuras)",UF1,3701,ODT1-056,21676,21676,CAMPO,17,m3,7.5,1,1,7.5,,xls-1657
2026-03-14,38,DRENAJES Y ESTRUCTURAS,3701.06.09,DRENAJE TRANSVERSAL,"Concreto clase  28 MPA (encoles, descoles, box, sumideros)",UF1,3701,ODT1-037,16711,16711,CAMPO,17,m3,4,1,1,4,,xls-1658
2026-03-14,34,DRENAJES Y ESTRUCTURAS,3701.06.05,DRENAJE TRANSVERSAL,Tubería de Concreto Reforzado de 900mm de diámetro interior (Tipo III),UF1,3701,ODT1-041,18827,18827,CAMPO,17,m,4,1,1,4,,xls-1659
2026-03-14,36,DRENAJES Y ESTRUCTURAS,3701.06.07,DRENAJE TRANSVERSAL,"Concreto clase 14 MPA (solados, estructuras)",UF1,3701,ODT1-041,18827,18827,CAMPO,17,m3,5.5,1,1,5.5,,xls-1660
2026-03-14,38,DRENAJES Y ESTRUCTURAS,3701.06.09,DRENAJE TRANSVERSAL,"Concreto clase  28 MPA (encoles, descoles, box, sumideros)",UF1,3701,ODT1-053,20862,20862,CAMPO,17,m3,4,1,1,4,,xls-1661
2026-03-14,31,DRENAJES Y ESTRUCTURAS,3701.06.02,DRENAJE TRANSVERSAL,Rellenos con material seleccionado,UF1,3701,ODT1-054,21060,21060,CAMPO,17,m3,140,1,1,140,,xls-1662
2026-03-14,38,DRENAJES Y ESTRUCTURAS,3701.06.09,DRENAJE TRANSVERSAL,"Concreto clase  28 MPA (encoles, descoles, box, sumideros)",UF1,3701,ODT1-054,21060,21060,CAMPO,17,m3,11,1,1,11,,xls-1663
2026-03-14,36,DRENAJES Y ESTRUCTURAS,3701.06.07,DRENAJE TRANSVERSAL,"Concreto clase 14 MPA (solados, estructuras)",UF1,3701,ODT1-056,21676,21676,CAMPO,17,m3,5,1,1,5,,xls-1664
2026-03-17,10,TIERRAS,3701.02.05,EXPLANACIONES,Excavaciones en material común APROVECHABLE,UF1,3701,tm2 pk 19+000 - 20+875,19000,20875,TOPOGRAFIA,18,m3,1218,1,1.3,936.9230769230769,,xls-1665
2026-03-17,10,TIERRAS,3701.02.05,EXPLANACIONES,Excavaciones en material común APROVECHABLE,UF1,3701,tm2 pk 20+875 - 22+650,20875,22650,TOPOGRAFIA,18,m3,1204,1,1.3,926.1538461538461,,xls-1666
2026-03-17,10,TIERRAS,3701.02.05,EXPLANACIONES,Excavaciones en material común APROVECHABLE,UF1,3701,tm2 pk 20+875 - 22+650,20875,22650,TOPOGRAFIA,18,m3,540,1,1.3,415.38461538461536,NOCTURNO,xls-1667
2026-03-17,13,TIERRAS,3701.02.07,EXPLANACIONES,Terraplenes (solo conformación),UF1,3701,tm2 pk 16+210 - 17+120,16210,17120,TOPOGRAFIA,18,m3,2198,1,1.3,1690.7692307692307,,xls-1668
2026-03-17,19,TIERRAS,3701.03.03,"BASES, SUBBASES Y AFIRMADOS",Base granular estabilizada con cemento (No incluye cemento),UF1,3701,tm2 pk 12+822 - 14+225,12822,14225,TOPOGRAFIA,18,m3,341.1,1,1.3,262.3846153846154,,xls-1669
2026-03-17,6,TIERRAS,3701.02.01,EXPLANACIONES,Desmonte y limpieza en bosque,UF1,3701,tm2 pk 17+120 - 19+000,17120,19000,TOPOGRAFIA,18,Ha,1300,0.0001,1,0.13,,xls-1670
2026-03-17,38,DRENAJES Y ESTRUCTURAS,3701.06.09,DRENAJE TRANSVERSAL,"Concreto clase  28 MPA (encoles, descoles, box, sumideros)",UF1,3701,ODT1-036,15564,15564,CAMPO,18,m3,4.5,1,1,4.5,,xls-1671
2026-03-17,33,DRENAJES Y ESTRUCTURAS,3701.06.04,DRENAJE TRANSVERSAL,Acero de refuerzo Fy=420 Mpa.,UF1,3701,ODT1-036,15564,15564,CAMPO,18,kg,38.699999999999996,1,1,38.699999999999996,,xls-1672
2026-03-14,23,PAVIMENTOS,3701.04.01,PAVIMENTOS ASFALTICOS,Riego de imprimación con emulsión asfáltica,UF1,3701,tm2 pk 12+822 - 14+225,12822,14225,TOPOGRAFIA,17,m2,4400,1,1,4400,,xls-1673
2026-03-17,23,PAVIMENTOS,3701.04.01,PAVIMENTOS ASFALTICOS,Riego de imprimación con emulsión asfáltica,UF1,3701,tm2 pk 12+822 - 14+225,12822,14225,TOPOGRAFIA,18,m2,4400,1,1,4400,,xls-1674
2026-03-18,6,TIERRAS,3701.02.01,EXPLANACIONES,Desmonte y limpieza en bosque,UF1,3701,tm2 pk 17+120 - 19+000,17120,19000,TOPOGRAFIA,18,Ha,1320,0.0001,1,0.132,,xls-1675
2026-03-19,10,TIERRAS,3701.02.05,EXPLANACIONES,Excavaciones en material común APROVECHABLE,UF1,3701,tm2 pk 19+000 - 20+875,19000,20875,TOPOGRAFIA,18,m3,1862,1,1.3,1432.3076923076922,,xls-1676
2026-03-19,10,TIERRAS,3701.02.05,EXPLANACIONES,Excavaciones en material común APROVECHABLE,UF1,3701,tm2 pk 19+000 - 20+875,19000,20875,TOPOGRAFIA,18,m3,364,1,1.3,280,NOCTURNO,xls-1677
2026-03-19,13,TIERRAS,3701.02.07,EXPLANACIONES,Terraplenes (solo conformación),UF1,3701,tm2 pk 16+210 - 17+120,16210,17120,TOPOGRAFIA,18,m3,728,1,1.3,560,,xls-1678
2026-03-19,13,TIERRAS,3701.02.07,EXPLANACIONES,Terraplenes (solo conformación),UF1,3701,tm2 pk 23+820 - 24+800,23820,24800,TOPOGRAFIA,18,m3,504,1,1.3,387.6923076923077,,xls-1679
2026-03-19,13,TIERRAS,3701.02.07,EXPLANACIONES,Terraplenes (solo conformación),UF1,3701,tm2 pk 20+875 - 22+650,20875,22650,TOPOGRAFIA,18,m3,266,1,1.3,204.6153846153846,,xls-1680
2026-03-19,13,TIERRAS,3701.02.07,EXPLANACIONES,Terraplenes (solo conformación),UF1,3701,tm2 pk 12+822 - 14+225,12822,14225,TOPOGRAFIA,18,m3,98,1,1.3,75.38461538461539,,xls-1681
2026-03-19,13,TIERRAS,3701.02.07,EXPLANACIONES,Terraplenes (solo conformación),UF1,3701,tm2 pk 17+120 - 19+000,17120,19000,TOPOGRAFIA,18,m3,364,1,1.3,280,,xls-1682
2026-03-19,6,TIERRAS,3701.02.01,EXPLANACIONES,Desmonte y limpieza en bosque,UF1,3701,tm2 pk 17+120 - 19+000,17120,19000,TOPOGRAFIA,18,Ha,840,0.0001,1,0.084,,xls-1683
2026-03-20,10,TIERRAS,3701.02.05,EXPLANACIONES,Excavaciones en material común APROVECHABLE,UF1,3701,tm2 pk 19+000 - 20+875,19000,20875,TOPOGRAFIA,18,m3,3108,1,1.3,2390.7692307692305,,xls-1684
2026-03-20,10,TIERRAS,3701.02.05,EXPLANACIONES,Excavaciones en material común APROVECHABLE,UF1,3701,tm2 pk 20+875 - 22+650,20875,22650,TOPOGRAFIA,18,m3,1260,1,1.3,969.2307692307692,,xls-1685
2026-03-20,13,TIERRAS,3701.02.07,EXPLANACIONES,Terraplenes (solo conformación),UF1,3701,tm2 pk 16+210 - 17+120,16210,17120,TOPOGRAFIA,18,m3,1638,1,1.3,1260,,xls-1686
2026-03-20,13,TIERRAS,3701.02.07,EXPLANACIONES,Terraplenes (solo conformación),UF1,3701,tm2 pk 23+820 - 24+800,23820,24800,TOPOGRAFIA,18,m3,756,1,1.3,581.5384615384615,,xls-1687
2026-03-20,13,TIERRAS,3701.02.07,EXPLANACIONES,Terraplenes (solo conformación),UF1,3701,tm2 pk 17+120 - 19+000,17120,19000,TOPOGRAFIA,18,m3,490,1,1.3,376.9230769230769,,xls-1688
2026-03-20,13,TIERRAS,3701.02.07,EXPLANACIONES,Terraplenes (solo conformación),UF1,3701,tm2 pk 16+210 - 17+120,16210,17120,TOPOGRAFIA,18,m3,1064,1,1.3,818.4615384615385,,xls-1689
2026-03-20,13,TIERRAS,3701.02.07,EXPLANACIONES,Terraplenes (solo conformación),UF1,3701,tm2 pk 17+120 - 19+000,17120,19000,TOPOGRAFIA,18,m3,196,1,1.3,150.76923076923077,,xls-1690
2026-03-20,10,TIERRAS,3701.02.05,EXPLANACIONES,Excavaciones en material común APROVECHABLE,UF1,3701,tm2 pk 19+000 - 20+875,19000,20875,TOPOGRAFIA,18,m3,728,1,1.3,560,NOCTURNO,xls-1691
2026-03-20,13,TIERRAS,3701.02.07,EXPLANACIONES,Terraplenes (solo conformación),UF1,3701,tm2 pk 17+120 - 19+000,17120,19000,TOPOGRAFIA,18,m3,728,1,1.3,560,NOCTURNO,xls-1692
2026-03-21,6,TIERRAS,3701.02.01,EXPLANACIONES,Desmonte y limpieza en bosque,UF1,3701,tm2 pk 17+120 - 19+000,17120,19000,TOPOGRAFIA,18,Ha,3080,0.0001,1,0.308,,xls-1693
2026-03-21,18,TIERRAS,3701.03.01,"BASES, SUBBASES Y AFIRMADOS",Subbase Granular,UF1,3701,tm2 pk 23+820 - 24+800,23820,24800,TOPOGRAFIA,18,m3,255,1,1.3,196.15384615384616,,xls-1694
2026-03-23,10,TIERRAS,3701.02.05,EXPLANACIONES,Excavaciones en material común APROVECHABLE,UF1,3701,tm2 pk 19+000 - 20+875,19000,20875,TOPOGRAFIA,18,m3,3360,1,1.3,2584.6153846153843,,xls-1695
2026-03-23,13,TIERRAS,3701.02.07,EXPLANACIONES,Terraplenes (solo conformación),UF1,3701,tm2 pk 16+210 - 17+120,16210,17120,TOPOGRAFIA,18,m3,1022,1,1.3,786.1538461538461,,xls-1696
2026-03-23,13,TIERRAS,3701.02.07,EXPLANACIONES,Terraplenes (solo conformación),UF1,3701,tm2 pk 23+820 - 24+800,23820,24800,TOPOGRAFIA,18,m3,714,1,1.3,549.2307692307692,,xls-1697
2026-03-23,13,TIERRAS,3701.02.07,EXPLANACIONES,Terraplenes (solo conformación),UF1,3701,tm2 pk 17+120 - 19+000,17120,19000,TOPOGRAFIA,18,m3,1344,1,1.3,1033.8461538461538,,xls-1698
2026-03-24,10,TIERRAS,3701.02.05,EXPLANACIONES,Excavaciones en material común APROVECHABLE,UF1,3701,tm2 pk 19+000 - 20+875,19000,20875,TOPOGRAFIA,18,m3,2730,1,1.3,2100,,xls-1699
2026-03-24,10,TIERRAS,3701.02.05,EXPLANACIONES,Excavaciones en material común APROVECHABLE,UF1,3701,tm2 pk 19+000 - 20+875,19000,20875,TOPOGRAFIA,18,m3,675,1,1.3,519.2307692307692,NOCTURNO,xls-1700
2026-03-24,10,TIERRAS,3701.02.05,EXPLANACIONES,Excavaciones en material común APROVECHABLE,UF1,3701,tm2 pk 20+875 - 22+650,20875,22650,TOPOGRAFIA,18,m3,752,1,1.3,578.4615384615385,,xls-1701
2026-03-24,13,TIERRAS,3701.02.07,EXPLANACIONES,Terraplenes (solo conformación),UF1,3701,tm2 pk 23+820 - 24+800,23820,24800,TOPOGRAFIA,18,m3,476,1,1.3,366.15384615384613,,xls-1702
2026-03-24,13,TIERRAS,3701.02.07,EXPLANACIONES,Terraplenes (solo conformación),UF1,3701,tm2 pk 16+210 - 17+120,16210,17120,TOPOGRAFIA,18,m3,546,1,1.3,420,,xls-1703
2026-03-24,13,TIERRAS,3701.02.07,EXPLANACIONES,Terraplenes (solo conformación),UF1,3701,tm2 pk 17+120 - 19+000,17120,19000,TOPOGRAFIA,18,m3,1708,1,1.3,1313.8461538461538,,xls-1704
2026-03-24,13,TIERRAS,3701.02.07,EXPLANACIONES,Terraplenes (solo conformación),UF1,3701,tm2 pk 17+120 - 19+000,17120,19000,TOPOGRAFIA,18,m3,752,1,1.3,578.4615384615385,,xls-1705
2026-03-24,13,TIERRAS,3701.02.07,EXPLANACIONES,Terraplenes (solo conformación),UF1,3701,tm2 pk 17+120 - 19+000,17120,19000,TOPOGRAFIA,18,m3,675,1,1.3,519.2307692307692,NOCTURNO,xls-1706
2026-03-24,19,TIERRAS,3701.03.03,"BASES, SUBBASES Y AFIRMADOS",Base granular estabilizada con cemento (No incluye cemento),UF1,3701,tm2 pk 23+820 - 24+800,23820,24800,TOPOGRAFIA,18,m3,525.7,1,1.3,404.3846153846154,,xls-1707
2026-03-16,30,DRENAJES Y ESTRUCTURAS,3701.06.01,DRENAJE TRANSVERSAL,Excavaciones varias sin clasicar,UF1,3701,ODT1-037,16711,16711,CAMPO,18,m3,0.6,1,1,0.6,,xls-1708
2026-03-16,33,DRENAJES Y ESTRUCTURAS,3701.06.04,DRENAJE TRANSVERSAL,Acero de refuerzo Fy=420 Mpa.,UF1,3701,ODT1-037,16711,16711,CAMPO,18,kg,70,1,1,70,,xls-1709
2026-03-16,30,DRENAJES Y ESTRUCTURAS,3701.06.01,DRENAJE TRANSVERSAL,Excavaciones varias sin clasicar,UF1,3701,ODT1-040,17963,17963,CAMPO,18,m3,30,1,1,30,,xls-1710
2026-03-16,30,DRENAJES Y ESTRUCTURAS,3701.06.01,DRENAJE TRANSVERSAL,Excavaciones varias sin clasicar,UF1,3701,ODT1-041,18827,18827,CAMPO,18,m3,12,1,1,12,,xls-1711
2026-03-16,36,DRENAJES Y ESTRUCTURAS,3701.06.07,DRENAJE TRANSVERSAL,"Concreto clase 14 MPA (solados, estructuras)",UF1,3701,ODT1-041,18827,18827,CAMPO,18,m3,4,1,1,4,,xls-1712
2026-03-16,33,DRENAJES Y ESTRUCTURAS,3701.06.04,DRENAJE TRANSVERSAL,Acero de refuerzo Fy=420 Mpa.,UF1,3701,ODT1-054,21060,21060,CAMPO,18,kg,250,1,1,250,,xls-1713
2026-03-17,33,DRENAJES Y ESTRUCTURAS,3701.06.04,DRENAJE TRANSVERSAL,Acero de refuerzo Fy=420 Mpa.,UF1,3701,ODT1-037,16711,16711,CAMPO,18,kg,150,1,1,150,,xls-1714
2026-03-17,38,DRENAJES Y ESTRUCTURAS,3701.06.09,DRENAJE TRANSVERSAL,"Concreto clase  28 MPA (encoles, descoles, box, sumideros)",UF1,3701,ODT1-037,16711,16711,CAMPO,18,m3,4.5,1,1,4.5,,xls-1715
2026-03-17,30,DRENAJES Y ESTRUCTURAS,3701.06.01,DRENAJE TRANSVERSAL,Excavaciones varias sin clasicar,UF1,3701,ODT1-040,17963,17963,CAMPO,18,m3,10,1,1,10,,xls-1716
2026-03-17,36,DRENAJES Y ESTRUCTURAS,3701.06.07,DRENAJE TRANSVERSAL,"Concreto clase 14 MPA (solados, estructuras)",UF1,3701,ODT1-040,17963,17963,CAMPO,18,m3,4,1,1,4,,xls-1717
2026-03-17,30,DRENAJES Y ESTRUCTURAS,3701.06.01,DRENAJE TRANSVERSAL,Excavaciones varias sin clasicar,UF1,3701,ODT1-041,18827,18827,CAMPO,18,m3,1,1,1,1,,xls-1718
2026-03-17,33,DRENAJES Y ESTRUCTURAS,3701.06.04,DRENAJE TRANSVERSAL,Acero de refuerzo Fy=420 Mpa.,UF1,3701,ODT1-054,21060,21060,CAMPO,18,kg,100,1,1,100,,xls-1719
2026-03-17,30,DRENAJES Y ESTRUCTURAS,3701.06.01,DRENAJE TRANSVERSAL,Excavaciones varias sin clasicar,UF1,3701,ODT1-056,21676,21676,CAMPO,18,m3,0.6,1,1,0.6,,xls-1720
2026-03-18,33,DRENAJES Y ESTRUCTURAS,3701.06.04,DRENAJE TRANSVERSAL,Acero de refuerzo Fy=420 Mpa.,UF1,3701,ODT1-037,16711,16711,CAMPO,18,kg,260,1,1,260,,xls-1721
2026-03-18,34,DRENAJES Y ESTRUCTURAS,3701.06.05,DRENAJE TRANSVERSAL,Tubería de Concreto Reforzado de 900mm de diámetro interior (Tipo III),UF1,3701,ODT1-040,17963,17963,CAMPO,18,m,17,1,1,17,,xls-1722
2026-03-18,31,DRENAJES Y ESTRUCTURAS,3701.06.02,DRENAJE TRANSVERSAL,Rellenos con material seleccionado,UF1,3701,ODT1-056,21676,21676,CAMPO,18,m3,28,1,1,28,,xls-1723
2026-03-19,36,DRENAJES Y ESTRUCTURAS,3701.06.07,DRENAJE TRANSVERSAL,"Concreto clase 14 MPA (solados, estructuras)",UF1,3701,ODT1-040,17963,17963,CAMPO,18,m3,0.7,1,1,0.7,,xls-1724
2026-03-19,37,DRENAJES Y ESTRUCTURAS,3701.06.08,DRENAJE TRANSVERSAL,"Concreto clase 21 MPA (atraques, cabezales)",UF1,3701,ODT1-040,17963,17963,CAMPO,18,m3,6.3,1,1,6.3,,xls-1725
2026-03-19,33,DRENAJES Y ESTRUCTURAS,3701.06.04,DRENAJE TRANSVERSAL,Acero de refuerzo Fy=420 Mpa.,UF1,3701,ODT1-041,18827,18827,CAMPO,18,kg,100,1,1,100,,xls-1726
2026-03-19,38,DRENAJES Y ESTRUCTURAS,3701.06.09,DRENAJE TRANSVERSAL,"Concreto clase  28 MPA (encoles, descoles, box, sumideros)",UF1,3701,ODT1-054,21060,21060,CAMPO,18,m3,9,1,1,9,,xls-1727
2026-03-19,33,DRENAJES Y ESTRUCTURAS,3701.06.04,DRENAJE TRANSVERSAL,Acero de refuerzo Fy=420 Mpa.,UF1,3701,ODT1-055,21161,21161,CAMPO,18,kg,150,1,1,150,,xls-1728
2026-03-19,38,DRENAJES Y ESTRUCTURAS,3701.06.09,DRENAJE TRANSVERSAL,"Concreto clase  28 MPA (encoles, descoles, box, sumideros)",UF1,3701,ODT1-055,21161,21161,CAMPO,18,m3,4,1,1,4,,xls-1729
2026-03-19,33,DRENAJES Y ESTRUCTURAS,3701.06.04,DRENAJE TRANSVERSAL,Acero de refuerzo Fy=420 Mpa.,UF1,3701,ODT1-056,21676,21676,CAMPO,18,kg,1300,1,1,1300,,xls-1730
2026-03-20,38,DRENAJES Y ESTRUCTURAS,3701.06.09,DRENAJE TRANSVERSAL,"Concreto clase  28 MPA (encoles, descoles, box, sumideros)",UF1,3701,ODT1-037,16711,16711,CAMPO,18,m3,4,1,1,4,,xls-1731
2026-03-20,30,DRENAJES Y ESTRUCTURAS,3701.06.01,DRENAJE TRANSVERSAL,Excavaciones varias sin clasicar,UF1,3701,ODT1-039,17717,17717,CAMPO,18,m3,47,1,1,47,,xls-1732
2026-03-20,33,DRENAJES Y ESTRUCTURAS,3701.06.04,DRENAJE TRANSVERSAL,Acero de refuerzo Fy=420 Mpa.,UF1,3701,ODT1-041,18827,18827,CAMPO,18,kg,100,1,1,100,,xls-1733
2026-03-20,30,DRENAJES Y ESTRUCTURAS,3701.06.01,DRENAJE TRANSVERSAL,Excavaciones varias sin clasicar,UF1,3701,ODT1-042,19072,19072,CAMPO,18,m3,2,1,1,2,,xls-1734
2026-03-20,33,DRENAJES Y ESTRUCTURAS,3701.06.04,DRENAJE TRANSVERSAL,Acero de refuerzo Fy=420 Mpa.,UF1,3701,ODT1-055,21161,21161,CAMPO,18,kg,150,1,1,150,,xls-1735
2026-03-20,38,DRENAJES Y ESTRUCTURAS,3701.06.09,DRENAJE TRANSVERSAL,"Concreto clase  28 MPA (encoles, descoles, box, sumideros)",UF1,3701,ODT1-056,21676,21676,CAMPO,18,m3,30,1,1,30,,xls-1736
2026-03-20,33,DRENAJES Y ESTRUCTURAS,3701.06.04,DRENAJE TRANSVERSAL,Acero de refuerzo Fy=420 Mpa.,UF1,3701,ODT1-056,21676,21676,CAMPO,18,kg,700,1,1,700,,xls-1737
2026-03-21,31,DRENAJES Y ESTRUCTURAS,3701.06.02,DRENAJE TRANSVERSAL,Rellenos con material seleccionado,UF1,3701,ODT1-039,17717,17717,CAMPO,18,m3,28,1,1,28,,xls-1738
2026-03-21,36,DRENAJES Y ESTRUCTURAS,3701.06.07,DRENAJE TRANSVERSAL,"Concreto clase 14 MPA (solados, estructuras)",UF1,3701,ODT1-039,17717,17717,CAMPO,18,m3,5.5,1,1,5.5,,xls-1739
2026-03-21,33,DRENAJES Y ESTRUCTURAS,3701.06.04,DRENAJE TRANSVERSAL,Acero de refuerzo Fy=420 Mpa.,UF1,3701,ODT1-041,18827,18827,CAMPO,18,kg,50,1,1,50,,xls-1740
2026-03-21,31,DRENAJES Y ESTRUCTURAS,3701.06.02,DRENAJE TRANSVERSAL,Rellenos con material seleccionado,UF1,3701,ODT1-053,20862,20862,CAMPO,18,m3,56,1,1,56,,xls-1741
2026-03-21,33,DRENAJES Y ESTRUCTURAS,3701.06.04,DRENAJE TRANSVERSAL,Acero de refuerzo Fy=420 Mpa.,UF1,3701,ODT1-054,21060,21060,CAMPO,18,kg,200,1,1,200,,xls-1742
2026-03-21,33,DRENAJES Y ESTRUCTURAS,3701.06.04,DRENAJE TRANSVERSAL,Acero de refuerzo Fy=420 Mpa.,UF1,3701,ODT1-055,21161,21161,CAMPO,18,kg,30,1,1,30,,xls-1743
2026-03-21,33,DRENAJES Y ESTRUCTURAS,3701.06.04,DRENAJE TRANSVERSAL,Acero de refuerzo Fy=420 Mpa.,UF1,3701,ODT1-056,21676,21676,CAMPO,18,kg,350,1,1,350,,xls-1744
2026-03-23,31,DRENAJES Y ESTRUCTURAS,3701.06.02,DRENAJE TRANSVERSAL,Rellenos con material seleccionado,UF1,3701,ODT1-054,21060,21060,CAMPO,18,m3,224,1,1,224,,xls-1745
2026-03-23,33,DRENAJES Y ESTRUCTURAS,3701.06.04,DRENAJE TRANSVERSAL,Acero de refuerzo Fy=420 Mpa.,UF1,3701,ODT1-054,21060,21060,CAMPO,18,kg,200,1,1,200,,xls-1746
2026-03-23,31,DRENAJES Y ESTRUCTURAS,3701.06.02,DRENAJE TRANSVERSAL,Rellenos con material seleccionado,UF1,3701,ODT1-056,21676,21676,CAMPO,18,m3,56,1,1,56,,xls-1747
2026-03-24,30,DRENAJES Y ESTRUCTURAS,3701.06.01,DRENAJE TRANSVERSAL,Excavaciones varias sin clasicar,UF1,3701,ODT1-039,17717,17717,CAMPO,18,m3,17.5,1,1,17.5,,xls-1748
2026-03-24,34,DRENAJES Y ESTRUCTURAS,3701.06.05,DRENAJE TRANSVERSAL,Tubería de Concreto Reforzado de 900mm de diámetro interior (Tipo III),UF1,3701,ODT1-039,17717,17717,CAMPO,18,m,18,1,1,18,,xls-1749
2026-03-24,36,DRENAJES Y ESTRUCTURAS,3701.06.07,DRENAJE TRANSVERSAL,"Concreto clase 14 MPA (solados, estructuras)",UF1,3701,ODT1-039,17717,17717,CAMPO,18,m3,1.2,1,1,1.2,,xls-1750
2026-03-24,38,DRENAJES Y ESTRUCTURAS,3701.06.09,DRENAJE TRANSVERSAL,"Concreto clase  28 MPA (encoles, descoles, box, sumideros)",UF1,3701,ODT1-041,18827,18827,CAMPO,18,m3,4.3,1,1,4.3,,xls-1751
2026-03-24,33,DRENAJES Y ESTRUCTURAS,3701.06.04,DRENAJE TRANSVERSAL,Acero de refuerzo Fy=420 Mpa.,UF1,3701,ODT1-041,18827,18827,CAMPO,18,kg,50,1,1,50,,xls-1752
2026-03-24,30,DRENAJES Y ESTRUCTURAS,3701.06.01,DRENAJE TRANSVERSAL,Excavaciones varias sin clasicar,UF1,3701,ODT1-042,19072,19072,CAMPO,18,m3,10,1,1,10,,xls-1753
2026-03-24,36,DRENAJES Y ESTRUCTURAS,3701.06.07,DRENAJE TRANSVERSAL,"Concreto clase 14 MPA (solados, estructuras)",UF1,3701,ODT1-042,19072,19072,CAMPO,18,m3,1.25,1,1,1.25,,xls-1754
2026-03-24,38,DRENAJES Y ESTRUCTURAS,3701.06.09,DRENAJE TRANSVERSAL,"Concreto clase  28 MPA (encoles, descoles, box, sumideros)",UF1,3701,ODT1-055,21161,21161,CAMPO,18,m3,4,1,1,4,,xls-1755
2026-03-24,31,DRENAJES Y ESTRUCTURAS,3701.06.02,DRENAJE TRANSVERSAL,Rellenos con material seleccionado,UF1,3701,ODT1-054,21060,21060,CAMPO,18,m3,56,1,1,56,,xls-1756
2026-03-24,38,DRENAJES Y ESTRUCTURAS,3701.06.09,DRENAJE TRANSVERSAL,"Concreto clase  28 MPA (encoles, descoles, box, sumideros)",UF1,3701,ODT1-054,21060,21060,CAMPO,18,m3,8.5,1,1,8.5,,xls-1757
2026-03-24,38,DRENAJES Y ESTRUCTURAS,3701.06.09,DRENAJE TRANSVERSAL,"Concreto clase  28 MPA (encoles, descoles, box, sumideros)",UF1,3701,ODT1-056,21676,21676,CAMPO,18,m3,8,1,1,8,,xls-1758
2026-03-25,10,TIERRAS,3701.02.05,EXPLANACIONES,Excavaciones en material común APROVECHABLE,UF1,3701,tm2 pk 19+000 - 20+875,19000,20875,TOPOGRAFIA,18,m3,759,1,1.3,583.8461538461538,NOCTURNO,xls-1759
2026-03-25,10,TIERRAS,3701.02.05,EXPLANACIONES,Excavaciones en material común NO APROVECHABLE,UF1,3701,tm2 pk 28+303 - 29+600,28303,29600,TOPOGRAFIA,18,m3,126,1,1.3,96.92307692307692,,xls-1760
2026-03-25,6,TIERRAS,3701.02.01,EXPLANACIONES,Desmonte y limpieza en bosque,UF1,3701,tm2 pk 17+120 - 19+000,17120,19000,TOPOGRAFIA,18,Ha,4250,0.0001,1,0.42500000000000004,,xls-1761
2026-03-25,10,TIERRAS,3701.02.05,EXPLANACIONES,Excavaciones en material común NO APROVECHABLE,UF1,3701,tm2 pk 17+120 - 19+000,17120,19000,TOPOGRAFIA,18,m3,425,1,1.3,326.9230769230769,,xls-1762
2026-03-25,13,TIERRAS,3701.02.07,EXPLANACIONES,Terraplenes (solo conformación),UF1,3701,tm2 pk 17+120 - 19+000,17120,19000,TOPOGRAFIA,18,m3,759,1,1.3,583.8461538461538,NOCTURNO,xls-1763
2026-03-25,19,TIERRAS,3701.03.03,"BASES, SUBBASES Y AFIRMADOS",Base granular estabilizada con cemento (No incluye cemento),UF1,3701,tm2 pk 23+820 - 24+800,23820,24800,TOPOGRAFIA,18,m3,76,1,1.3,58.46153846153846,,xls-1764
2026-03-25,18,TIERRAS,3701.03.01,"BASES, SUBBASES Y AFIRMADOS",Subbase Granular,UF1,3701,tm2 pk 23+820 - 24+800,23820,24800,TOPOGRAFIA,18,m3,103,1,1.3,79.23076923076923,,xls-1765
2026-03-15,72,TIERRAS,3701.09.02,PROTECCIÓN DE TALUDES,Protección de taludes con productos enrollados para control de erosión con biomanto,UF1,3701,tm2 pk 14+225 - 14+635,14225,14635,TOPOGRAFIA,17,m2,2500,1,1,2500,,xls-1766
2026-03-15,5,TIERRAS,3701.01.05,DEMOLICIONES Y REUBICACIONES,Cercas de alambre de púas con postes de concreto,UF1,3701,tm2 pk 17+120 - 19+000,17120,19000,CAMPO,17,m,405,1,1,405,wancol,xls-1767
2026-03-15,5,TIERRAS,3701.01.05,DEMOLICIONES Y REUBICACIONES,Cercas de alambre de púas con postes de concreto,UF1,3701,tm2 pk 19+000 - 20+875,19000,20875,CAMPO,17,m,400,1,1,400,wancol,xls-1768
2026-03-15,5,TIERRAS,3701.01.05,DEMOLICIONES Y REUBICACIONES,Cercas de alambre de púas con postes de concreto,UF1,3701,tm2 pk 12+822 - 14+225,12822,14225,CAMPO,17,m,500,1,1,500,wancol,xls-1769
2026-03-15,4,TIERRAS,3701.01.04,DEMOLICIONES Y REUBICACIONES,Remoción de cercas de alambre,UF1,3701,tm2 pk 17+120 - 19+000,17120,19000,CAMPO,17,m,900,1,1,900,,xls-1770
2026-03-25,10,TIERRAS,3701.02.05,EXPLANACIONES,Excavaciones en material común NO APROVECHABLE,UF1,3701,MSR 14+900,14900,14940,TOPOGRAFIA,18,m3,154,1,1.3,118.46153846153845,,xls-1771
2026-03-25,38,DRENAJES Y ESTRUCTURAS,3701.06.09,DRENAJE TRANSVERSAL,"Concreto clase  28 MPA (encoles, descoles, box, sumideros)",UF1,3701,ODT1-037,16711,16711,CAMPO,18,m3,2.8,1,1,2.8,,xls-1772
2026-03-25,34,DRENAJES Y ESTRUCTURAS,3701.06.05,DRENAJE TRANSVERSAL,Tubería de Concreto Reforzado de 900mm de diámetro interior (Tipo III),UF1,3701,ODT1-039,17717,17717,CAMPO,18,m,12,1,1,12,,xls-1773
2026-03-25,36,DRENAJES Y ESTRUCTURAS,3701.06.07,DRENAJE TRANSVERSAL,"Concreto clase 14 MPA (solados, estructuras)",UF1,3701,ODT1-039,17717,17717,CAMPO,18,m3,1.25,1,1,1.25,,xls-1774
2026-03-25,33,DRENAJES Y ESTRUCTURAS,3701.06.04,DRENAJE TRANSVERSAL,Acero de refuerzo Fy=420 Mpa.,UF1,3701,ODT1-041,18827,18827,CAMPO,18,kg,120,1,1,120,,xls-1775
2026-03-25,34,DRENAJES Y ESTRUCTURAS,3701.06.05,DRENAJE TRANSVERSAL,Tubería de Concreto Reforzado de 900mm de diámetro interior (Tipo III),UF1,3701,ODT1-042,19072,19072,CAMPO,18,m,1,1,1,1,,xls-1776
2026-03-25,33,DRENAJES Y ESTRUCTURAS,3701.06.04,DRENAJE TRANSVERSAL,Acero de refuerzo Fy=420 Mpa.,UF1,3701,ODT1-042,19072,19072,CAMPO,18,kg,100,1,1,100,,xls-1777
2026-03-25,38,DRENAJES Y ESTRUCTURAS,3701.06.09,DRENAJE TRANSVERSAL,"Concreto clase  28 MPA (encoles, descoles, box, sumideros)",UF1,3701,ODT1-056,21676,21676,CAMPO,18,m3,4,1,1,4,,xls-1778
2026-03-25,33,DRENAJES Y ESTRUCTURAS,3701.06.04,DRENAJE TRANSVERSAL,Acero de refuerzo Fy=420 Mpa.,UF1,3701,ODT1-056,21676,21676,CAMPO,18,kg,300,1,1,300,,xls-1779
2026-03-26,10,TIERRAS,3701.02.05,EXPLANACIONES,Excavaciones en material común APROVECHABLE,UF1,3701,tm2 pk 19+000 - 20+875,19000,20875,TOPOGRAFIA,18,m3,1414,1,1.3,1087.6923076923076,,xls-1780
2026-03-26,10,TIERRAS,3701.02.05,EXPLANACIONES,Excavaciones en material común APROVECHABLE,UF1,3701,tm2 pk 20+875 - 22+650,20875,22650,TOPOGRAFIA,18,m3,154,1,1.3,118.46153846153845,,xls-1781
2026-03-26,10,TIERRAS,3701.02.05,EXPLANACIONES,Excavaciones en material común APROVECHABLE,UF1,3701,MSR 14+900,14900,14940,TOPOGRAFIA,18,m3,280,1,1.3,215.3846153846154,,xls-1782
2026-03-26,10,TIERRAS,3701.02.05,EXPLANACIONES,Excavaciones en material común APROVECHABLE,UF1,3701,tm2 pk 19+000 - 20+875,19000,20875,TOPOGRAFIA,18,m3,420,1,1.3,323.07692307692304,NOCTURNO,xls-1783
2026-03-26,13,TIERRAS,3701.02.07,EXPLANACIONES,Terraplenes (solo conformación),UF1,3701,tm2 pk 23+820 - 24+800,23820,24800,TOPOGRAFIA,18,m3,826,1,1.3,635.3846153846154,,xls-1784
2026-03-26,13,TIERRAS,3701.02.07,EXPLANACIONES,Terraplenes (solo conformación),UF1,3701,tm2 pk 16+210 - 17+120,16210,17120,TOPOGRAFIA,18,m3,532,1,1.3,409.2307692307692,,xls-1785
2026-03-26,13,TIERRAS,3701.02.07,EXPLANACIONES,Terraplenes (solo conformación),UF1,3701,tm2 pk 20+875 - 22+650,20875,22650,TOPOGRAFIA,18,m3,56,1,1.3,43.07692307692307,,xls-1786
2026-03-26,13,TIERRAS,3701.02.07,EXPLANACIONES,Terraplenes (solo conformación),UF1,3701,tm2 pk 17+120 - 19+000,17120,19000,TOPOGRAFIA,18,m3,420,1,1.3,323.07692307692304,NOCTURNO,xls-1787
2026-03-26,19,TIERRAS,3701.03.03,"BASES, SUBBASES Y AFIRMADOS",Base granular estabilizada con cemento (No incluye cemento),UF1,3701,tm2 pk 23+820 - 24+800,23820,24800,TOPOGRAFIA,18,m3,724.1,1,1.3,557,,xls-1788
2026-03-26,6,TIERRAS,3701.02.01,EXPLANACIONES,Desmonte y limpieza en bosque,UF1,3701,tm2 pk 17+120 - 19+000,17120,19000,TOPOGRAFIA,18,Ha,2758,0.0001,1,0.2758,,xls-1789
2026-03-26,38,DRENAJES Y ESTRUCTURAS,3701.06.09,DRENAJE TRANSVERSAL,"Concreto clase  28 MPA (encoles, descoles, box, sumideros)",UF1,3701,ODT1-036,15564,15564,CAMPO,18,m3,2,1,1,2,,xls-1790
2026-03-26,36,DRENAJES Y ESTRUCTURAS,3701.06.07,DRENAJE TRANSVERSAL,"Concreto clase 14 MPA (solados, estructuras)",UF1,3701,ODT1-036,15564,15564,CAMPO,18,m3,2.5,1,1,2.5,,xls-1791
2026-03-26,59,DRENAJES Y ESTRUCTURAS,3701.07.01,DRENAJE LONGITUDINAL,Excavaciones varias sin clasicar ODL,UF1,3701,tm2 pk 14+635 - 15+460,14635,15460,CAMPO,18,m3,4.5,1,1,4.5,,xls-1792
2026-03-26,33,DRENAJES Y ESTRUCTURAS,3701.06.04,DRENAJE TRANSVERSAL,Acero de refuerzo Fy=420 Mpa.,UF1,3701,ODT1-054,21060,21060,CAMPO,18,kg,870,1,1,870,,xls-1793
2026-03-27,10,TIERRAS,3701.02.05,EXPLANACIONES,Excavaciones en material común APROVECHABLE,UF1,3701,tm2 pk 19+000 - 20+875,19000,20875,TOPOGRAFIA,18,m3,210,1,1.3,161.53846153846152,,xls-1794
2026-03-27,10,TIERRAS,3701.02.05,EXPLANACIONES,Excavaciones en material común APROVECHABLE,UF1,3701,tm2 pk 20+875 - 22+650,20875,22650,TOPOGRAFIA,18,m3,182,1,1.3,140,,xls-1795
2026-03-27,10,TIERRAS,3701.02.05,EXPLANACIONES,Excavaciones en material común APROVECHABLE,UF1,3701,tm2 pk 19+000 - 20+875,19000,20875,TOPOGRAFIA,18,m3,938,1,1.3,721.5384615384615,NOCTURNO,xls-1796
2026-03-27,13,TIERRAS,3701.02.07,EXPLANACIONES,Terraplenes (solo conformación),UF1,3701,tm2 pk 16+210 - 17+120,16210,17120,TOPOGRAFIA,18,m3,210,1,1.3,161.53846153846152,,xls-1797
2026-03-27,13,TIERRAS,3701.02.07,EXPLANACIONES,Terraplenes (solo conformación),UF1,3701,tm2 pk 17+120 - 19+000,17120,19000,TOPOGRAFIA,18,m3,938,1,1.3,721.5384615384615,NOCTURNO,xls-1798
2026-03-27,19,TIERRAS,3701.03.03,"BASES, SUBBASES Y AFIRMADOS",Base granular estabilizada con cemento (No incluye cemento),UF1,3701,tm2 pk 23+820 - 24+800,23820,24800,TOPOGRAFIA,18,m3,649.48,1,1.3,499.6,,xls-1799
2026-03-27,59,DRENAJES Y ESTRUCTURAS,3701.07.01,DRENAJE LONGITUDINAL,Excavaciones varias sin clasicar ODL,UF1,3701,tm2 pk 14+635 - 15+460,14635,15460,CAMPO,18,m3,2.5,1,1,2.5,,xls-1800
2026-03-27,38,DRENAJES Y ESTRUCTURAS,3701.06.09,DRENAJE TRANSVERSAL,"Concreto clase  28 MPA (encoles, descoles, box, sumideros)",UF1,3701,ODT1-054,21060,21060,CAMPO,18,m3,16,1,1,16,,xls-1801
2026-03-27,33,DRENAJES Y ESTRUCTURAS,3701.06.04,DRENAJE TRANSVERSAL,Acero de refuerzo Fy=420 Mpa.,UF1,3701,ODT1-054,21060,21060,CAMPO,18,kg,300,1,1,300,,xls-1802
2026-03-27,31,DRENAJES Y ESTRUCTURAS,3701.06.02,DRENAJE TRANSVERSAL,Rellenos con material seleccionado,UF1,3701,ODT1-056,21676,21676,CAMPO,18,m3,196,1,1,196,,xls-1803
2026-03-28,10,TIERRAS,3701.02.05,EXPLANACIONES,Excavaciones en material común APROVECHABLE,UF1,3701,tm2 pk 19+000 - 20+875,19000,20875,TOPOGRAFIA,18,m3,1050,1,1.3,807.6923076923076,,xls-1804
2026-03-28,10,TIERRAS,3701.02.05,EXPLANACIONES,Excavaciones en material común APROVECHABLE,UF1,3701,tm2 pk 20+875 - 22+650,20875,22650,TOPOGRAFIA,18,m3,1050,1,1.3,807.6923076923076,,xls-1805
2026-03-28,10,TIERRAS,3701.02.05,EXPLANACIONES,Excavaciones en material común NO APROVECHABLE,UF1,3701,tm2 pk 23+820 - 24+800,23820,24800,TOPOGRAFIA,18,m3,520,1,1.3,400,,xls-1806
2026-03-28,10,TIERRAS,3701.02.05,EXPLANACIONES,Excavaciones en material común APROVECHABLE,UF1,3701,tm2 pk 20+875 - 22+650,20875,22650,TOPOGRAFIA,18,m3,306,1,1.3,235.3846153846154,NOCTURNO,xls-1807
2026-03-28,13,TIERRAS,3701.02.07,EXPLANACIONES,Terraplenes (solo conformación),UF1,3701,tm2 pk 16+210 - 17+120,16210,17120,TOPOGRAFIA,18,m3,1386,1,1.3,1066.1538461538462,,xls-1808
2026-03-28,85,TIERRAS,3702.02.07,EXPLANACIONES,Terraplenes (solo conformación),UF2,3702,tm2 pk 34+445 - 35+700,34445,35700,TOPOGRAFIA,18,m3,224,1,1.3,172.3076923076923,,xls-1809
2026-03-28,13,TIERRAS,3701.02.07,EXPLANACIONES,Terraplenes (solo conformación),UF1,3701,tm2 pk 23+820 - 24+800,23820,24800,TOPOGRAFIA,18,m3,42,1,1.3,32.30769230769231,,xls-1810
2026-03-28,13,TIERRAS,3701.02.07,EXPLANACIONES,Terraplenes (solo conformación),UF1,3701,tm2 pk 20+875 - 22+650,20875,22650,TOPOGRAFIA,18,m3,448,1,1.3,344.6153846153846,,xls-1811
2026-03-28,13,TIERRAS,3701.02.07,EXPLANACIONES,Terraplenes (solo conformación),UF1,3701,tm2 pk 20+875 - 22+650,20875,22650,TOPOGRAFIA,18,m3,210,1,1.3,161.53846153846152,NOCTURNO,xls-1812
2026-03-28,155,TIERRAS,3701.05.10,ESTRUCTURAS,Geodrén planar h=1 m MSR,UF1,3701,MSR 14+900,14900,14940,CAMPO,18,M,50,1,1,50,,xls-1813
2026-03-28,19,TIERRAS,3701.03.03,"BASES, SUBBASES Y AFIRMADOS",Base granular estabilizada con cemento (No incluye cemento),UF1,3701,tm2 pk 23+820 - 24+800,23820,24800,TOPOGRAFIA,18,m3,466.31,1,1.3,358.7,,xls-1814
2026-03-28,18,TIERRAS,3701.03.01,"BASES, SUBBASES Y AFIRMADOS",Subbase Granular,UF1,3701,tm2 pk 20+875 - 22+650,20875,22650,TOPOGRAFIA,18,m3,825,1,1.3,634.6153846153846,,xls-1815
2026-03-28,18,TIERRAS,3701.03.01,"BASES, SUBBASES Y AFIRMADOS",Subbase Granular,UF1,3701,tm2 pk 23+820 - 24+800,23820,24800,TOPOGRAFIA,18,m3,450,1,1.3,346.15384615384613,,xls-1816
2026-03-28,59,DRENAJES Y ESTRUCTURAS,3701.07.01,DRENAJE LONGITUDINAL,Excavaciones varias sin clasicar ODL,UF1,3701,tm2 pk 14+635 - 15+460,14635,15460,CAMPO,18,m3,2,1,1,2,,xls-1817
2026-03-28,38,DRENAJES Y ESTRUCTURAS,3701.06.09,DRENAJE TRANSVERSAL,"Concreto clase  28 MPA (encoles, descoles, box, sumideros)",UF1,3701,ODT1-056,21676,21676,CAMPO,18,m3,11.5,1,1,11.5,,xls-1818
2026-03-28,31,DRENAJES Y ESTRUCTURAS,3701.06.02,DRENAJE TRANSVERSAL,Rellenos con material seleccionado,UF1,3701,ODT1-056,21676,21676,CAMPO,18,m3,14,1,1,14,,xls-1819
2026-03-30,10,TIERRAS,3701.02.05,EXPLANACIONES,Excavaciones en material común APROVECHABLE,UF1,3701,tm2 pk 19+000 - 20+875,19000,20875,TOPOGRAFIA,18,m3,2646,1,1.3,2035.3846153846152,,xls-1820
2026-03-30,10,TIERRAS,3701.02.05,EXPLANACIONES,Excavaciones en material común APROVECHABLE,UF1,3701,tm2 pk 20+875 - 22+650,20875,22650,TOPOGRAFIA,18,m3,797,1,1.3,613.0769230769231,,xls-1821
2026-03-30,10,TIERRAS,3701.02.05,EXPLANACIONES,Excavaciones en material común APROVECHABLE,UF1,3701,tm2 pk 19+000 - 20+875,19000,20875,TOPOGRAFIA,18,m3,1148,1,1.3,883.0769230769231,NOCTURNO,xls-1822
2026-03-30,13,TIERRAS,3701.02.07,EXPLANACIONES,Terraplenes (solo conformación),UF1,3701,tm2 pk 17+120 - 19+000,17120,19000,TOPOGRAFIA,18,m3,1106,1,1.3,850.7692307692307,,xls-1823
2026-03-30,13,TIERRAS,3701.02.07,EXPLANACIONES,Terraplenes (solo conformación),UF1,3701,tm2 pk 16+210 - 17+120,16210,17120,TOPOGRAFIA,18,m3,1917,1,1.3,1474.6153846153845,,xls-1824
2026-03-30,85,TIERRAS,3702.02.07,EXPLANACIONES,Terraplenes (solo conformación),UF2,3702,tm2 pk 34+445 - 35+700,34445,35700,TOPOGRAFIA,18,m3,308,1,1.3,236.9230769230769,,xls-1825
2026-03-30,13,TIERRAS,3701.02.07,EXPLANACIONES,Terraplenes (solo conformación),UF1,3701,tm2 pk 20+875 - 22+650,20875,22650,TOPOGRAFIA,18,m3,112,1,1.3,86.15384615384615,,xls-1826
2026-03-30,13,TIERRAS,3701.02.07,EXPLANACIONES,Terraplenes (solo conformación),UF1,3701,tm2 pk 17+120 - 19+000,17120,19000,TOPOGRAFIA,18,m3,1148,1,1.3,883.0769230769231,NOCTURNO,xls-1827
2026-03-30,33,DRENAJES Y ESTRUCTURAS,3701.06.04,DRENAJE TRANSVERSAL,Acero de refuerzo Fy=420 Mpa.,UF1,3701,ODT1-036,15564,15564,CAMPO,18,kg,254,1,1,254,,xls-1828
2026-03-30,18,TIERRAS,3701.03.01,"BASES, SUBBASES Y AFIRMADOS",Subbase Granular,UF1,3701,tm2 pk 24+800 - 25+530,24800,25530,TOPOGRAFIA,18,m3,522,1,1.3,401.53846153846155,,xls-1829
2026-03-30,154,TIERRAS,3701.05.09,ESTRUCTURAS,Geotextil tejido uniaxial de 2890 n (método grab md),UF1,3701,MSR 14+900,14900,14940,CAMPO,18,M2,192.5,1,1,192.5,,xls-1830
2026-03-30,150,TIERRAS,3701.05.05,ESTRUCTURAS,Material granular drenante MSR,UF1,3701,MSR 14+900,14900,14940,CAMPO,18,M3,28,1,1,28,,xls-1831
2026-03-31,10,TIERRAS,3701.02.05,EXPLANACIONES,Excavaciones en material común APROVECHABLE,UF1,3701,tm2 pk 19+000 - 20+875,19000,20875,TOPOGRAFIA,18,m3,1190,1,1.3,915.3846153846154,,xls-1832
2026-03-31,10,TIERRAS,3701.02.05,EXPLANACIONES,Excavaciones en material común APROVECHABLE,UF1,3701,tm2 pk 20+875 - 22+650,20875,22650,TOPOGRAFIA,18,m3,168,1,1.3,129.23076923076923,,xls-1833
2026-03-31,10,TIERRAS,3701.02.05,EXPLANACIONES,Excavaciones en material común NO APROVECHABLE,UF1,3701,tm2 pk 20+875 - 22+650,20875,22650,TOPOGRAFIA,18,m3,238,1,1.3,183.07692307692307,,xls-1834
2026-03-31,10,TIERRAS,3701.02.05,EXPLANACIONES,Excavaciones en material común APROVECHABLE,UF1,3701,tm2 pk 19+000 - 20+875,19000,20875,TOPOGRAFIA,18,m3,1134,1,1.3,872.3076923076923,NOCTURNO,xls-1835
2026-03-31,13,TIERRAS,3701.02.07,EXPLANACIONES,Terraplenes (solo conformación),UF1,3701,tm2 pk 17+120 - 19+000,17120,19000,TOPOGRAFIA,18,m3,476,1,1.3,366.15384615384613,,xls-1836
2026-03-31,13,TIERRAS,3701.02.07,EXPLANACIONES,Terraplenes (solo conformación),UF1,3701,tm2 pk 16+210 - 17+120,16210,17120,TOPOGRAFIA,18,m3,182,1,1.3,140,,xls-1837
2026-03-31,85,TIERRAS,3702.02.07,EXPLANACIONES,Terraplenes (solo conformación),UF2,3702,tm2 pk 34+445 - 35+700,34445,35700,TOPOGRAFIA,18,m3,532,1,1.3,409.2307692307692,,xls-1838
2026-03-31,13,TIERRAS,3701.02.07,EXPLANACIONES,Terraplenes (solo conformación),UF1,3701,tm2 pk 17+120 - 19+000,17120,19000,TOPOGRAFIA,18,m3,1134,1,1.3,872.3076923076923,NOCTURNO,xls-1839
2026-03-31,13,TIERRAS,3701.02.07,EXPLANACIONES,Terraplenes (solo conformación),UF1,3701,tm2 pk 20+875 - 22+650,20875,22650,TOPOGRAFIA,18,m3,168,1,1.3,129.23076923076923,,xls-1840
2026-03-31,152,TIERRAS,3701.05.07,ESTRUCTURAS,Geomalla tejida uniaxial de 115 kn/m (método md),UF1,3701,MSR 14+900,14900,14940,CAMPO,18,M2,98,1,1,98,,xls-1841
2026-03-31,149,TIERRAS,3701.05.04,ESTRUCTURAS,Relleno para muros de tierra MSR,UF1,3701,MSR 14+900,14900,14940,TOPOGRAFIA,18,M3,28,1,1,28,,xls-1842
2026-03-31,156,TIERRAS,3701.05.11,ESTRUCTURAS,Geobolsas de geotextil (propybag) MSR,UF1,3701,MSR 14+900,14900,14940,CAMPO,18,UND,60,1,1,60,,xls-1843
2026-03-31,19,TIERRAS,3701.03.03,"BASES, SUBBASES Y AFIRMADOS",Base granular estabilizada con cemento (No incluye cemento),UF1,3701,tm2 pk 24+800 - 25+530,24800,25530,TOPOGRAFIA,18,m3,687.61,1,1.3,528.9307692307692,,xls-1844
2026-03-31,19,TIERRAS,3701.03.03,"BASES, SUBBASES Y AFIRMADOS",Base granular estabilizada con cemento (No incluye cemento),UF1,3701,tm2 pk 23+820 - 24+800,23820,24800,TOPOGRAFIA,18,m3,84,1,1.3,64.61538461538461,,xls-1845
2026-03-31,18,TIERRAS,3701.03.01,"BASES, SUBBASES Y AFIRMADOS",Subbase Granular,UF1,3701,tm2 pk 24+800 - 25+530,24800,25530,TOPOGRAFIA,18,m3,180,1,1.3,138.46153846153845,,xls-1846
2026-03-31,23,PAVIMENTOS,3701.04.01,PAVIMENTOS ASFALTICOS,Riego de imprimación con emulsión asfáltica,UF1,3701,tm2 pk 23+820 - 24+800,23820,24800,TOPOGRAFIA,18,m2,3360,1,1,3360,,xls-1847
2026-04-07,10,TIERRAS,3701.02.05,EXPLANACIONES,Excavaciones en material común APROVECHABLE,UF1,3701,tm2 pk 19+000 - 20+875,19000,20875,TOPOGRAFIA,18,m3,2396,1,1.3,1843.076923076923,,xls-1848
2026-04-07,10,TIERRAS,3701.02.05,EXPLANACIONES,Excavaciones en material común APROVECHABLE,UF1,3701,tm2 pk 19+000 - 20+875,19000,20875,TOPOGRAFIA,18,m3,798,1,1.3,613.8461538461538,NOCTURNO,xls-1849
2026-04-07,10,TIERRAS,3701.02.05,EXPLANACIONES,Excavaciones en material común APROVECHABLE,UF1,3701,tm2 pk 20+875 - 22+650,20875,22650,TOPOGRAFIA,18,m3,616,1,1.3,473.8461538461538,,xls-1850
2026-04-07,13,TIERRAS,3701.02.07,EXPLANACIONES,Terraplenes (solo conformación),UF1,3701,tm2 pk 16+210 - 17+120,16210,17120,TOPOGRAFIA,18,m3,616,1,1.3,473.8461538461538,,xls-1851
2026-04-07,13,TIERRAS,3701.02.07,EXPLANACIONES,Terraplenes (solo conformación),UF1,3701,tm2 pk 17+120 - 19+000,17120,19000,TOPOGRAFIA,18,m3,828,1,1.3,636.9230769230769,,xls-1852
2026-04-07,85,TIERRAS,3702.02.07,EXPLANACIONES,Terraplenes (solo conformación),UF2,3702,tm2 pk 34+445 - 35+700,34445,35700,TOPOGRAFIA,18,m3,1176,1,1.3,904.6153846153845,,xls-1853
2026-04-07,13,TIERRAS,3701.02.07,EXPLANACIONES,Terraplenes (solo conformación),UF1,3701,tm2 pk 20+875 - 22+650,20875,22650,TOPOGRAFIA,18,m3,294,1,1.3,226.15384615384613,,xls-1854
2026-04-07,13,TIERRAS,3701.02.07,EXPLANACIONES,Terraplenes (solo conformación),UF1,3701,tm2 pk 17+120 - 19+000,17120,19000,TOPOGRAFIA,18,m3,798,1,1.3,613.8461538461538,NOCTURNO,xls-1855
2026-04-07,33,DRENAJES Y ESTRUCTURAS,3701.06.04,DRENAJE TRANSVERSAL,Acero de refuerzo Fy=420 Mpa.,UF1,3701,ODT1-036,15564,15564,CAMPO,18,kg,276,1,1,276,,xls-1856
2026-04-07,149,TIERRAS,3701.05.04,ESTRUCTURAS,Relleno para muros de tierra MSR,UF1,3701,MSR 14+900,14900,14940,TOPOGRAFIA,18,M3,30,1,1,30,,xls-1857
2026-04-07,19,TIERRAS,3701.03.03,"BASES, SUBBASES Y AFIRMADOS",Base granular estabilizada con cemento (No incluye cemento),UF1,3701,tm2 pk 24+800 - 25+530,24800,25530,TOPOGRAFIA,18,m3,701.01,1,1.3,539.2384615384615,,xls-1858
2026-04-07,23,PAVIMENTOS,3701.04.01,PAVIMENTOS ASFALTICOS,Riego de imprimación con emulsión asfáltica,UF1,3701,tm2 pk 23+820 - 24+800,23820,24800,TOPOGRAFIA,18,m2,1540,1,1,1540,,xls-1859
2026-03-13,27,PAVIMENTOS,3701.04.05,PAVIMENTOS ASFALTICOS,Mezcla asfáltica tipo MDC-19 modificada con polímero tipo III,UF1,3701,tm2 pk 12+822 - 14+225,12822,14225,TOPOGRAFIA,17,m3,118,1,1,118,,xls-1860
2026-03-14,27,PAVIMENTOS,3701.04.05,PAVIMENTOS ASFALTICOS,Mezcla asfáltica tipo MDC-19 modificada con polímero tipo III,UF1,3701,tm2 pk 12+822 - 14+225,12822,14225,TOPOGRAFIA,17,m3,145,1,1,145,,xls-1861
2026-03-16,25,PAVIMENTOS,3701.04.03,PAVIMENTOS ASFALTICOS,Mezcla densa en caliente tipo MDC-25 Base Asfáltica,UF1,3701,tm2 pk 12+822 - 14+225,12822,14225,TOPOGRAFIA,18,m3,136,1,1,136,,xls-1862
2026-03-17,25,PAVIMENTOS,3701.04.03,PAVIMENTOS ASFALTICOS,Mezcla densa en caliente tipo MDC-25 Base Asfáltica,UF1,3701,tm2 pk 12+822 - 14+225,12822,14225,TOPOGRAFIA,18,m3,120,1,1,120,,xls-1863
2026-03-30,25,PAVIMENTOS,3701.04.03,PAVIMENTOS ASFALTICOS,Mezcla densa en caliente tipo MDC-25 Base Asfáltica,UF1,3701,tm2 pk 12+822 - 14+225,12822,14225,TOPOGRAFIA,18,m3,178,1,1,178,,xls-1864
2026-03-31,25,PAVIMENTOS,3701.04.03,PAVIMENTOS ASFALTICOS,Mezcla densa en caliente tipo MDC-25 Base Asfáltica,UF1,3701,tm2 pk 12+822 - 14+225,12822,14225,TOPOGRAFIA,18,m3,208,1,1,208,,xls-1865
2026-04-06,25,PAVIMENTOS,3701.04.03,PAVIMENTOS ASFALTICOS,Mezcla densa en caliente tipo MDC-25 Base Asfáltica,UF1,3701,tm2 pk 23+820 - 24+800,23820,24800,TOPOGRAFIA,18,m3,200,1,1,200,,xls-1866
2026-04-07,25,PAVIMENTOS,3701.04.03,PAVIMENTOS ASFALTICOS,Mezcla densa en caliente tipo MDC-25 Base Asfáltica,UF1,3701,tm2 pk 23+820 - 24+800,23820,24800,TOPOGRAFIA,18,m3,120,1,1,120,,xls-1867
2026-04-08,10,TIERRAS,3701.02.05,EXPLANACIONES,Excavaciones en material común APROVECHABLE,UF1,3701,tm2 pk 19+000 - 20+875,19000,20875,TOPOGRAFIA,18,m3,1445,1,1.3,1111.5384615384614,,xls-1868
2026-04-08,10,TIERRAS,3701.02.05,EXPLANACIONES,Excavaciones en material común APROVECHABLE,UF1,3701,tm2 pk 20+875 - 22+650,20875,22650,TOPOGRAFIA,18,m3,728,1,1.3,560,,xls-1869
2026-04-08,82,TIERRAS,3702.02.05,EXPLANACIONES,Excavaciones en material común APROVECHABLE,UF2,3702,tm2 pk 34+445 - 35+700,34445,35700,TOPOGRAFIA,18,m3,420,1,1.3,323.07692307692304,,xls-1870
2026-04-08,78,TIERRAS,3702.02.01,EXPLANACIONES,Desmonte y limpieza en bosque,UF2,3702,tm2 pk 34+445 - 35+700,34445,35700,TOPOGRAFIA,18,Ha,2160,0.0001,1,0.216,,xls-1871
2026-04-08,13,TIERRAS,3701.02.07,EXPLANACIONES,Terraplenes (solo conformación),UF1,3701,tm2 pk 16+210 - 17+120,16210,17120,TOPOGRAFIA,18,m3,532,1,1.3,409.2307692307692,,xls-1872
2026-04-08,13,TIERRAS,3701.02.07,EXPLANACIONES,Terraplenes (solo conformación),UF1,3701,tm2 pk 17+120 - 19+000,17120,19000,TOPOGRAFIA,18,m3,1008,1,1.3,775.3846153846154,,xls-1873
2026-04-08,13,TIERRAS,3701.02.07,EXPLANACIONES,Terraplenes (solo conformación),UF1,3701,tm2 pk 20+875 - 22+650,20875,22650,TOPOGRAFIA,18,m3,196,1,1.3,150.76923076923077,,xls-1874
2026-04-08,85,TIERRAS,3702.02.07,EXPLANACIONES,Terraplenes (solo conformación),UF2,3702,tm2 pk 34+445 - 35+700,34445,35700,TOPOGRAFIA,18,m3,560,1,1.3,430.7692307692308,,xls-1875
2026-04-08,151,TIERRAS,3701.05.06,ESTRUCTURAS,Geomalla tejida uniaxial de 55 kn/m (método md),UF1,3701,MSR 14+900,14900,14940,CAMPO,18,M2,128,1,1,128,,xls-1876
2026-04-08,156,TIERRAS,3701.05.11,ESTRUCTURAS,Geobolsas de geotextil (propybag) MSR,UF1,3701,MSR 14+900,14900,14940,CAMPO,18,UND,70,1,1,70,,xls-1877
2026-04-08,147,TIERRAS,3701.05.02,ESTRUCTURAS,"Geodren planar h=0,5 m MSR",UF1,3701,MSR 14+900,14900,14940,CAMPO,18,M,20,1,1,20,,xls-1878
2026-04-08,153,TIERRAS,3701.05.08,ESTRUCTURAS,Geotextil tejido uniaxial de 1480 n (método grab md),UF1,3701,MSR 14+900,14900,14940,CAMPO,18,M2,24,1,1,24,,xls-1879
2026-04-08,149,TIERRAS,3701.05.04,ESTRUCTURAS,Relleno para muros de tierra MSR,UF1,3701,MSR 14+900,14900,14940,CAMPO,18,M3,30,1,1,30,,xls-1880
2026-04-08,33,DRENAJES Y ESTRUCTURAS,3701.06.04,DRENAJE TRANSVERSAL,Acero de refuerzo Fy=420 Mpa.,UF1,3701,ODT1-036,15564,15564,CAMPO,18,kg,136,1,1,136,,xls-1881
2026-04-08,19,TIERRAS,3701.03.03,"BASES, SUBBASES Y AFIRMADOS",Base granular estabilizada con cemento (No incluye cemento),UF1,3701,tm2 pk 24+800 - 25+530,24800,25530,TOPOGRAFIA,18,m3,536.64,1,1.3,412.79999999999995,,xls-1882
2026-04-09,10,TIERRAS,3701.02.05,EXPLANACIONES,Excavaciones en material común APROVECHABLE,UF1,3701,tm2 pk 19+000 - 20+875,19000,20875,TOPOGRAFIA,18,m3,4242,1,1.3,3263.076923076923,,xls-1883
2026-04-09,10,TIERRAS,3701.02.05,EXPLANACIONES,Excavaciones en material común APROVECHABLE,UF1,3701,tm2 pk 20+875 - 22+650,20875,22650,TOPOGRAFIA,18,m3,252,1,1.3,193.84615384615384,,xls-1884
2026-04-09,10,TIERRAS,3701.02.05,EXPLANACIONES,Excavaciones en material común NO APROVECHABLE,UF1,3701,tm2 pk 19+000 - 20+875,19000,20875,TOPOGRAFIA,18,m3,378,1,1.3,290.7692307692308,,xls-1885
2026-04-09,13,TIERRAS,3701.02.07,EXPLANACIONES,Terraplenes (solo conformación),UF1,3701,tm2 pk 16+210 - 17+120,16210,17120,TOPOGRAFIA,18,m3,1078,1,1.3,829.2307692307692,,xls-1886
2026-04-09,13,TIERRAS,3701.02.07,EXPLANACIONES,Terraplenes (solo conformación),UF1,3701,tm2 pk 17+120 - 19+000,17120,19000,TOPOGRAFIA,18,m3,1694,1,1.3,1303.076923076923,,xls-1887
2026-04-09,13,TIERRAS,3701.02.07,EXPLANACIONES,Terraplenes (solo conformación),UF1,3701,tm2 pk 20+875 - 22+650,20875,22650,TOPOGRAFIA,18,m3,700,1,1.3,538.4615384615385,,xls-1888
2026-04-09,85,TIERRAS,3702.02.07,EXPLANACIONES,Terraplenes (solo conformación),UF2,3702,tm2 pk 34+445 - 35+700,34445,35700,TOPOGRAFIA,18,m3,308,1,1.3,236.9230769230769,,xls-1889
2026-04-09,149,TIERRAS,3701.05.04,ESTRUCTURAS,Relleno para muros de tierra MSR,UF1,3701,MSR 14+900,14900,14940,CAMPO,18,M3,28,1,1,28,,xls-1890
2026-04-09,151,TIERRAS,3701.05.06,ESTRUCTURAS,Geomalla tejida uniaxial de 55 kn/m (método md),UF1,3701,MSR 14+900,14900,14940,CAMPO,18,M2,140,1,1,140,,xls-1891
2026-04-09,147,TIERRAS,3701.05.02,ESTRUCTURAS,"Geodren planar h=0,5 m MSR",UF1,3701,MSR 14+900,14900,14940,CAMPO,18,M,10,1,1,10,,xls-1892
2026-04-09,156,TIERRAS,3701.05.11,ESTRUCTURAS,Geobolsas de geotextil (propybag) MSR,UF1,3701,MSR 14+900,14900,14940,CAMPO,18,UND,85,1,1,85,,xls-1893
2026-04-09,33,DRENAJES Y ESTRUCTURAS,3701.06.04,DRENAJE TRANSVERSAL,Acero de refuerzo Fy=420 Mpa.,UF1,3701,ODT1-036,15564,15564,CAMPO,18,kg,276,1,1,276,,xls-1894
2026-04-09,19,TIERRAS,3701.03.03,"BASES, SUBBASES Y AFIRMADOS",Base granular estabilizada con cemento (No incluye cemento),UF1,3701,tm2 pk 24+800 - 25+530,24800,25530,TOPOGRAFIA,18,m3,734.5,1,1.3,565,,xls-1895
2026-04-09,78,TIERRAS,3702.02.01,EXPLANACIONES,Desmonte y limpieza en bosque,UF2,3702,tm2 pk 34+445 - 35+700,34445,35700,TOPOGRAFIA,18,Ha,2520,0.0001,1,0.252,,xls-1896
2026-03-30,72,TIERRAS,3701.09.02,PROTECCIÓN DE TALUDES,Protección de taludes con productos enrollados para control de erosión con biomanto,UF1,3701,tm2 pk 14+225 - 14+635,14225,14635,TOPOGRAFIA,18,m2,4000,1,1,4000,,xls-1897
2026-03-30,5,TIERRAS,3701.01.05,DEMOLICIONES Y REUBICACIONES,Cercas de alambre de púas con postes de concreto,UF1,3701,tm2 pk 28+303 - 29+600,28303,29600,CAMPO,18,m,1300,1,1,1300,kehen,xls-1898
2026-03-30,5,TIERRAS,3701.01.05,DEMOLICIONES Y REUBICACIONES,Cercas de alambre de púas con postes de concreto,UF1,3701,tm2 pk 20+875 - 22+650,20875,22650,CAMPO,18,m,760,1,1,760,wancol,xls-1899
2026-04-10,5,TIERRAS,3701.01.05,DEMOLICIONES Y REUBICACIONES,Cercas de alambre de púas con postes de concreto,UF1,3701,tm2 pk 20+875 - 22+650,20875,22650,CAMPO,18,m,400,1,1,400,wancol,xls-1900
2026-04-10,77,TIERRAS,3702.01.05,DEMOLICIONES Y REUBICACIONES,Cercas de alambre de púas con postes de concreto,UF2,3702,tm2 pk 34+445 - 35+700,34445,35700,CAMPO,18,m,400,1,1,400,kehen,xls-1901
2026-04-10,10,TIERRAS,3701.02.05,EXPLANACIONES,Excavaciones en material común NO APROVECHABLE,UF1,3701,tm2 pk 19+000 - 20+875,19000,20875,TOPOGRAFIA,18,m3,826,1,1.3,635.3846153846154,,xls-1902
2026-04-10,10,TIERRAS,3701.02.05,EXPLANACIONES,Excavaciones en material común APROVECHABLE,UF1,3701,tm2 pk 19+000 - 20+875,19000,20875,TOPOGRAFIA,18,m3,672,1,1.3,516.9230769230769,,xls-1903
2026-04-10,13,TIERRAS,3701.02.07,EXPLANACIONES,Terraplenes (solo conformación),UF1,3701,tm2 pk 19+000 - 20+875,19000,20875,TOPOGRAFIA,18,m3,672,1,1.3,516.9230769230769,,xls-1904
2026-04-10,156,TIERRAS,3701.05.11,ESTRUCTURAS,Geobolsas de geotextil (propybag) MSR,UF1,3701,MSR 14+900,14900,14940,CAMPO,18,UND,100,1,1,100,,xls-1905
2026-04-10,149,TIERRAS,3701.05.04,ESTRUCTURAS,Relleno para muros de tierra MSR,UF1,3701,MSR 14+900,14900,14940,CAMPO,18,M3,28,1,1,28,,xls-1906
2026-04-10,153,TIERRAS,3701.05.08,ESTRUCTURAS,Geotextil tejido uniaxial de 1480 n (método grab md),UF1,3701,MSR 14+900,14900,14940,CAMPO,18,M2,27,1,1,27,,xls-1907
2026-04-10,18,TIERRAS,3701.03.01,"BASES, SUBBASES Y AFIRMADOS",Subbase Granular,UF1,3701,tm2 pk 16+210 - 17+120,16210,17120,TOPOGRAFIA,18,m3,420,1,1.3,323.07692307692304,,xls-1908
2026-04-11,10,TIERRAS,3701.02.05,EXPLANACIONES,Excavaciones en material común APROVECHABLE,UF1,3701,tm2 pk 19+000 - 20+875,19000,20875,TOPOGRAFIA,18,m3,910,1,1.3,700,,xls-1909
2026-04-11,13,TIERRAS,3701.02.07,EXPLANACIONES,Terraplenes (solo conformación),UF1,3701,tm2 pk 19+000 - 20+875,19000,20875,TOPOGRAFIA,18,m3,252,1,1.3,193.84615384615384,,xls-1910
2026-04-11,13,TIERRAS,3701.02.07,EXPLANACIONES,Terraplenes (solo conformación),UF1,3701,tm2 pk 17+120 - 19+000,17120,19000,TOPOGRAFIA,18,m3,658,1,1.3,506.15384615384613,,xls-1911
2026-04-11,18,TIERRAS,3701.03.01,"BASES, SUBBASES Y AFIRMADOS",Subbase Granular,UF1,3701,tm2 pk 16+210 - 17+120,16210,17120,TOPOGRAFIA,18,m3,30,1,1.3,23.076923076923077,,xls-1912
2026-04-13,33,DRENAJES Y ESTRUCTURAS,3701.06.04,DRENAJE TRANSVERSAL,Acero de refuerzo Fy=420 Mpa.,UF1,3701,ODT1-036,15564,15564,CAMPO,18,kg,112,1,1,112,,xls-1913
2026-04-13,78,TIERRAS,3702.02.01,EXPLANACIONES,Desmonte y limpieza en bosque,UF2,3702,tm2 pk 34+445 - 35+700,34445,35700,TOPOGRAFIA,18,Ha,1080,0.0001,1,0.108,,xls-1914
2026-04-14,10,TIERRAS,3701.02.05,EXPLANACIONES,Excavaciones en material común APROVECHABLE,UF1,3701,tm2 pk 19+000 - 20+875,19000,20875,TOPOGRAFIA,18,m3,1470,1,1.3,1130.7692307692307,,xls-1915
2026-04-14,10,TIERRAS,3701.02.05,EXPLANACIONES,Excavaciones en material común APROVECHABLE,UF1,3701,tm2 pk 16+210 - 17+120,16210,17120,TOPOGRAFIA,18,m3,84,1,1.3,64.61538461538461,,xls-1916
2026-04-14,10,TIERRAS,3701.02.05,EXPLANACIONES,Excavaciones en material común APROVECHABLE,UF1,3701,tm2 pk 19+000 - 20+875,19000,20875,TOPOGRAFIA,18,m3,1218,1,1.3,936.9230769230769,NOCTURNO,xls-1917
2026-04-14,10,TIERRAS,3701.02.05,EXPLANACIONES,Excavaciones en material común NO APROVECHABLE,UF1,3701,tm2 pk 16+210 - 17+120,16210,17120,TOPOGRAFIA,18,m3,644,1,1.3,495.38461538461536,,xls-1918
2026-04-14,13,TIERRAS,3701.02.07,EXPLANACIONES,Terraplenes (solo conformación),UF1,3701,tm2 pk 16+210 - 17+120,16210,17120,TOPOGRAFIA,18,m3,749,1,1.3,576.1538461538462,,xls-1919
2026-04-14,13,TIERRAS,3701.02.07,EXPLANACIONES,Terraplenes (solo conformación),UF1,3701,tm2 pk 20+875 - 22+650,20875,22650,TOPOGRAFIA,18,m3,805,1,1.3,619.2307692307692,,xls-1920
2026-04-14,13,TIERRAS,3701.02.07,EXPLANACIONES,Terraplenes (solo conformación),UF1,3701,tm2 pk 17+120 - 19+000,17120,19000,TOPOGRAFIA,18,m3,1218,1,1.3,936.9230769230769,NOCTURNO,xls-1921
2026-04-14,18,TIERRAS,3701.03.01,"BASES, SUBBASES Y AFIRMADOS",Subbase Granular,UF1,3701,tm2 pk 16+210 - 17+120,16210,17120,TOPOGRAFIA,18,m3,270,1,1.3,207.69230769230768,,xls-1922
2026-04-14,33,DRENAJES Y ESTRUCTURAS,3701.06.04,DRENAJE TRANSVERSAL,Acero de refuerzo Fy=420 Mpa.,UF1,3701,ODT1-036,15564,15564,CAMPO,18,kg,140,1,1,140,,xls-1923
2026-04-14,30,DRENAJES Y ESTRUCTURAS,3701.06.01,DRENAJE TRANSVERSAL,Excavaciones varias sin clasicar,UF1,3701,ODT1-052,20755,20755,CAMPO,18,m3,308,1,1,308,,xls-1924
2026-04-14,30,DRENAJES Y ESTRUCTURAS,3701.06.01,DRENAJE TRANSVERSAL,Excavaciones varias sin clasicar,UF1,3701,ODT1-057,21386,21386,CAMPO,18,m3,182,1,1,182,,xls-1925
2026-04-14,30,DRENAJES Y ESTRUCTURAS,3701.06.01,DRENAJE TRANSVERSAL,Excavaciones varias sin clasicar,UF1,3701,ODT1-054,21060,21060,CAMPO,18,m3,70,1,1,70,,xls-1926
2026-04-14,149,TIERRAS,3701.05.04,ESTRUCTURAS,Relleno para muros de tierra MSR,UF1,3701,MSR 14+900,14900,14940,CAMPO,18,M3,28,1,1,28,,xls-1927
2026-04-14,151,TIERRAS,3701.05.06,ESTRUCTURAS,Geomalla tejida uniaxial de 55 kn/m (método md),UF1,3701,MSR 14+900,14900,14940,CAMPO,18,M2,140,1,1,140,,xls-1928
2026-04-14,147,TIERRAS,3701.05.02,ESTRUCTURAS,"Geodren planar h=0,5 m MSR",UF1,3701,MSR 14+900,14900,14940,CAMPO,18,M,10,1,1,10,,xls-1929
2026-04-14,156,TIERRAS,3701.05.11,ESTRUCTURAS,Geobolsas de geotextil (propybag) MSR,UF1,3701,MSR 14+900,14900,14940,CAMPO,18,UND,85,1,1,85,,xls-1930
2026-04-14,153,TIERRAS,3701.05.08,ESTRUCTURAS,Geotextil tejido uniaxial de 1480 n (método grab md),UF1,3701,MSR 14+900,14900,14940,CAMPO,18,M2,27,1,1,27,,xls-1931
2026-04-14,78,TIERRAS,3702.02.01,EXPLANACIONES,Desmonte y limpieza en bosque,UF2,3702,tm2 pk 34+445 - 35+700,34445,35700,CAMPO,18,Ha,3600,0.0001,1,0.36000000000000004,,xls-1932
2026-03-29,33,DRENAJES Y ESTRUCTURAS,3701.06.04,DRENAJE TRANSVERSAL,Acero de refuerzo Fy=420 Mpa.,UF1,3701,ODT1-054,21060,21060,CAMPO,18,kg,575,1,1,575,,xls-1933
2026-03-29,33,DRENAJES Y ESTRUCTURAS,3701.06.04,DRENAJE TRANSVERSAL,Acero de refuerzo Fy=420 Mpa.,UF1,3701,ODT1-056,21676,21676,CAMPO,18,kg,150,1,1,150,,xls-1934
2026-03-30,59,DRENAJES Y ESTRUCTURAS,3701.07.01,DRENAJE LONGITUDINAL,Excavaciones varias sin clasicar ODL,UF1,3701,tm2 pk 14+635 - 15+460,14635,15460,CAMPO,18,m3,15,0.1,1,1.5,,xls-1935
2026-03-30,65,DRENAJES Y ESTRUCTURAS,3701.07.07,DRENAJE LONGITUDINAL,Concreto clase 14 MPA (Cunetas de terraza y coronación),UF1,3701,tm2 pk 14+635 - 15+460,14635,15460,CAMPO,18,m3,2.5,1,1,2.5,,xls-1936
2026-03-30,38,DRENAJES Y ESTRUCTURAS,3701.06.09,DRENAJE TRANSVERSAL,"Concreto clase  28 MPA (encoles, descoles, box, sumideros)",UF1,3701,ODT1-054,21060,21060,CAMPO,18,m3,6.5,1,1,6.5,,xls-1937
2026-03-31,59,DRENAJES Y ESTRUCTURAS,3701.07.01,DRENAJE LONGITUDINAL,Excavaciones varias sin clasicar ODL,UF1,3701,tm2 pk 14+635 - 15+460,14635,15460,CAMPO,18,m3,16,0.1,1,1.6,,xls-1938
2026-03-31,65,DRENAJES Y ESTRUCTURAS,3701.07.07,DRENAJE LONGITUDINAL,Concreto clase 14 MPA (Cunetas de terraza y coronación),UF1,3701,tm2 pk 14+635 - 15+460,14635,15460,CAMPO,18,m3,3,1,1,3,,xls-1939
2026-03-31,38,DRENAJES Y ESTRUCTURAS,3701.06.09,DRENAJE TRANSVERSAL,"Concreto clase  28 MPA (encoles, descoles, box, sumideros)",UF1,3701,ODT1-056,21676,21676,CAMPO,18,m3,2,1,1,2,,xls-1940
2026-04-01,65,DRENAJES Y ESTRUCTURAS,3701.07.07,DRENAJE LONGITUDINAL,Concreto clase 14 MPA (Cunetas de terraza y coronación),UF1,3701,tm2 pk 14+635 - 15+460,14635,15460,CAMPO,18,m3,3,1,1,3,,xls-1941
2026-04-06,59,DRENAJES Y ESTRUCTURAS,3701.07.01,DRENAJE LONGITUDINAL,Excavaciones varias sin clasicar ODL,UF1,3701,tm2 pk 14+635 - 15+460,14635,15460,CAMPO,18,m3,18,0.1,1,1.8,,xls-1942
2026-04-07,59,DRENAJES Y ESTRUCTURAS,3701.07.01,DRENAJE LONGITUDINAL,Excavaciones varias sin clasicar ODL,UF1,3701,tm2 pk 14+635 - 15+460,14635,15460,CAMPO,18,m3,28,0.1,1,2.8000000000000003,,xls-1943
2026-04-08,59,DRENAJES Y ESTRUCTURAS,3701.07.01,DRENAJE LONGITUDINAL,Excavaciones varias sin clasicar ODL,UF1,3701,tm2 pk 14+635 - 15+460,14635,15460,CAMPO,18,m3,16,0.1,1,1.6,,xls-1944
2026-04-08,65,DRENAJES Y ESTRUCTURAS,3701.07.07,DRENAJE LONGITUDINAL,Concreto clase 14 MPA (Cunetas de terraza y coronación),UF1,3701,tm2 pk 14+635 - 15+460,14635,15460,CAMPO,18,m3,3,1,1,3,,xls-1945
2026-04-08,33,DRENAJES Y ESTRUCTURAS,3701.06.04,DRENAJE TRANSVERSAL,Acero de refuerzo Fy=420 Mpa.,UF1,3701,ODT1-054,21060,21060,CAMPO,18,kg,800,1,1,800,,xls-1946
2026-04-08,31,DRENAJES Y ESTRUCTURAS,3701.06.02,DRENAJE TRANSVERSAL,Rellenos con material seleccionado,UF1,3701,ODT1-054,21060,21060,CAMPO,18,m3,112,1,1,112,,xls-1947
2026-04-08,31,DRENAJES Y ESTRUCTURAS,3701.06.02,DRENAJE TRANSVERSAL,Rellenos con material seleccionado,UF1,3701,ODT1-055,21161,21161,CAMPO,18,m3,28,1,1,28,,xls-1948
2026-04-08,33,DRENAJES Y ESTRUCTURAS,3701.06.04,DRENAJE TRANSVERSAL,Acero de refuerzo Fy=420 Mpa.,UF1,3701,ODT1-056,21676,21676,CAMPO,18,kg,770,1,1,770,,xls-1949
2026-04-09,59,DRENAJES Y ESTRUCTURAS,3701.07.01,DRENAJE LONGITUDINAL,Excavaciones varias sin clasicar ODL,UF1,3701,tm2 pk 14+635 - 15+460,14635,15460,CAMPO,18,m3,8,0.1,1,0.8,,xls-1950
2026-04-09,65,DRENAJES Y ESTRUCTURAS,3701.07.07,DRENAJE LONGITUDINAL,Concreto clase 14 MPA (Cunetas de terraza y coronación),UF1,3701,tm2 pk 14+635 - 15+460,14635,15460,CAMPO,18,m3,4,1,1,4,,xls-1951
2026-04-09,33,DRENAJES Y ESTRUCTURAS,3701.06.04,DRENAJE TRANSVERSAL,Acero de refuerzo Fy=420 Mpa.,UF1,3701,ODT1-054,21060,21060,CAMPO,18,kg,400,1,1,400,,xls-1952
2026-04-09,30,DRENAJES Y ESTRUCTURAS,3701.06.01,DRENAJE TRANSVERSAL,Excavaciones varias sin clasicar,UF1,3701,ODT1-057,21386,21386,CAMPO,18,m3,90,1,1,90,,xls-1953
2026-04-09,30,DRENAJES Y ESTRUCTURAS,3701.06.01,DRENAJE TRANSVERSAL,Excavaciones varias sin clasicar,UF1,3701,ODT1-052,20755,20755,CAMPO,18,m3,90,1,1,90,,xls-1954
2026-04-09,33,DRENAJES Y ESTRUCTURAS,3701.06.04,DRENAJE TRANSVERSAL,Acero de refuerzo Fy=420 Mpa.,UF1,3701,ODT1-056,21676,21676,CAMPO,18,kg,300,1,1,300,,xls-1955
2026-04-09,38,DRENAJES Y ESTRUCTURAS,3701.06.09,DRENAJE TRANSVERSAL,"Concreto clase  28 MPA (encoles, descoles, box, sumideros)",UF1,3701,ODT1-056,21676,21676,CAMPO,18,m3,25,1,1,25,,xls-1956
2026-04-09,33,DRENAJES Y ESTRUCTURAS,3701.06.04,DRENAJE TRANSVERSAL,Acero de refuerzo Fy=420 Mpa.,UF1,3701,ODT1-041,18827,18827,CAMPO,18,kg,120,1,1,120,,xls-1957
2026-04-09,30,DRENAJES Y ESTRUCTURAS,3701.06.01,DRENAJE TRANSVERSAL,Excavaciones varias sin clasicar,UF1,3701,ODT1-042,19072,19072,CAMPO,18,m3,1,1,1,1,,xls-1958
2026-04-09,33,DRENAJES Y ESTRUCTURAS,3701.06.04,DRENAJE TRANSVERSAL,Acero de refuerzo Fy=420 Mpa.,UF1,3701,ODT1-042,19072,19072,CAMPO,18,kg,120,1,1,120,,xls-1959
2026-04-10,59,DRENAJES Y ESTRUCTURAS,3701.07.01,DRENAJE LONGITUDINAL,Excavaciones varias sin clasicar ODL,UF1,3701,tm2 pk 12+822 - 14+225,12822,14225,CAMPO,18,m3,6,0.5,1,3,,xls-1960
2026-04-10,38,DRENAJES Y ESTRUCTURAS,3701.06.09,DRENAJE TRANSVERSAL,"Concreto clase  28 MPA (encoles, descoles, box, sumideros)",UF1,3701,ODT1-054,21060,21060,CAMPO,18,m3,16,1,1,16,,xls-1961
2026-04-10,30,DRENAJES Y ESTRUCTURAS,3701.06.01,DRENAJE TRANSVERSAL,Excavaciones varias sin clasicar,UF1,3701,ODT1-057,21386,21386,CAMPO,18,m3,200,1,1,200,,xls-1962
2026-04-10,36,DRENAJES Y ESTRUCTURAS,3701.06.07,DRENAJE TRANSVERSAL,"Concreto clase 14 MPA (solados, estructuras)",UF1,3701,ODT1-056,21676,21676,CAMPO,18,m3,0.2,1,1,0.2,,xls-1963
2026-04-10,33,DRENAJES Y ESTRUCTURAS,3701.06.04,DRENAJE TRANSVERSAL,Acero de refuerzo Fy=420 Mpa.,UF1,3701,ODT1-039,17717,17717,CAMPO,18,kg,100,1,1,100,,xls-1964
2026-04-10,33,DRENAJES Y ESTRUCTURAS,3701.06.04,DRENAJE TRANSVERSAL,Acero de refuerzo Fy=420 Mpa.,UF1,3701,ODT1-040,17963,17963,CAMPO,18,kg,270,1,1,270,,xls-1965
2026-04-10,33,DRENAJES Y ESTRUCTURAS,3701.06.04,DRENAJE TRANSVERSAL,Acero de refuerzo Fy=420 Mpa.,UF1,3701,ODT1-042,19072,19072,CAMPO,18,kg,100,1,1,100,,xls-1966
2026-04-11,37,DRENAJES Y ESTRUCTURAS,3701.06.08,DRENAJE TRANSVERSAL,"Concreto clase 21 MPA (atraques, cabezales)",UF1,3701,ODT1-039,17717,17717,CAMPO,18,m3,3.6,1,1,3.6,,xls-1967
2026-04-11,33,DRENAJES Y ESTRUCTURAS,3701.06.04,DRENAJE TRANSVERSAL,Acero de refuerzo Fy=420 Mpa.,UF1,3701,ODT1-040,17963,17963,CAMPO,18,kg,100,1,1,100,,xls-1968
2026-04-13,59,DRENAJES Y ESTRUCTURAS,3701.07.01,DRENAJE LONGITUDINAL,Excavaciones varias sin clasicar ODL,UF1,3701,tm2 pk 12+822 - 14+225,12822,14225,CAMPO,18,m3,11,0.5,1,5.5,,xls-1969
2026-04-13,38,DRENAJES Y ESTRUCTURAS,3701.06.09,DRENAJE TRANSVERSAL,"Concreto clase  28 MPA (encoles, descoles, box, sumideros)",UF1,3701,ODT1-054,21060,21060,CAMPO,18,m3,16,1,1,16,,xls-1970
2026-04-13,33,DRENAJES Y ESTRUCTURAS,3701.06.04,DRENAJE TRANSVERSAL,Acero de refuerzo Fy=420 Mpa.,UF1,3701,ODT1-056,21676,21676,CAMPO,18,kg,100,1,1,100,,xls-1971
2026-04-13,38,DRENAJES Y ESTRUCTURAS,3701.06.09,DRENAJE TRANSVERSAL,"Concreto clase  28 MPA (encoles, descoles, box, sumideros)",UF1,3701,ODT1-056,21676,21676,CAMPO,18,m3,1,1,1,1,,xls-1972
2026-04-13,34,DRENAJES Y ESTRUCTURAS,3701.06.05,DRENAJE TRANSVERSAL,Tubería de Concreto Reforzado de 900mm de diámetro interior (Tipo III),UF1,3701,ODT1-039,17717,17717,CAMPO,18,m,2,1,1,2,,xls-1973
2026-04-13,37,DRENAJES Y ESTRUCTURAS,3701.06.08,DRENAJE TRANSVERSAL,"Concreto clase 21 MPA (atraques, cabezales)",UF1,3701,ODT1-039,17717,17717,CAMPO,18,m3,4,1,1,4,,xls-1974
2026-04-15,10,TIERRAS,3701.02.05,EXPLANACIONES,Excavaciones en material común APROVECHABLE,UF1,3701,tm2 pk 19+000 - 20+875,19000,20875,CAMPO,18,m3,2310,1,1.3,1776.923076923077,,xls-1975
2026-04-15,10,TIERRAS,3701.02.05,EXPLANACIONES,Excavaciones en material común APROVECHABLE,UF1,3701,tm2 pk 19+000 - 20+875,19000,20875,CAMPO,18,m3,677,1,1.3,520.7692307692307,NOCTURNO,xls-1976
2026-04-15,10,TIERRAS,3701.02.05,EXPLANACIONES,Excavaciones en material común APROVECHABLE,UF1,3701,tm2 pk 16+210 - 17+120,16210,17120,CAMPO,18,m3,700,1,1.3,538.4615384615385,,xls-1977
2026-04-15,13,TIERRAS,3701.02.07,EXPLANACIONES,Terraplenes (solo conformación),UF1,3701,tm2 pk 16+210 - 17+120,16210,17120,CAMPO,18,m3,700,1,1.3,538.4615384615385,,xls-1978
2026-04-15,13,TIERRAS,3701.02.07,EXPLANACIONES,Terraplenes (solo conformación),UF1,3701,tm2 pk 17+120 - 19+000,17120,19000,CAMPO,18,m3,756,1,1.3,581.5384615384615,,xls-1979
2026-04-15,13,TIERRAS,3701.02.07,EXPLANACIONES,Terraplenes (solo conformación),UF1,3701,tm2 pk 17+120 - 19+000,17120,19000,CAMPO,18,m3,677,1,1.3,520.7692307692307,NOCTURNO,xls-1980
2026-04-15,13,TIERRAS,3701.02.07,EXPLANACIONES,Terraplenes (solo conformación),UF1,3701,tm2 pk 20+875 - 22+650,20875,22650,CAMPO,18,m3,476,1,1.3,366.15384615384613,,xls-1981
2026-04-15,85,TIERRAS,3702.02.07,EXPLANACIONES,Terraplenes (solo conformación),UF2,3702,tm2 pk 34+445 - 35+700,34445,35700,CAMPO,18,m3,686,1,1.3,527.6923076923076,,xls-1982
2026-04-15,156,TIERRAS,3701.05.11,ESTRUCTURAS,Geobolsas de geotextil (propybag) MSR,UF1,3701,MSR 14+900,14900,14940,CAMPO,18,UND,50,1,1,50,,xls-1983
2026-04-15,149,TIERRAS,3701.05.04,ESTRUCTURAS,Relleno para muros de tierra MSR,UF1,3701,MSR 14+900,14900,14940,CAMPO,18,M3,56,1,1,56,,xls-1984
2026-04-15,42,DRENAJES Y ESTRUCTURAS,3701.06.13,DRENAJE TRANSVERSAL,Geodrén planar h=1 m,UF1,3701,ODT1-054,21060,21060,CAMPO,18,m2,73.68,1,1,73.68,,xls-1985
2026-04-15,41,DRENAJES Y ESTRUCTURAS,3701.06.12,DRENAJE TRANSVERSAL,Geodrén vial h=1 m con tubería de 100 mm,UF1,3701,ODT1-054,21060,21060,CAMPO,18,m,36.84,1,1,36.84,,xls-1986
2026-04-15,32,DRENAJES Y ESTRUCTURAS,3701.06.03,DRENAJE TRANSVERSAL,Material granular drenante,UF1,3701,ODT1-054,21060,21060,CAMPO,18,m3,28,1,1,28,,xls-1987
2026-04-15,31,DRENAJES Y ESTRUCTURAS,3701.06.02,DRENAJE TRANSVERSAL,Rellenos con material seleccionado,UF1,3701,ODT1-053,20862,20862,CAMPO,18,m3,56,1,1,56,,xls-1988
2026-04-15,19,TIERRAS,3701.03.03,"BASES, SUBBASES Y AFIRMADOS",Base granular estabilizada con cemento (No incluye cemento),UF1,3701,tm2 pk 23+820 - 24+800,23820,24800,TOPOGRAFIA,18,m3,607.59,1,1.3,467.3769230769231,,xls-1989
2026-04-15,78,TIERRAS,3702.02.01,EXPLANACIONES,Desmonte y limpieza en bosque,UF2,3702,tm2 pk 34+445 - 35+700,34445,35700,CAMPO,18,Ha,6840,0.0001,1,0.684,,xls-1990
2026-04-14,65,DRENAJES Y ESTRUCTURAS,3701.07.07,DRENAJE LONGITUDINAL,Concreto clase 14 MPA (Cunetas de terraza y coronación),UF1,3701,tm2 pk 14+635 - 15+460,14635,15460,CAMPO,18,m3,5,1,1,5,,xls-1991
2026-04-14,59,DRENAJES Y ESTRUCTURAS,3701.07.01,DRENAJE LONGITUDINAL,Excavaciones varias sin clasicar ODL,UF1,3701,tm2 pk 12+822 - 14+225,12822,14225,CAMPO,18,m3,12,0.5,1,6,,xls-1992
2026-04-14,33,DRENAJES Y ESTRUCTURAS,3701.06.04,DRENAJE TRANSVERSAL,Acero de refuerzo Fy=420 Mpa.,UF1,3701,ODT1-056,21676,21676,CAMPO,18,kg,150,1,1,150,,xls-1993
2026-04-14,30,DRENAJES Y ESTRUCTURAS,3701.06.01,DRENAJE TRANSVERSAL,Excavaciones varias sin clasicar,UF1,3701,ODT1-039,17717,17717,CAMPO,18,m3,2,1,1,2,,xls-1994
2026-04-14,38,DRENAJES Y ESTRUCTURAS,3701.06.09,DRENAJE TRANSVERSAL,"Concreto clase  28 MPA (encoles, descoles, box, sumideros)",UF1,3701,ODT1-042,19072,19072,CAMPO,18,m3,3.5,1,1,3.5,,xls-1995
2026-04-15,65,DRENAJES Y ESTRUCTURAS,3701.07.07,DRENAJE LONGITUDINAL,Concreto clase 14 MPA (Cunetas de terraza y coronación),UF1,3701,tm2 pk 14+635 - 15+460,14635,15460,CAMPO,18,m3,5,1,1,5,,xls-1996
2026-04-15,59,DRENAJES Y ESTRUCTURAS,3701.07.01,DRENAJE LONGITUDINAL,Excavaciones varias sin clasicar ODL,UF1,3701,tm2 pk 12+822 - 14+225,12822,14225,CAMPO,18,m3,16,0.5,1,8,,xls-1997
2026-04-15,33,DRENAJES Y ESTRUCTURAS,3701.06.04,DRENAJE TRANSVERSAL,Acero de refuerzo Fy=420 Mpa.,UF1,3701,ODT1-056,21676,21676,CAMPO,18,kg,150,1,1,150,,xls-1998
2026-04-15,33,DRENAJES Y ESTRUCTURAS,3701.06.04,DRENAJE TRANSVERSAL,Acero de refuerzo Fy=420 Mpa.,UF1,3701,ODT1-039,17717,17717,CAMPO,18,kg,198,1,1,198,,xls-1999
2026-04-15,33,DRENAJES Y ESTRUCTURAS,3701.06.04,DRENAJE TRANSVERSAL,Acero de refuerzo Fy=420 Mpa.,UF1,3701,ODT1-040,17963,17963,CAMPO,18,kg,50,1,1,50,,xls-2000
2026-04-15,33,DRENAJES Y ESTRUCTURAS,3701.06.04,DRENAJE TRANSVERSAL,Acero de refuerzo Fy=420 Mpa.,UF1,3701,ODT1-041,18827,18827,CAMPO,18,kg,132,1,1,132,,xls-2001
2026-04-15,38,DRENAJES Y ESTRUCTURAS,3701.06.09,DRENAJE TRANSVERSAL,"Concreto clase  28 MPA (encoles, descoles, box, sumideros)",UF1,3701,ODT1-041,18827,18827,CAMPO,18,m3,3.5,1,1,3.5,,xls-2002
2026-04-15,33,DRENAJES Y ESTRUCTURAS,3701.06.04,DRENAJE TRANSVERSAL,Acero de refuerzo Fy=420 Mpa.,UF1,3701,ODT1-042,19072,19072,CAMPO,18,kg,100,1,1,100,,xls-2003
2026-04-16,6,TIERRAS,3701.02.01,EXPLANACIONES,Desmonte y limpieza en bosque,UF1,3701,tm2 pk 17+120 - 19+000,17120,19000,TOPOGRAFIA,19,Ha,2400,0.0001,1,0.24000000000000002,,xls-2004
2026-04-17,10,TIERRAS,3701.02.05,EXPLANACIONES,Excavaciones en material común NO APROVECHABLE,UF1,3701,tm2 pk 19+000 - 20+875,19000,20875,TOPOGRAFIA,19,m3,300,1,1.3,230.76923076923077,,xls-2005
2026-04-17,18,TIERRAS,3701.03.01,"BASES, SUBBASES Y AFIRMADOS",Subbase Granular,UF1,3701,tm2 pk 16+210 - 17+120,16210,17120,TOPOGRAFIA,19,m3,60,1,1.3,46.15384615384615,,xls-2006
2026-04-17,18,TIERRAS,3701.03.01,"BASES, SUBBASES Y AFIRMADOS",Subbase Granular,UF1,3701,tm2 pk 28+303 - 29+600,28303,29600,TOPOGRAFIA,19,m3,241,1,1.3,185.3846153846154,,xls-2007
2026-04-17,23,PAVIMENTOS,3701.04.01,PAVIMENTOS ASFALTICOS,Riego de imprimación con emulsión asfáltica,UF1,3701,tm2 pk 24+800 - 25+530,24800,25530,TOPOGRAFIA,19,m2,10080,1,1,10080,,xls-2008
2026-04-17,82,TIERRAS,3702.02.05,EXPLANACIONES,Excavaciones en material común NO APROVECHABLE,UF2,3702,tm2 pk 36+555 - 37+080,36555,37080,TOPOGRAFIA,19,m3,125,1,1,125,descapote,xls-2009
2026-04-17,78,TIERRAS,3702.02.01,EXPLANACIONES,Desmonte y limpieza en bosque,UF2,3702,tm2 pk 36+555 - 37+080,36555,37080,TOPOGRAFIA,19,Ha,1250,0.0001,1,0.125,,xls-2010
2026-04-18,10,TIERRAS,3701.02.05,EXPLANACIONES,Excavaciones en material común APROVECHABLE,UF1,3701,tm2 pk 19+000 - 20+875,19000,20875,TOPOGRAFIA,19,m3,728,1,1.3,560,,xls-2011
2026-04-18,151,TIERRAS,3701.05.06,ESTRUCTURAS,Geomalla tejida uniaxial de 55 kn/m (método md),UF1,3701,MSR 14+900,14900,14940,CAMPO,19,M2,120,1,1,120,,xls-2012
2026-04-18,156,TIERRAS,3701.05.11,ESTRUCTURAS,Geobolsas de geotextil (propybag) MSR,UF1,3701,MSR 14+900,14900,14940,CAMPO,19,UND,45,1,1,45,,xls-2013
2026-04-18,13,TIERRAS,3701.02.07,EXPLANACIONES,Terraplenes (solo conformación),UF1,3701,tm2 pk 17+120 - 19+000,17120,19000,TOPOGRAFIA,19,m3,728,1,1.3,560,,xls-2014
2026-04-18,10,TIERRAS,3701.02.05,EXPLANACIONES,Excavaciones en material común APROVECHABLE,UF1,3701,tm2 pk 19+000 - 20+875,19000,20875,TOPOGRAFIA,19,m3,168,1,1.3,129.23076923076923,NOCTURNO,xls-2015
2026-04-18,13,TIERRAS,3701.02.07,EXPLANACIONES,Terraplenes (solo conformación),UF1,3701,tm2 pk 17+120 - 19+000,17120,19000,TOPOGRAFIA,19,m3,168,1,1.3,129.23076923076923,NOCTURNO,xls-2016
2026-04-16,59,DRENAJES Y ESTRUCTURAS,3701.07.01,DRENAJE LONGITUDINAL,Excavaciones varias sin clasicar ODL,UF1,3701,tm2 pk 14+635 - 15+460,14635,15460,CAMPO,19,m3,25,0.1,1,2.5,,xls-2017
2026-04-16,59,DRENAJES Y ESTRUCTURAS,3701.07.01,DRENAJE LONGITUDINAL,Excavaciones varias sin clasicar ODL,UF1,3701,tm2 pk 12+822 - 14+225,12822,14225,CAMPO,19,m3,10,0.5,1,5,,xls-2018
2026-04-16,33,DRENAJES Y ESTRUCTURAS,3701.06.04,DRENAJE TRANSVERSAL,Acero de refuerzo Fy=420 Mpa.,UF1,3701,ODT1-042,19072,19072,CAMPO,19,kg,72,1,1,72,,xls-2019
2026-04-17,59,DRENAJES Y ESTRUCTURAS,3701.07.01,DRENAJE LONGITUDINAL,Excavaciones varias sin clasicar ODL,UF1,3701,tm2 pk 14+635 - 15+460,14635,15460,CAMPO,19,m3,12,0.1,1,1.2000000000000002,,xls-2020
2026-04-17,59,DRENAJES Y ESTRUCTURAS,3701.07.01,DRENAJE LONGITUDINAL,Excavaciones varias sin clasicar ODL,UF1,3701,tm2 pk 12+822 - 14+225,12822,14225,CAMPO,19,m3,25,0.5,1,12.5,,xls-2021
2026-04-17,33,DRENAJES Y ESTRUCTURAS,3701.06.04,DRENAJE TRANSVERSAL,Acero de refuerzo Fy=420 Mpa.,UF1,3701,ODT1-039,17717,17717,CAMPO,19,kg,100,1,1,100,,xls-2022
2026-04-17,38,DRENAJES Y ESTRUCTURAS,3701.06.09,DRENAJE TRANSVERSAL,"Concreto clase  28 MPA (encoles, descoles, box, sumideros)",UF1,3701,ODT1-039,17717,17717,CAMPO,19,m3,4.5,1,1,4.5,,xls-2023
2026-04-17,33,DRENAJES Y ESTRUCTURAS,3701.06.04,DRENAJE TRANSVERSAL,Acero de refuerzo Fy=420 Mpa.,UF1,3701,ODT1-042,19072,19072,CAMPO,19,kg,81,1,1,81,,xls-2024
2026-04-17,30,DRENAJES Y ESTRUCTURAS,3701.06.01,DRENAJE TRANSVERSAL,Excavaciones varias sin clasicar,UF1,3701,ODT1-052,20755,20755,CAMPO,19,m3,190,1,1,190,,xls-2025
2026-04-18,59,DRENAJES Y ESTRUCTURAS,3701.07.01,DRENAJE LONGITUDINAL,Excavaciones varias sin clasicar ODL,UF1,3701,tm2 pk 12+822 - 14+225,12822,14225,CAMPO,19,m3,15,0.5,1,7.5,,xls-2026
2026-04-18,38,DRENAJES Y ESTRUCTURAS,3701.06.09,DRENAJE TRANSVERSAL,"Concreto clase  28 MPA (encoles, descoles, box, sumideros)",UF1,3701,ODT1-040,17963,17963,CAMPO,19,m3,3.5,1,1,3.5,,xls-2027
2026-04-18,33,DRENAJES Y ESTRUCTURAS,3701.06.04,DRENAJE TRANSVERSAL,Acero de refuerzo Fy=420 Mpa.,UF1,3701,ODT1-042,19072,19072,CAMPO,19,kg,51,1,1,51,,xls-2028
2026-04-18,30,DRENAJES Y ESTRUCTURAS,3701.06.01,DRENAJE TRANSVERSAL,Excavaciones varias sin clasicar,UF1,3701,ODT1-052,20755,20755,CAMPO,19,m3,28,1,1,28,,xls-2029
2026-04-18,31,DRENAJES Y ESTRUCTURAS,3701.06.02,DRENAJE TRANSVERSAL,Rellenos con material seleccionado,UF1,3701,ODT1-052,20755,20755,CAMPO,19,m3,10,1,1,10,,xls-2030
2026-04-18,36,DRENAJES Y ESTRUCTURAS,3701.06.07,DRENAJE TRANSVERSAL,"Concreto clase 14 MPA (solados, estructuras)",UF1,3701,ODT1-052,20755,20755,CAMPO,19,m3,4,1,1,4,,xls-2031
2026-04-18,38,DRENAJES Y ESTRUCTURAS,3701.06.09,DRENAJE TRANSVERSAL,"Concreto clase  28 MPA (encoles, descoles, box, sumideros)",UF1,3701,ODT1-056,21676,21676,CAMPO,19,m3,4.3,1,1,4.3,,xls-2032
2026-04-20,10,TIERRAS,3701.02.05,EXPLANACIONES,Excavaciones en material común APROVECHABLE,UF1,3701,tm2 pk 19+000 - 20+875,19000,20875,TOPOGRAFIA,19,m3,2573,1,1.3,1979.230769230769,,xls-2033
2026-04-20,10,TIERRAS,3701.02.05,EXPLANACIONES,Excavaciones en material común APROVECHABLE,UF1,3701,tm2 pk 19+000 - 20+875,19000,20875,TOPOGRAFIA,19,m3,560,1,1.3,430.7692307692308,NOCTURNO,xls-2034
2026-04-20,13,TIERRAS,3701.02.07,EXPLANACIONES,Terraplenes (solo conformación),UF1,3701,tm2 pk 17+120 - 19+000,17120,19000,TOPOGRAFIA,19,m3,1057,1,1.3,813.0769230769231,,xls-2035
2026-04-20,13,TIERRAS,3701.02.07,EXPLANACIONES,Terraplenes (solo conformación),UF1,3701,tm2 pk 20+875 - 22+650,20875,22650,TOPOGRAFIA,19,m3,770,1,1.3,592.3076923076923,,xls-2036
2026-04-20,85,TIERRAS,3702.02.07,EXPLANACIONES,Terraplenes (solo conformación),UF2,3702,tm2 pk 34+445 - 35+700,34445,35700,TOPOGRAFIA,19,m3,656,1,1.3,504.6153846153846,,xls-2037
2026-04-20,13,TIERRAS,3701.02.07,EXPLANACIONES,Terraplenes (solo conformación),UF1,3701,tm2 pk 17+120 - 19+000,17120,19000,TOPOGRAFIA,19,m3,560,1,1.3,430.7692307692308,NOCTURNO,xls-2038
2026-04-20,149,TIERRAS,3701.05.04,ESTRUCTURAS,Relleno para muros de tierra MSR,UF1,3701,MSR 14+900,14900,14940,CAMPO,19,M3,28,1,1,28,,xls-2039
2026-04-20,156,TIERRAS,3701.05.11,ESTRUCTURAS,Geobolsas de geotextil (propybag) MSR,UF1,3701,MSR 14+900,14900,14940,CAMPO,19,UND,50,1,1,50,,xls-2040
2026-04-20,19,TIERRAS,3701.03.03,"BASES, SUBBASES Y AFIRMADOS",Base granular estabilizada con cemento (No incluye cemento),UF1,3701,tm2 pk 28+303 - 29+600,28303,29600,CAMPO,19,m3,558.44,1,1.3,429.5692307692308,,xls-2041
2026-04-20,82,TIERRAS,3702.02.05,EXPLANACIONES,Excavaciones en material común NO APROVECHABLE,UF2,3702,tm2 pk 36+555 - 37+080,36555,37080,TOPOGRAFIA,19,m3,126,1,1,126,descapote,xls-2042
2026-04-20,78,TIERRAS,3702.02.01,EXPLANACIONES,Desmonte y limpieza en bosque,UF2,3702,tm2 pk 36+555 - 37+080,36555,37080,TOPOGRAFIA,19,Ha,1260,0.0001,1,0.126,,xls-2043
2026-04-20,59,DRENAJES Y ESTRUCTURAS,3701.07.01,DRENAJE LONGITUDINAL,Excavaciones varias sin clasicar ODL,UF1,3701,tm2 pk 12+822 - 14+225,12822,14225,CAMPO,19,m3,40,0.5,1,20,,xls-2044
2026-04-20,33,DRENAJES Y ESTRUCTURAS,3701.06.04,DRENAJE TRANSVERSAL,Acero de refuerzo Fy=420 Mpa.,UF1,3701,ODT1-039,17717,17717,CAMPO,19,kg,300,1,1,300,,xls-2045
2026-04-20,36,DRENAJES Y ESTRUCTURAS,3701.06.07,DRENAJE TRANSVERSAL,"Concreto clase 14 MPA (solados, estructuras)",UF1,3701,ODT1-040,17963,17963,CAMPO,19,m3,1,1,1,1,,xls-2046
2026-04-20,31,DRENAJES Y ESTRUCTURAS,3701.06.02,DRENAJE TRANSVERSAL,Rellenos con material seleccionado,UF1,3701,ODT1-041,18827,18827,CAMPO,19,m3,3,1,1,3,,xls-2047
2026-04-20,36,DRENAJES Y ESTRUCTURAS,3701.06.07,DRENAJE TRANSVERSAL,"Concreto clase 14 MPA (solados, estructuras)",UF1,3701,ODT1-041,18827,18827,CAMPO,19,m3,2,1,1,2,,xls-2048
2026-04-20,10,TIERRAS,3701.02.05,EXPLANACIONES,Excavaciones en material común NO APROVECHABLE,UF1,3701,ODT1-052,20755,20755,TOPOGRAFIA,19,m3,490,1,1.3,376.9230769230769,,xls-2049
2026-04-20,10,TIERRAS,3701.02.05,EXPLANACIONES,Excavaciones en material común NO APROVECHABLE,UF1,3701,ODT1-057,21386,21386,TOPOGRAFIA,19,m3,150,1,1.3,115.38461538461539,,xls-2050
2026-04-21,12,TIERRAS,3701.02.06,EXPLANACIONES,Excavación en material común de préstamos,UF1,3701,EL DIVISO,21500,21500,TOPOGRAFIA,19,m3,574,1,1.3,441.53846153846155,,xls-2051
2026-04-21,10,TIERRAS,3701.02.05,EXPLANACIONES,Excavaciones en material común APROVECHABLE,UF1,3701,tm2 pk 19+000 - 20+875,19000,20875,TOPOGRAFIA,19,m3,1443,1,1.3,1110,,xls-2052
2026-04-21,10,TIERRAS,3701.02.05,EXPLANACIONES,Excavaciones en material común APROVECHABLE,UF1,3701,tm2 pk 19+000 - 20+875,19000,20875,TOPOGRAFIA,19,m3,1008,1,1.3,775.3846153846154,NOCTURNO,xls-2053
2026-04-21,10,TIERRAS,3701.02.05,EXPLANACIONES,Excavaciones en material común NO APROVECHABLE,UF1,3701,tm2 pk 17+120 - 19+000,17120,19000,TOPOGRAFIA,19,m3,742,1,1.3,570.7692307692307,,xls-2054
2026-04-21,149,TIERRAS,3701.05.04,ESTRUCTURAS,Relleno para muros de tierra MSR,UF1,3701,MSR 14+900,14900,14940,CAMPO,19,M3,20,1,1,20,,xls-2055
2026-04-21,13,TIERRAS,3701.02.07,EXPLANACIONES,Terraplenes (solo conformación),UF1,3701,tm2 pk 16+210 - 17+120,16210,17120,TOPOGRAFIA,19,m3,840,1,1.3,646.1538461538461,,xls-2056
2026-04-21,13,TIERRAS,3701.02.07,EXPLANACIONES,Terraplenes (solo conformación),UF1,3701,tm2 pk 20+875 - 22+650,20875,22650,TOPOGRAFIA,19,m3,574,1,1.3,441.53846153846155,,xls-2057
2026-04-21,85,TIERRAS,3702.02.07,EXPLANACIONES,Terraplenes (solo conformación),UF2,3702,tm2 pk 34+445 - 35+700,34445,35700,TOPOGRAFIA,19,m3,574,1,1.3,441.53846153846155,,xls-2058
2026-04-21,13,TIERRAS,3701.02.07,EXPLANACIONES,Terraplenes (solo conformación),UF1,3701,tm2 pk 17+120 - 19+000,17120,19000,TOPOGRAFIA,19,m3,1008,1,1.3,775.3846153846154,NOCTURNO,xls-2059
2026-04-21,6,TIERRAS,3701.02.01,EXPLANACIONES,Desmonte y limpieza en bosque,UF1,3701,tm2 pk 17+120 - 19+000,17120,19000,TOPOGRAFIA,19,Ha,1370,0.0001,1,0.137,,xls-2060
2026-04-21,19,TIERRAS,3701.03.03,"BASES, SUBBASES Y AFIRMADOS",Base granular estabilizada con cemento (No incluye cemento),UF1,3701,tm2 pk 28+303 - 29+600,28303,29600,TOPOGRAFIA,19,m3,515.95,1,1.3,396.8846153846154,,xls-2061
2026-04-21,82,TIERRAS,3702.02.05,EXPLANACIONES,Excavaciones en material común NO APROVECHABLE,UF2,3702,tm2 pk 36+555 - 37+080,36555,37080,TOPOGRAFIA,19,m3,459,1,1,459,descapote,xls-2062
2026-04-21,78,TIERRAS,3702.02.01,EXPLANACIONES,Desmonte y limpieza en bosque,UF2,3702,tm2 pk 36+555 - 37+080,36555,37080,TOPOGRAFIA,19,Ha,4590,0.0001,1,0.459,,xls-2063
2026-04-22,12,TIERRAS,3701.02.06,EXPLANACIONES,Excavación en material común de préstamos,UF1,3701,EL DIVISO,21500,21500,TOPOGRAFIA,19,m3,700,1,1.3,538.4615384615385,,xls-2064
2026-04-22,10,TIERRAS,3701.02.05,EXPLANACIONES,Excavaciones en material común APROVECHABLE,UF1,3701,tm2 pk 19+000 - 20+875,19000,20875,TOPOGRAFIA,19,m3,1666,1,1.3,1281.5384615384614,,xls-2065
2026-04-22,10,TIERRAS,3701.02.05,EXPLANACIONES,Excavaciones en material común NO APROVECHABLE,UF1,3701,ODT1-057,21386,21386,TOPOGRAFIA,19,m3,664,1,1.3,510.7692307692308,,xls-2066
2026-04-22,10,TIERRAS,3701.02.05,EXPLANACIONES,Excavaciones en material común NO APROVECHABLE,UF1,3701,tm2 pk 17+120 - 19+000,17120,19000,TOPOGRAFIA,19,m3,770,1,1.3,592.3076923076923,,xls-2067
2026-04-22,10,TIERRAS,3701.02.05,EXPLANACIONES,Excavaciones en material común NO APROVECHABLE,UF1,3701,tm2 pk 17+120 - 19+000,17120,19000,TOPOGRAFIA,19,m3,546,1,1.3,420,NOCTURNO,xls-2068
2026-04-22,13,TIERRAS,3701.02.07,EXPLANACIONES,Terraplenes (solo conformación),UF1,3701,tm2 pk 16+210 - 17+120,16210,17120,TOPOGRAFIA,19,m3,420,1,1.3,323.07692307692304,,xls-2069
2026-04-22,13,TIERRAS,3701.02.07,EXPLANACIONES,Terraplenes (solo conformación),UF1,3701,tm2 pk 17+120 - 19+000,17120,19000,TOPOGRAFIA,19,m3,420,1,1.3,323.07692307692304,,xls-2070
2026-04-22,13,TIERRAS,3701.02.07,EXPLANACIONES,Terraplenes (solo conformación),UF1,3701,tm2 pk 20+875 - 22+650,20875,22650,TOPOGRAFIA,19,m3,490,1,1.3,376.9230769230769,,xls-2071
2026-04-22,85,TIERRAS,3702.02.07,EXPLANACIONES,Terraplenes (solo conformación),UF2,3702,tm2 pk 34+445 - 35+700,34445,35700,TOPOGRAFIA,19,m3,700,1,1.3,538.4615384615385,,xls-2072
2026-04-22,38,DRENAJES Y ESTRUCTURAS,3701.06.09,DRENAJE TRANSVERSAL,"Concreto clase  28 MPA (encoles, descoles, box, sumideros)",UF1,3701,ODT1-036,15564,15564,CAMPO,19,m3,4,1,1,4,,xls-2073
2026-04-22,19,TIERRAS,3701.03.03,"BASES, SUBBASES Y AFIRMADOS",Base granular estabilizada con cemento (No incluye cemento),UF1,3701,tm2 pk 28+303 - 29+600,28303,29600,TOPOGRAFIA,19,m3,523.26,1,1.3,402.5076923076923,,xls-2074
2026-04-22,82,TIERRAS,3702.02.05,EXPLANACIONES,Excavaciones en material común NO APROVECHABLE,UF2,3702,tm2 pk 36+555 - 37+080,36555,37080,TOPOGRAFIA,19,m3,210,1,1,210,descapote,xls-2075
2026-04-22,78,TIERRAS,3702.02.01,EXPLANACIONES,Desmonte y limpieza en bosque,UF2,3702,tm2 pk 36+555 - 37+080,36555,37080,TOPOGRAFIA,19,Ha,2100,0.0001,1,0.21000000000000002,,xls-2076
2026-04-23,12,TIERRAS,3701.02.06,EXPLANACIONES,Excavación en material común de préstamos,UF1,3701,EL DIVISO,21500,21500,CAMPO,19,m3,196,1,1.3,150.76923076923077,,xls-2077
2026-04-23,10,TIERRAS,3701.02.05,EXPLANACIONES,Excavaciones en material común APROVECHABLE,UF1,3701,tm2 pk 19+000 - 20+875,19000,20875,CAMPO,19,m3,826,1,1.3,635.3846153846154,NOCTURNO,xls-2078
2026-04-23,10,TIERRAS,3701.02.05,EXPLANACIONES,Excavaciones en material común NO APROVECHABLE,UF1,3701,ODT1-052,20755,20755,CAMPO,19,m3,658,1,1.3,506.15384615384613,,xls-2079
2026-04-23,82,TIERRAS,3702.02.05,EXPLANACIONES,Excavaciones en material común NO APROVECHABLE,UF2,3702,tm2 pk 34+445 - 35+700,34445,35700,CAMPO,19,m3,31,1,1,31,,xls-2080
2026-04-23,82,TIERRAS,3702.02.05,EXPLANACIONES,Excavaciones en material común NO APROVECHABLE,UF2,3702,tm2 pk 36+555 - 37+080,36555,37080,CAMPO,19,m3,340,1,1.3,261.53846153846155,descapote,xls-2081
2026-04-23,13,TIERRAS,3701.02.07,EXPLANACIONES,Terraplenes (solo conformación),UF1,3701,tm2 pk 20+875 - 22+650,20875,22650,CAMPO,19,m3,826,1,1.3,635.3846153846154,NOCTURNO,xls-2082
2026-04-23,85,TIERRAS,3702.02.07,EXPLANACIONES,Terraplenes (solo conformación),UF2,3702,tm2 pk 34+445 - 35+700,34445,35700,CAMPO,19,m3,364,1,1.3,280,,xls-2083
2026-04-23,30,DRENAJES Y ESTRUCTURAS,3701.06.01,DRENAJE TRANSVERSAL,Excavaciones varias sin clasicar,UF1,3701,MSR 14+300,14300,14500,CAMPO,19,m3,11.25,1,1,11.25,,xls-2084
2026-04-23,18,TIERRAS,3701.03.01,"BASES, SUBBASES Y AFIRMADOS",Subbase Granular,UF1,3701,tm2 pk 16+210 - 17+120,16210,17120,CAMPO,19,m3,448.4,1,1.3,344.9230769230769,,xls-2085
2026-04-23,33,DRENAJES Y ESTRUCTURAS,3701.06.04,DRENAJE TRANSVERSAL,Acero de refuerzo Fy=420 Mpa.,UF1,3701,ODT1-036,15564,15564,CAMPO,19,kg,180,1,1,180,,xls-2086
2026-04-23,19,TIERRAS,3701.03.03,"BASES, SUBBASES Y AFIRMADOS",Base granular estabilizada con cemento (No incluye cemento),UF1,3701,tm2 pk 28+303 - 29+600,28303,29600,CAMPO,19,m3,561,1,1.3,431.53846153846155,,xls-2087
2026-04-23,78,TIERRAS,3702.02.01,EXPLANACIONES,Desmonte y limpieza en bosque,UF2,3702,tm2 pk 36+555 - 37+080,36555,37080,CAMPO,19,Ha,3400,0.0001,1,0.34,,xls-2088
2026-04-24,12,TIERRAS,3701.02.06,EXPLANACIONES,Excavación en material común de préstamos,UF1,3701,EL DIVISO,21500,21500,TOPOGRAFIA,19,m3,252,1,1.3,193.84615384615384,,xls-2089
2026-04-24,10,TIERRAS,3701.02.05,EXPLANACIONES,Excavaciones en material común APROVECHABLE,UF1,3701,tm2 pk 19+000 - 20+875,19000,20875,TOPOGRAFIA,19,m3,2212,1,1.3,1701.5384615384614,,xls-2090
2026-04-24,10,TIERRAS,3701.02.05,EXPLANACIONES,Excavaciones en material común APROVECHABLE,UF1,3701,tm2 pk 19+000 - 20+875,19000,20875,TOPOGRAFIA,19,m3,924,1,1.3,710.7692307692307,NOCTURNO,xls-2091
2026-04-24,10,TIERRAS,3701.02.05,EXPLANACIONES,Excavaciones en material común NO APROVECHABLE,UF1,3701,tm2 pk 17+120 - 19+000,17120,19000,TOPOGRAFIA,19,m3,784,1,1.3,603.0769230769231,,xls-2092
2026-04-24,82,TIERRAS,3702.02.05,EXPLANACIONES,Excavaciones en material común NO APROVECHABLE,UF2,3702,tm2 pk 34+445 - 35+700,34445,35700,TOPOGRAFIA,19,m3,14,1,1,14,,xls-2093
2026-04-24,82,TIERRAS,3702.02.05,EXPLANACIONES,Excavaciones en material común NO APROVECHABLE,UF2,3702,tm2 pk 36+555 - 37+080,36555,37080,TOPOGRAFIA,19,m3,170,1,1.3,130.76923076923077,descapote,xls-2094
2026-04-24,13,TIERRAS,3701.02.07,EXPLANACIONES,Terraplenes (solo conformación),UF1,3701,tm2 pk 16+210 - 17+120,16210,17120,TOPOGRAFIA,19,m3,364,1,1.3,280,,xls-2095
2026-04-24,13,TIERRAS,3701.02.07,EXPLANACIONES,Terraplenes (solo conformación),UF1,3701,tm2 pk 17+120 - 19+000,17120,19000,TOPOGRAFIA,19,m3,728,1,1.3,560,,xls-2096
2026-04-24,13,TIERRAS,3701.02.07,EXPLANACIONES,Terraplenes (solo conformación),UF1,3701,tm2 pk 20+875 - 22+650,20875,22650,TOPOGRAFIA,19,m3,1050,1,1.3,807.6923076923076,,xls-2097
2026-04-24,85,TIERRAS,3702.02.07,EXPLANACIONES,Terraplenes (solo conformación),UF2,3702,tm2 pk 34+445 - 35+700,34445,35700,TOPOGRAFIA,19,m3,239,1,1.3,183.84615384615384,,xls-2098
2026-04-24,85,TIERRAS,3702.02.07,EXPLANACIONES,Terraplenes (solo conformación),UF2,3702,tm2 pk 36+555 - 37+080,36555,37080,TOPOGRAFIA,19,m3,126,1,1.3,96.92307692307692,,xls-2099
2026-04-24,13,TIERRAS,3701.02.07,EXPLANACIONES,Terraplenes (solo conformación),UF1,3701,tm2 pk 20+875 - 22+650,20875,22650,TOPOGRAFIA,19,m3,924,1,1.3,710.7692307692307,NOCTURNO,xls-2100
2026-04-24,154,TIERRAS,3701.05.09,ESTRUCTURAS,Geotextil tejido uniaxial de 2890 n (método grab md),UF1,3701,MSR 14+300,14300,14500,CAMPO,19,M2,97,1,1,97,,xls-2101
2026-04-24,150,TIERRAS,3701.05.05,ESTRUCTURAS,Material granular drenante MSR,UF1,3701,MSR 14+300,14300,14500,CAMPO,19,M3,20,1,1,20,,xls-2102
2026-04-24,148,TIERRAS,3701.05.03,ESTRUCTURAS,"Tubería PVC d=4"" para drenaje perforada MSR",UF1,3701,MSR 14+300,14300,14500,CAMPO,19,M,12,1,1,12,,xls-2103
2026-04-24,41,DRENAJES Y ESTRUCTURAS,3701.06.12,DRENAJE TRANSVERSAL,Geodrén vial h=1 m con tubería de 100 mm,UF1,3701,ODT1-025,14363,14363,CAMPO,19,m,25.98,1,1,25.98,,xls-2104
2026-04-24,42,DRENAJES Y ESTRUCTURAS,3701.06.13,DRENAJE TRANSVERSAL,Geodrén planar h=1 m,UF1,3701,ODT1-025,14363,14363,CAMPO,19,m2,25.98,1,1,25.98,,xls-2105
2026-04-24,18,TIERRAS,3701.03.01,"BASES, SUBBASES Y AFIRMADOS",Subbase Granular,UF1,3701,tm2 pk 16+210 - 17+120,16210,17120,TOPOGRAFIA,19,m3,148.2,1,1.3,113.99999999999999,,xls-2106
2026-04-24,19,TIERRAS,3701.03.03,"BASES, SUBBASES Y AFIRMADOS",Base granular estabilizada con cemento (No incluye cemento),UF1,3701,tm2 pk 28+303 - 29+600,28303,29600,TOPOGRAFIA,19,m3,531.43,1,1.3,408.79230769230765,,xls-2107
2026-04-24,78,TIERRAS,3702.02.01,EXPLANACIONES,Desmonte y limpieza en bosque,UF2,3702,tm2 pk 36+555 - 37+080,36555,37080,TOPOGRAFIA,19,Ha,1700,0.0001,1,0.17,,xls-2108
2026-04-25,6,TIERRAS,3701.02.01,EXPLANACIONES,Desmonte y limpieza en bosque,UF1,3701,tm2 pk 19+000 - 20+875,19000,20875,TOPOGRAFIA,19,Ha,1400,0.0001,1,0.14,,xls-2109
2026-04-25,78,TIERRAS,3702.02.01,EXPLANACIONES,Desmonte y limpieza en bosque,UF2,3702,tm2 pk 36+555 - 37+080,36555,37080,TOPOGRAFIA,19,Ha,2800,0.0001,1,0.28,,xls-2110
2026-04-25,10,TIERRAS,3701.02.05,EXPLANACIONES,Excavaciones en material común APROVECHABLE,UF1,3701,tm2 pk 19+000 - 20+875,19000,20875,TOPOGRAFIA,19,m3,504,1,1.3,387.6923076923077,,xls-2111
2026-04-25,85,TIERRAS,3702.02.07,EXPLANACIONES,Terraplenes (solo conformación),UF2,3702,tm2 pk 34+445 - 35+700,34445,35700,TOPOGRAFIA,19,m3,210,1,1.3,161.53846153846152,,xls-2112
2026-04-25,85,TIERRAS,3702.02.07,EXPLANACIONES,Terraplenes (solo conformación),UF2,3702,tm2 pk 36+555 - 37+080,36555,37080,TOPOGRAFIA,19,m3,294,1,1.3,226.15384615384613,,xls-2113
2026-04-27,12,TIERRAS,3701.02.06,EXPLANACIONES,Excavación en material común de préstamos,UF1,3701,EL DIVISO,21500,21500,TOPOGRAFIA,19,m3,504,1,1.3,387.6923076923077,,xls-2114
2026-04-27,10,TIERRAS,3701.02.05,EXPLANACIONES,Excavaciones en material común APROVECHABLE,UF1,3701,tm2 pk 19+000 - 20+875,19000,20875,TOPOGRAFIA,19,m3,644,1,1.3,495.38461538461536,,xls-2115
2026-04-27,10,TIERRAS,3701.02.05,EXPLANACIONES,Excavaciones en material común APROVECHABLE,UF1,3701,tm2 pk 19+000 - 20+875,19000,20875,TOPOGRAFIA,19,m3,868,1,1.3,667.6923076923076,NOCTURNO,xls-2116
2026-04-27,10,TIERRAS,3701.02.05,EXPLANACIONES,Excavaciones en material común NO APROVECHABLE,UF1,3701,ODT1-057,21386,21386,TOPOGRAFIA,19,m3,70,1,1.3,53.84615384615385,,xls-2117
2026-04-27,82,TIERRAS,3702.02.05,EXPLANACIONES,Excavaciones en material común NO APROVECHABLE,UF2,3702,tm2 pk 34+445 - 35+700,34445,35700,TOPOGRAFIA,19,m3,50,8,1,400,,xls-2118
2026-04-27,13,TIERRAS,3701.02.07,EXPLANACIONES,Terraplenes (solo conformación),UF1,3701,tm2 pk 16+210 - 17+120,16210,17120,TOPOGRAFIA,19,m3,308,1,1.3,236.9230769230769,,xls-2119
2026-04-27,13,TIERRAS,3701.02.07,EXPLANACIONES,Terraplenes (solo conformación),UF1,3701,tm2 pk 20+875 - 22+650,20875,22650,TOPOGRAFIA,19,m3,294,1,1.3,226.15384615384613,,xls-2120
2026-04-27,85,TIERRAS,3702.02.07,EXPLANACIONES,Terraplenes (solo conformación),UF2,3702,tm2 pk 36+555 - 37+080,36555,37080,TOPOGRAFIA,19,m3,252,1,1.3,193.84615384615384,,xls-2121
2026-04-27,85,TIERRAS,3702.02.07,EXPLANACIONES,Terraplenes (solo conformación),UF2,3702,tm2 pk 34+445 - 35+700,34445,35700,TOPOGRAFIA,19,m3,367,1,1.3,282.3076923076923,,xls-2122
2026-04-27,13,TIERRAS,3701.02.07,EXPLANACIONES,Terraplenes (solo conformación),UF1,3701,tm2 pk 20+875 - 22+650,20875,22650,TOPOGRAFIA,19,m3,868,1,1.3,667.6923076923076,NOCTURNO,xls-2123
2026-04-27,78,TIERRAS,3702.02.01,EXPLANACIONES,Desmonte y limpieza en bosque,UF2,3702,tm2 pk 36+555 - 37+080,36555,37080,TOPOGRAFIA,19,Ha,3200,0.0001,1,0.32,,xls-2124
2026-04-28,12,TIERRAS,3701.02.06,EXPLANACIONES,Excavación en material común de préstamos,UF1,3701,EL DIVISO,21500,21500,TOPOGRAFIA,19,m3,259,1,1.3,199.23076923076923,,xls-2125
2026-04-28,10,TIERRAS,3701.02.05,EXPLANACIONES,Excavaciones en material común APROVECHABLE,UF1,3701,tm2 pk 19+000 - 20+875,19000,20875,TOPOGRAFIA,19,m3,518,1,1.3,398.46153846153845,NOCTURNO,xls-2126
2026-04-28,6,TIERRAS,3701.02.01,EXPLANACIONES,Desmonte y limpieza en bosque,UF1,3701,tm2 pk 19+000 - 20+875,19000,20875,TOPOGRAFIA,19,Ha,1250,0.0001,1,0.125,,xls-2127
2026-04-28,6,TIERRAS,3701.02.01,EXPLANACIONES,Desmonte y limpieza en bosque,UF1,3701,tm2 pk 14+225 - 14+635,14225,14635,TOPOGRAFIA,19,Ha,1100,0.0001,1,0.11,,xls-2128
2026-04-28,10,TIERRAS,3701.02.05,EXPLANACIONES,Excavaciones en material común NO APROVECHABLE,UF1,3701,tm2 pk 19+000 - 20+875,19000,20875,TOPOGRAFIA,19,m3,375,1,1.3,288.46153846153845,descapote,xls-2129
2026-04-28,10,TIERRAS,3701.02.05,EXPLANACIONES,Excavaciones en material común NO APROVECHABLE,UF1,3701,tm2 pk 14+225 - 14+635,14225,14635,TOPOGRAFIA,19,m3,330,1,1.3,253.84615384615384,descapote,xls-2130
2026-04-28,85,TIERRAS,3702.02.07,EXPLANACIONES,Terraplenes (solo conformación),UF2,3702,tm2 pk 34+445 - 35+700,34445,35700,TOPOGRAFIA,19,m3,315,1,1.3,242.3076923076923,,xls-2131
2026-04-28,13,TIERRAS,3701.02.07,EXPLANACIONES,Terraplenes (solo conformación),UF1,3701,tm2 pk 17+120 - 19+000,17120,19000,TOPOGRAFIA,19,m3,518,1,1.3,398.46153846153845,NOCTURNO,xls-2132
2026-04-27,19,TIERRAS,3701.03.03,"BASES, SUBBASES Y AFIRMADOS",Base granular estabilizada con cemento (No incluye cemento),UF1,3701,tm2 pk 28+303 - 29+600,28303,29600,TOPOGRAFIA,19,m3,496.41,1,1.3,381.8538461538462,,xls-2133
2026-04-28,19,TIERRAS,3701.03.03,"BASES, SUBBASES Y AFIRMADOS",Base granular estabilizada con cemento (No incluye cemento),UF1,3701,tm2 pk 28+303 - 29+600,28303,29600,TOPOGRAFIA,19,m3,503.09,1,1.3,386.99230769230763,,xls-2134
2026-04-29,12,TIERRAS,3701.02.06,EXPLANACIONES,Excavación en material común de préstamos,UF1,3701,EL DIVISO,21500,21500,TOPOGRAFIA,19,m3,826,1,1.3,635.3846153846154,,xls-2135
2026-04-29,10,TIERRAS,3701.02.05,EXPLANACIONES,Excavaciones en material común APROVECHABLE,UF1,3701,tm2 pk 19+000 - 20+875,19000,20875,TOPOGRAFIA,19,m3,1512,1,1.3,1163.076923076923,,xls-2136
2026-04-29,10,TIERRAS,3701.02.05,EXPLANACIONES,Excavaciones en material común APROVECHABLE,UF1,3701,tm2 pk 19+000 - 20+875,19000,20875,TOPOGRAFIA,19,m3,448,1,1.3,344.6153846153846,NOCTURNO,xls-2137
2026-04-29,6,TIERRAS,3701.02.01,EXPLANACIONES,Desmonte y limpieza en bosque,UF1,3701,tm2 pk 19+000 - 20+875,19000,20875,TOPOGRAFIA,19,Ha,60,0.0001,1,0.006,,xls-2138
2026-04-29,6,TIERRAS,3701.02.01,EXPLANACIONES,Desmonte y limpieza en bosque,UF1,3701,tm2 pk 14+225 - 14+635,14225,14635,TOPOGRAFIA,19,Ha,1980,0.0001,1,0.198,,xls-2139
2026-04-29,10,TIERRAS,3701.02.05,EXPLANACIONES,Excavaciones en material común NO APROVECHABLE,UF1,3701,tm2 pk 19+000 - 20+875,19000,20875,TOPOGRAFIA,19,m3,450,1,1.3,346.15384615384613,descapote,xls-2140
2026-04-29,10,TIERRAS,3701.02.05,EXPLANACIONES,Excavaciones en material común NO APROVECHABLE,UF1,3701,tm2 pk 14+225 - 14+635,14225,14635,TOPOGRAFIA,19,m3,594,1,1.3,456.9230769230769,descapote,xls-2141
2026-04-29,149,TIERRAS,3701.05.04,ESTRUCTURAS,Relleno para muros de tierra MSR,UF1,3701,MSR 14+300,14300,14500,TOPOGRAFIA,19,M3,10,1,1,10,,xls-2142
2026-04-29,13,TIERRAS,3701.02.07,EXPLANACIONES,Terraplenes (solo conformación),UF1,3701,tm2 pk 17+120 - 19+000,17120,19000,TOPOGRAFIA,19,m3,448,1,1.3,344.6153846153846,NOCTURNO,xls-2143
2026-04-29,13,TIERRAS,3701.02.07,EXPLANACIONES,Terraplenes (solo conformación),UF1,3701,tm2 pk 16+210 - 17+120,16210,17120,TOPOGRAFIA,19,m3,616,1,1.3,473.8461538461538,,xls-2144
2026-04-29,13,TIERRAS,3701.02.07,EXPLANACIONES,Terraplenes (solo conformación),UF1,3701,tm2 pk 17+120 - 19+000,17120,19000,TOPOGRAFIA,19,m3,322,1,1.3,247.69230769230768,,xls-2145
2026-04-29,13,TIERRAS,3701.02.07,EXPLANACIONES,Terraplenes (solo conformación),UF1,3701,tm2 pk 20+875 - 22+650,20875,22650,TOPOGRAFIA,19,m3,476,1,1.3,366.15384615384613,,xls-2146
2026-04-29,85,TIERRAS,3702.02.07,EXPLANACIONES,Terraplenes (solo conformación),UF2,3702,tm2 pk 34+445 - 35+700,34445,35700,TOPOGRAFIA,19,m3,233,1,1.3,179.23076923076923,,xls-2147
2026-04-29,85,TIERRAS,3702.02.07,EXPLANACIONES,Terraplenes (solo conformación),UF2,3702,tm2 pk 36+555 - 37+080,36555,37080,TOPOGRAFIA,19,m3,826,1,1.3,635.3846153846154,,xls-2148
2026-04-29,19,TIERRAS,3701.03.03,"BASES, SUBBASES Y AFIRMADOS",Base granular estabilizada con cemento (No incluye cemento),UF1,3701,tm2 pk 28+303 - 29+600,28303,29600,TOPOGRAFIA,19,m3,553.44,1,1.3,425.723076923077,,xls-2149
2026-04-29,23,PAVIMENTOS,3701.04.01,PAVIMENTOS ASFALTICOS,Riego de imprimación con emulsión asfáltica,UF1,3701,tm2 pk 28+303 - 29+600,28303,29600,TOPOGRAFIA,19,m2,6000,1,1,6000,,xls-2150
2026-04-22,59,DRENAJES Y ESTRUCTURAS,3701.07.01,DRENAJE LONGITUDINAL,Excavaciones varias sin clasicar ODL,UF1,3701,tm2 pk 12+822 - 14+225,12822,14225,CAMPO,19,m3,30,1,1,30,,xls-2151
2026-04-22,33,DRENAJES Y ESTRUCTURAS,3701.06.04,DRENAJE TRANSVERSAL,Acero de refuerzo Fy=420 Mpa.,UF1,3701,ODT1-039,17717,17717,CAMPO,19,kg,129,1,1,129,,xls-2152
2026-04-22,33,DRENAJES Y ESTRUCTURAS,3701.06.04,DRENAJE TRANSVERSAL,Acero de refuerzo Fy=420 Mpa.,UF1,3701,ODT1-040,17963,17963,CAMPO,19,kg,158,1,1,158,,xls-2153
2026-04-22,36,DRENAJES Y ESTRUCTURAS,3701.06.07,DRENAJE TRANSVERSAL,"Concreto clase 14 MPA (solados, estructuras)",UF1,3701,ODT1-041,18827,18827,CAMPO,19,m3,1,1,1,1,,xls-2154
2026-04-22,2,DRENAJES Y ESTRUCTURAS,3701.01.02,DEMOLICIONES Y REUBICACIONES,Demolición de Estructuras,UF1,3701,ODT1-041,18827,18827,CAMPO,19,m3,0.15,1,1,0.15,,xls-2155
2026-04-22,38,DRENAJES Y ESTRUCTURAS,3701.06.09,DRENAJE TRANSVERSAL,"Concreto clase  28 MPA (encoles, descoles, box, sumideros)",UF1,3701,ODT1-042,19072,19072,CAMPO,19,m3,3.5,1,1,3.5,,xls-2156
2026-04-22,38,DRENAJES Y ESTRUCTURAS,3701.06.09,DRENAJE TRANSVERSAL,"Concreto clase  28 MPA (encoles, descoles, box, sumideros)",UF1,3701,ODT1-056,21676,21676,CAMPO,19,m3,2.5,1,1,2.5,,xls-2157
2026-04-22,36,DRENAJES Y ESTRUCTURAS,3701.06.07,DRENAJE TRANSVERSAL,"Concreto clase 14 MPA (solados, estructuras)",UF1,3701,ODT1-057,21386,21386,CAMPO,19,m3,8,1,1,8,,xls-2158
2026-04-23,59,DRENAJES Y ESTRUCTURAS,3701.07.01,DRENAJE LONGITUDINAL,Excavaciones varias sin clasicar ODL,UF1,3701,tm2 pk 12+822 - 14+225,12822,14225,CAMPO,19,m3,20.85,1,1,20.85,,xls-2159
2026-04-23,33,DRENAJES Y ESTRUCTURAS,3701.06.04,DRENAJE TRANSVERSAL,Acero de refuerzo Fy=420 Mpa.,UF1,3701,ODT1-039,17717,17717,CAMPO,19,kg,119,1,1,119,,xls-2160
2026-04-23,30,DRENAJES Y ESTRUCTURAS,3701.06.01,DRENAJE TRANSVERSAL,Excavaciones varias sin clasicar,UF1,3701,ODT1-041,18827,18827,CAMPO,19,m3,0.9,1,1,0.9,,xls-2161
2026-04-23,2,DRENAJES Y ESTRUCTURAS,3701.01.02,DEMOLICIONES Y REUBICACIONES,Demolición de Estructuras,UF1,3701,ODT1-041,18827,18827,CAMPO,19,m3,1,1,1,1,,xls-2162
2026-04-24,59,DRENAJES Y ESTRUCTURAS,3701.07.01,DRENAJE LONGITUDINAL,Excavaciones varias sin clasicar ODL,UF1,3701,tm2 pk 12+822 - 14+225,12822,14225,CAMPO,19,m3,20,1,1,20,,xls-2163
2026-04-24,33,DRENAJES Y ESTRUCTURAS,3701.06.04,DRENAJE TRANSVERSAL,Acero de refuerzo Fy=420 Mpa.,UF1,3701,ODT1-039,17717,17717,CAMPO,19,kg,219,1,1,219,,xls-2164
2026-04-24,38,DRENAJES Y ESTRUCTURAS,3701.06.09,DRENAJE TRANSVERSAL,"Concreto clase  28 MPA (encoles, descoles, box, sumideros)",UF1,3701,ODT1-040,17963,17963,CAMPO,19,m3,3.5,1,1,3.5,,xls-2165
2026-04-24,38,DRENAJES Y ESTRUCTURAS,3701.06.09,DRENAJE TRANSVERSAL,"Concreto clase  28 MPA (encoles, descoles, box, sumideros)",UF1,3701,ODT1-041,18827,18827,CAMPO,19,m3,3,1,1,3,,xls-2166
2026-04-25,59,DRENAJES Y ESTRUCTURAS,3701.07.01,DRENAJE LONGITUDINAL,Excavaciones varias sin clasicar ODL,UF1,3701,tm2 pk 12+822 - 14+225,12822,14225,CAMPO,19,m3,20,1,1,20,,xls-2167
2026-04-25,33,DRENAJES Y ESTRUCTURAS,3701.06.04,DRENAJE TRANSVERSAL,Acero de refuerzo Fy=420 Mpa.,UF1,3701,ODT1-041,18827,18827,CAMPO,19,kg,71,1,1,71,,xls-2168
2026-04-25,33,DRENAJES Y ESTRUCTURAS,3701.06.04,DRENAJE TRANSVERSAL,Acero de refuerzo Fy=420 Mpa.,UF1,3701,ODT1-040,17963,17963,CAMPO,19,kg,90,1,1,90,,xls-2169
2026-04-25,33,DRENAJES Y ESTRUCTURAS,3701.06.04,DRENAJE TRANSVERSAL,Acero de refuerzo Fy=420 Mpa.,UF1,3701,ODT1-041,18827,18827,CAMPO,19,kg,120,1,1,120,,xls-2170
2026-04-25,30,DRENAJES Y ESTRUCTURAS,3701.06.01,DRENAJE TRANSVERSAL,Excavaciones varias sin clasicar,UF1,3701,ODT1-052,20755,20755,CAMPO,19,m3,0.5,1,1,0.5,,xls-2171
2026-04-25,33,DRENAJES Y ESTRUCTURAS,3701.06.04,DRENAJE TRANSVERSAL,Acero de refuerzo Fy=420 Mpa.,UF1,3701,ODT1-052,20755,20755,CAMPO,19,kg,800,1,1,800,,xls-2172
2026-04-27,59,DRENAJES Y ESTRUCTURAS,3701.07.01,DRENAJE LONGITUDINAL,Excavaciones varias sin clasicar ODL,UF1,3701,tm2 pk 12+822 - 14+225,12822,14225,CAMPO,19,m3,14,1,1,14,,xls-2173
2026-04-27,33,DRENAJES Y ESTRUCTURAS,3701.06.04,DRENAJE TRANSVERSAL,Acero de refuerzo Fy=420 Mpa.,UF1,3701,ODT1-040,17963,17963,CAMPO,19,kg,141,1,1,141,,xls-2174
2026-04-27,33,DRENAJES Y ESTRUCTURAS,3701.06.04,DRENAJE TRANSVERSAL,Acero de refuerzo Fy=420 Mpa.,UF1,3701,ODT1-041,18827,18827,CAMPO,19,kg,186,1,1,186,,xls-2175
2026-04-27,34,DRENAJES Y ESTRUCTURAS,3701.06.05,DRENAJE TRANSVERSAL,Tubería de Concreto Reforzado de 900mm de diámetro interior (Tipo III),UF1,3701,ODT1-051,20624,20624,CAMPO,19,m,0,1,1,0,,xls-2176
2026-04-27,36,DRENAJES Y ESTRUCTURAS,3701.06.07,DRENAJE TRANSVERSAL,"Concreto clase 14 MPA (solados, estructuras)",UF1,3701,ODT1-041,18827,18827,CAMPO,19,m3,0.75,1,1,0.75,,xls-2177
2026-04-27,38,DRENAJES Y ESTRUCTURAS,3701.06.09,DRENAJE TRANSVERSAL,"Concreto clase  28 MPA (encoles, descoles, box, sumideros)",UF1,3701,ODT1-042,19072,19072,CAMPO,19,m3,3.5,1,1,3.5,,xls-2178
2026-04-27,38,DRENAJES Y ESTRUCTURAS,3701.06.09,DRENAJE TRANSVERSAL,"Concreto clase  28 MPA (encoles, descoles, box, sumideros)",UF1,3701,ODT1-052,20755,20755,CAMPO,19,m3,18,1,1,18,,xls-2179
2026-04-27,33,DRENAJES Y ESTRUCTURAS,3701.06.04,DRENAJE TRANSVERSAL,Acero de refuerzo Fy=420 Mpa.,UF1,3701,ODT1-052,20755,20755,CAMPO,19,kg,1000,1,1,1000,,xls-2180
2026-04-27,38,DRENAJES Y ESTRUCTURAS,3701.06.09,DRENAJE TRANSVERSAL,"Concreto clase  28 MPA (encoles, descoles, box, sumideros)",UF1,3701,ODT1-056,21676,21676,CAMPO,19,m3,5.3,1,1,5.3,,xls-2181
2026-04-28,59,DRENAJES Y ESTRUCTURAS,3701.07.01,DRENAJE LONGITUDINAL,Excavaciones varias sin clasicar ODL,UF1,3701,tm2 pk 12+822 - 14+225,12822,14225,CAMPO,19,m3,10,1,1,10,,xls-2182
2026-04-28,38,DRENAJES Y ESTRUCTURAS,3701.06.09,DRENAJE TRANSVERSAL,"Concreto clase  28 MPA (encoles, descoles, box, sumideros)",UF1,3701,ODT1-039,17717,17717,CAMPO,19,m3,4.5,1,1,4.5,,xls-2183
2026-04-28,33,DRENAJES Y ESTRUCTURAS,3701.06.04,DRENAJE TRANSVERSAL,Acero de refuerzo Fy=420 Mpa.,UF1,3701,ODT1-041,18827,18827,CAMPO,19,kg,36,1,1,36,,xls-2184
2026-04-28,33,DRENAJES Y ESTRUCTURAS,3701.06.04,DRENAJE TRANSVERSAL,Acero de refuerzo Fy=420 Mpa.,UF1,3701,ODT1-052,20755,20755,CAMPO,19,kg,1400,1,1,1400,,xls-2185
2026-04-28,33,DRENAJES Y ESTRUCTURAS,3701.06.04,DRENAJE TRANSVERSAL,Acero de refuerzo Fy=420 Mpa.,UF1,3701,ODT1-056,21676,21676,CAMPO,19,kg,80,1,1,80,,xls-2186
2026-04-29,59,DRENAJES Y ESTRUCTURAS,3701.07.01,DRENAJE LONGITUDINAL,Excavaciones varias sin clasicar ODL,UF1,3701,tm2 pk 12+822 - 14+225,12822,14225,CAMPO,19,m3,10,1,1,10,,xls-2187
2026-04-29,30,DRENAJES Y ESTRUCTURAS,3701.06.01,DRENAJE TRANSVERSAL,Excavaciones varias sin clasicar,UF1,3701,ODT1-051,20624,20624,CAMPO,19,m3,188,1,1,188,,xls-2188
2026-04-29,38,DRENAJES Y ESTRUCTURAS,3701.06.09,DRENAJE TRANSVERSAL,"Concreto clase  28 MPA (encoles, descoles, box, sumideros)",UF1,3701,ODT1-052,20755,20755,CAMPO,19,m3,11,1,1,11,,xls-2189
2026-04-29,33,DRENAJES Y ESTRUCTURAS,3701.06.04,DRENAJE TRANSVERSAL,Acero de refuerzo Fy=420 Mpa.,UF1,3701,ODT1-052,20755,20755,CAMPO,19,kg,350,1,1,350,,xls-2190
2026-04-29,2,DRENAJES Y ESTRUCTURAS,3701.01.02,DEMOLICIONES Y REUBICACIONES,Demolición de Estructuras,UF1,3701,ODT1-056,21676,21676,CAMPO,19,m3,1,1,1,1,,xls-2191
2026-04-29,38,DRENAJES Y ESTRUCTURAS,3701.06.09,DRENAJE TRANSVERSAL,"Concreto clase  28 MPA (encoles, descoles, box, sumideros)",UF1,3701,ODT1-056,21676,21676,CAMPO,19,m3,3.5,1,1,3.5,,xls-2192
2026-04-29,69,DRENAJES Y ESTRUCTURAS,3701.07.10,DRENAJE LONGITUDINAL,Tubería de Concreto Reforzado de 600 mm de diámetro interior ODL,UF1,3701,tm2 pk 12+822 - 14+225,12822,14225,CAMPO,19,m,15,1,1,15,,xls-2193
2026-04-29,67,DRENAJES Y ESTRUCTURAS,3701.07.08,DRENAJE LONGITUDINAL,Acero de refuerzo Fy=420 Mpa. ODL,UF1,3701,tm2 pk 12+822 - 14+225,12822,14225,CAMPO,19,kg,950,1,1,950,,xls-2194
2026-04-29,63,DRENAJES Y ESTRUCTURAS,3701.07.05,DRENAJE LONGITUDINAL,Concreto clase 28 MPA (Sumideros) ODL,UF1,3701,tm2 pk 12+822 - 14+225,12822,14225,CAMPO,19,m3,3.2,1,1,3.2,,xls-2195
2026-04-29,65,DRENAJES Y ESTRUCTURAS,3701.07.07,DRENAJE LONGITUDINAL,Concreto clase 14 MPA (solados) ODL,UF1,3701,tm2 pk 12+822 - 14+225,12822,14225,CAMPO,19,m3,4.3,1,1,4.3,,xls-2196
2026-04-30,12,TIERRAS,3701.02.06,EXPLANACIONES,Excavación en material común de préstamos,UF1,3701,EL DIVISO,21500,21500,TOPOGRAFIA,19,m3,1330,1,1.3,1023.0769230769231,,xls-2197
2026-04-30,10,TIERRAS,3701.02.05,EXPLANACIONES,Excavaciones en material común APROVECHABLE,UF1,3701,tm2 pk 19+000 - 20+875,19000,20875,TOPOGRAFIA,19,m3,994,1,1.3,764.6153846153846,,xls-2198
2026-04-30,6,TIERRAS,3701.02.01,EXPLANACIONES,Desmonte y limpieza en bosque,UF1,3701,tm2 pk 14+225 - 14+635,14225,14635,TOPOGRAFIA,19,Ha,1000,0.0001,1,0.1,,xls-2199
2026-04-30,13,TIERRAS,3701.02.07,EXPLANACIONES,Terraplenes (solo conformación),UF1,3701,tm2 pk 16+210 - 17+120,16210,17120,TOPOGRAFIA,19,m3,308,1,1.3,236.9230769230769,,xls-2200
2026-04-30,85,TIERRAS,3702.02.07,EXPLANACIONES,Terraplenes (solo conformación),UF2,3702,tm2 pk 36+555 - 37+080,36555,37080,TOPOGRAFIA,19,m3,918,1,1.3,706.1538461538461,,xls-2201
2026-04-30,85,TIERRAS,3702.02.07,EXPLANACIONES,Terraplenes (solo conformación),UF2,3702,tm2 pk 34+445 - 35+700,34445,35700,TOPOGRAFIA,19,m3,521,1,1.3,400.7692307692308,,xls-2202
2026-04-30,13,TIERRAS,3701.02.07,EXPLANACIONES,Terraplenes (solo conformación),UF1,3701,tm2 pk 20+875 - 22+650,20875,22650,TOPOGRAFIA,19,m3,672,1,1.3,516.9230769230769,,xls-2203
2026-04-30,38,DRENAJES Y ESTRUCTURAS,3701.06.09,DRENAJE TRANSVERSAL,"Concreto clase  28 MPA (encoles, descoles, box, sumideros)",UF1,3701,ODT1-036,15564,15564,CAMPO,19,m3,3.2,1,1,3.2,,xls-2204
2026-05-04,6,TIERRAS,3701.02.01,EXPLANACIONES,Desmonte y limpieza en bosque,UF1,3701,tm2 pk 17+120 - 19+000,17120,19000,TOPOGRAFIA,19,Ha,1500,0.0001,1,0.15,,xls-2205
2026-05-04,10,TIERRAS,3701.02.05,EXPLANACIONES,Excavaciones en material común NO APROVECHABLE,UF1,3701,tm2 pk 17+120 - 19+000,17120,19000,TOPOGRAFIA,19,m3,450,1,1.3,346.15384615384613,,xls-2206
2026-05-04,85,TIERRAS,3702.02.07,EXPLANACIONES,Terraplenes (solo conformación),UF2,3702,tm2 pk 34+445 - 35+700,34445,35700,TOPOGRAFIA,19,m3,240,1,1,240,,xls-2207
2026-05-04,152,TIERRAS,3701.05.07,ESTRUCTURAS,Geomalla tejida uniaxial de 115 kn/m (método md),UF1,3701,MSR 14+300,14300,14500,CAMPO,19,M2,42,1,1,42,,xls-2208
2026-05-04,149,TIERRAS,3701.05.04,ESTRUCTURAS,Relleno para muros de tierra MSR,UF1,3701,MSR 14+300,14300,14500,CAMPO,19,M3,20,1,1,20,,xls-2209
2026-05-04,156,TIERRAS,3701.05.11,ESTRUCTURAS,Geobolsas de geotextil (propybag) MSR,UF1,3701,MSR 14+300,14300,14500,CAMPO,19,UND,30,1,1,30,,xls-2210
2026-05-04,19,TIERRAS,3701.03.03,"BASES, SUBBASES Y AFIRMADOS",Base granular estabilizada con cemento (No incluye cemento),UF1,3701,tm2 pk 28+303 - 29+600,28303,29600,TOPOGRAFIA,19,m3,360.1,1,1.3,277,,xls-2211
2026-05-05,12,TIERRAS,3701.02.06,EXPLANACIONES,Excavación en material común de préstamos,UF1,3701,EL DIVISO,21500,21500,TOPOGRAFIA,19,m3,1233,1,1.3,948.4615384615385,,xls-2212
2026-05-05,10,TIERRAS,3701.02.05,EXPLANACIONES,Excavaciones en material común APROVECHABLE,UF1,3701,tm2 pk 16+210 - 17+120,16210,17120,TOPOGRAFIA,19,m3,574,1,1.3,441.53846153846155,,xls-2213
2026-05-05,10,TIERRAS,3701.02.05,EXPLANACIONES,Excavaciones en material común NO APROVECHABLE,UF1,3701,tm2 pk 17+120 - 19+000,17120,19000,TOPOGRAFIA,19,m3,855,1,1.3,657.6923076923076,,xls-2214
2026-05-05,85,TIERRAS,3702.02.07,EXPLANACIONES,Terraplenes (solo conformación),UF2,3702,tm2 pk 36+555 - 37+080,36555,37080,TOPOGRAFIA,19,m3,949,1,1.3,730,,xls-2215
2026-05-05,85,TIERRAS,3702.02.07,EXPLANACIONES,Terraplenes (solo conformación),UF2,3702,tm2 pk 34+445 - 35+700,34445,35700,TOPOGRAFIA,19,m3,412,1,1.3,316.9230769230769,,xls-2216
2026-05-05,13,TIERRAS,3701.02.07,EXPLANACIONES,Terraplenes (solo conformación),UF1,3701,tm2 pk 16+210 - 17+120,16210,17120,TOPOGRAFIA,19,m3,574,1,1.3,441.53846153846155,,xls-2217
2026-05-05,152,TIERRAS,3701.05.07,ESTRUCTURAS,Geomalla tejida uniaxial de 115 kn/m (método md),UF1,3701,MSR 14+300,14300,14500,CAMPO,19,M2,36,1,1,36,,xls-2218
2026-05-05,156,TIERRAS,3701.05.11,ESTRUCTURAS,Geobolsas de geotextil (propybag) MSR,UF1,3701,MSR 14+300,14300,14500,CAMPO,19,UND,25,1,1,25,,xls-2219
2026-05-05,149,TIERRAS,3701.05.04,ESTRUCTURAS,Relleno para muros de tierra MSR,UF1,3701,MSR 14+300,14300,14500,CAMPO,19,M3,28,1,1,28,,xls-2220
2026-05-05,19,TIERRAS,3701.03.03,"BASES, SUBBASES Y AFIRMADOS",Base granular estabilizada con cemento (No incluye cemento),UF1,3701,tm2 pk 28+303 - 29+600,28303,29600,TOPOGRAFIA,19,m3,378.89,1,1.3,291.45384615384614,,xls-2221
2026-05-05,34,DRENAJES Y ESTRUCTURAS,3701.06.05,DRENAJE TRANSVERSAL,Tubería de Concreto Reforzado de 900mm de diámetro interior (Tipo III),UF1,3701,ODT1-036,15564,15564,CAMPO,19,m,5,1,1,5,,xls-2222
2026-05-05,36,DRENAJES Y ESTRUCTURAS,3701.06.07,DRENAJE TRANSVERSAL,"Concreto clase 14 MPA (solados, estructuras)",UF1,3701,ODT1-036,15564,15564,CAMPO,19,m3,4.5,1,1,4.5,,xls-2223
2026-05-06,12,TIERRAS,3701.02.06,EXPLANACIONES,Excavación en material común de préstamos,UF1,3701,EL DIVISO,21500,21500,TOPOGRAFIA,19,m3,826,1,1.3,635.3846153846154,,xls-2224
2026-05-06,10,TIERRAS,3701.02.05,EXPLANACIONES,Excavaciones en material común APROVECHABLE,UF1,3701,tm2 pk 16+210 - 17+120,16210,17120,TOPOGRAFIA,19,m3,238,1,1.3,183.07692307692307,,xls-2225
2026-05-06,10,TIERRAS,3701.02.05,EXPLANACIONES,Excavaciones en material común NO APROVECHABLE,UF1,3701,tm2 pk 17+120 - 19+000,17120,19000,TOPOGRAFIA,19,m3,616,1,1.3,473.8461538461538,,xls-2226
2026-05-06,10,TIERRAS,3701.02.05,EXPLANACIONES,Excavaciones en material común NO APROVECHABLE,UF1,3701,tm2 pk 16+210 - 17+120,16210,17120,TOPOGRAFIA,19,m3,280,1,1.3,215.3846153846154,,xls-2227
2026-05-06,85,TIERRAS,3702.02.07,EXPLANACIONES,Terraplenes (solo conformación),UF2,3702,tm2 pk 36+555 - 37+080,36555,37080,TOPOGRAFIA,19,m3,602,1,1.3,463.07692307692304,,xls-2228
2026-05-06,85,TIERRAS,3702.02.07,EXPLANACIONES,Terraplenes (solo conformación),UF2,3702,tm2 pk 34+445 - 35+700,34445,35700,TOPOGRAFIA,19,m3,224,1,1.3,172.3076923076923,,xls-2229
2026-05-06,13,TIERRAS,3701.02.07,EXPLANACIONES,Terraplenes (solo conformación),UF1,3701,tm2 pk 16+210 - 17+120,16210,17120,TOPOGRAFIA,19,m3,238,1,1.3,183.07692307692307,,xls-2230
2026-05-06,91,TIERRAS,3702.03.03,"BASES, SUBBASES Y AFIRMADOS",Base granular estabilizada con cemento (No incluye cemento),UF2,3702,tm2 pk 32+508 - 33+090,32508,33090,TOPOGRAFIA,19,m3,366.6,1,1.3,282,,xls-2231
2026-05-06,34,DRENAJES Y ESTRUCTURAS,3701.06.05,DRENAJE TRANSVERSAL,Tubería de Concreto Reforzado de 900mm de diámetro interior (Tipo III),UF1,3701,ODT1-036,15564,15564,CAMPO,19,m,1,1,1,1,,xls-2232
2026-04-30,59,DRENAJES Y ESTRUCTURAS,3701.07.01,DRENAJE LONGITUDINAL,Excavaciones varias sin clasicar ODL,UF1,3701,tm2 pk 12+822 - 14+225,12822,14225,CAMPO,19,m3,22,1,1,22,,xls-2233
2026-04-30,63,DRENAJES Y ESTRUCTURAS,3701.07.05,DRENAJE LONGITUDINAL,Concreto clase 28 MPA (Sumideros) ODL,UF1,3701,tm2 pk 12+822 - 14+225,12822,14225,CAMPO,19,m3,2,1,1,2,,xls-2234
2026-04-30,67,DRENAJES Y ESTRUCTURAS,3701.07.08,DRENAJE LONGITUDINAL,Acero de refuerzo Fy=420 Mpa. ODL,UF1,3701,tm2 pk 12+822 - 14+225,12822,14225,CAMPO,19,kg,240,1,1,240,,xls-2235
2026-04-30,38,DRENAJES Y ESTRUCTURAS,3701.06.09,DRENAJE TRANSVERSAL,"Concreto clase  28 MPA (encoles, descoles, box, sumideros)",UF1,3701,ODT1-040,17963,17963,CAMPO,19,m3,4,1,1,4,,xls-2236
2026-04-30,38,DRENAJES Y ESTRUCTURAS,3701.06.09,DRENAJE TRANSVERSAL,"Concreto clase  28 MPA (encoles, descoles, box, sumideros)",UF1,3701,ODT1-041,18827,18827,CAMPO,19,m3,5,1,1,5,,xls-2237
2026-04-30,30,DRENAJES Y ESTRUCTURAS,3701.06.01,DRENAJE TRANSVERSAL,Excavaciones varias sin clasicar,UF1,3701,ODT1-051,20624,20624,CAMPO,19,m3,28,1,1,28,,xls-2238
2026-04-30,36,DRENAJES Y ESTRUCTURAS,3701.06.07,DRENAJE TRANSVERSAL,"Concreto clase 14 MPA (solados, estructuras)",UF1,3701,ODT1-051,20624,20624,CAMPO,19,m3,3.5,1,1,3.5,,xls-2239
2026-05-04,59,DRENAJES Y ESTRUCTURAS,3701.07.01,DRENAJE LONGITUDINAL,Excavaciones varias sin clasicar ODL,UF1,3701,tm2 pk 12+822 - 14+225,12822,14225,CAMPO,19,m3,20,1,1,20,,xls-2240
2026-05-04,67,DRENAJES Y ESTRUCTURAS,3701.07.08,DRENAJE LONGITUDINAL,Acero de refuerzo Fy=420 Mpa. ODL,UF1,3701,tm2 pk 12+822 - 14+225,12822,14225,CAMPO,19,kg,120,1,1,120,,xls-2241
2026-05-04,34,DRENAJES Y ESTRUCTURAS,3701.06.05,DRENAJE TRANSVERSAL,Tubería de Concreto Reforzado de 900mm de diámetro interior (Tipo III),UF1,3701,ODT1-051,20624,20624,CAMPO,19,m,16,1,1,16,,xls-2242
2026-05-07,12,TIERRAS,3701.02.06,EXPLANACIONES,Excavación en material común de préstamos,UF1,3701,EL DIVISO,21500,21500,TOPOGRAFIA,19,m3,1190,1,1.3,915.3846153846154,,xls-2243
2026-05-07,10,TIERRAS,3701.02.05,EXPLANACIONES,Excavaciones en material común APROVECHABLE,UF1,3701,tm2 pk 16+210 - 17+120,16210,17120,TOPOGRAFIA,19,m3,784,1,1.3,603.0769230769231,,xls-2244
2026-05-07,10,TIERRAS,3701.02.05,EXPLANACIONES,Excavaciones en material común APROVECHABLE,UF1,3701,tm2 pk 17+120 - 19+000,17120,19000,TOPOGRAFIA,19,m3,294,1,1.3,226.15384615384613,,xls-2245
2026-05-07,10,TIERRAS,3701.02.05,EXPLANACIONES,Excavaciones en material común NO APROVECHABLE,UF1,3701,tm2 pk 17+120 - 19+000,17120,19000,TOPOGRAFIA,19,m3,630,1,1.3,484.6153846153846,,xls-2246
2026-05-07,85,TIERRAS,3702.02.07,EXPLANACIONES,Terraplenes (solo conformación),UF2,3702,tm2 pk 36+555 - 37+080,36555,37080,TOPOGRAFIA,19,m3,728,1,1.3,560,,xls-2247
2026-05-07,85,TIERRAS,3702.02.07,EXPLANACIONES,Terraplenes (solo conformación),UF2,3702,tm2 pk 34+445 - 35+700,34445,35700,TOPOGRAFIA,19,m3,462,1,1.3,355.38461538461536,,xls-2248
2026-05-07,13,TIERRAS,3701.02.07,EXPLANACIONES,Terraplenes (solo conformación),UF1,3701,tm2 pk 17+120 - 19+000,17120,19000,TOPOGRAFIA,19,m3,672,1,1.3,516.9230769230769,,xls-2249
2026-05-07,13,TIERRAS,3701.02.07,EXPLANACIONES,Terraplenes (solo conformación),UF1,3701,tm2 pk 16+210 - 17+120,16210,17120,TOPOGRAFIA,19,m3,112,1,1.3,86.15384615384615,,xls-2250
2026-05-07,85,TIERRAS,3702.02.07,EXPLANACIONES,Terraplenes (solo conformación),UF2,3702,tm2 pk 32+508 - 33+090,32508,33090,TOPOGRAFIA,19,m3,202,1,1.3,155.3846153846154,,xls-2251
2026-05-07,91,TIERRAS,3702.03.03,"BASES, SUBBASES Y AFIRMADOS",Base granular estabilizada con cemento (No incluye cemento),UF2,3702,tm2 pk 32+508 - 33+090,32508,33090,TOPOGRAFIA,19,m3,557.4,1,1.3,428.7692307692307,,xls-2252
2026-05-07,149,TIERRAS,3701.05.04,ESTRUCTURAS,Relleno para muros de tierra MSR,UF1,3701,MSR 14+300,14300,14500,TOPOGRAFIA,19,M3,15,1,1,15,,xls-2253
2026-05-07,152,TIERRAS,3701.05.07,ESTRUCTURAS,Geomalla tejida uniaxial de 115 kn/m (método md),UF1,3701,MSR 14+300,14300,14500,TOPOGRAFIA,19,M2,40,1,1,40,,xls-2254
2026-05-07,156,TIERRAS,3701.05.11,ESTRUCTURAS,Geobolsas de geotextil (propybag) MSR,UF1,3701,MSR 14+300,14300,14500,TOPOGRAFIA,19,UND,45,1,1,45,,xls-2255
2026-05-05,59,DRENAJES Y ESTRUCTURAS,3701.07.01,DRENAJE LONGITUDINAL,Excavaciones varias sin clasicar ODL,UF1,3701,tm2 pk 12+822 - 14+225,12822,14225,TOPOGRAFIA,19,m3,22,1,1,22,,xls-2256
2026-05-05,65,DRENAJES Y ESTRUCTURAS,3701.07.07,DRENAJE LONGITUDINAL,Concreto clase 14 MPA (solados) ODL,UF1,3701,tm2 pk 12+822 - 14+225,12822,14225,TOPOGRAFIA,19,m3,4,1,1,4,,xls-2257
2026-05-05,67,DRENAJES Y ESTRUCTURAS,3701.07.08,DRENAJE LONGITUDINAL,Acero de refuerzo Fy=420 Mpa. ODL,UF1,3701,tm2 pk 12+822 - 14+225,12822,14225,TOPOGRAFIA,19,kg,120,1,1,120,,xls-2258
2026-05-05,38,DRENAJES Y ESTRUCTURAS,3701.06.09,DRENAJE TRANSVERSAL,"Concreto clase  28 MPA (encoles, descoles, box, sumideros)",UF1,3701,ODT1-052,20755,20755,TOPOGRAFIA,19,m3,13.5,1,1,13.5,,xls-2259
2026-05-05,102,DRENAJES Y ESTRUCTURAS,3702.06.01,DRENAJE TRANSVERSAL,Excavaciones varias sin clasicar,UF2,3702,ODT2-013,34737,34737,TOPOGRAFIA,19,m3,36,1,1,36,,xls-2260
2026-05-05,108,DRENAJES Y ESTRUCTURAS,3702.06.07,DRENAJE TRANSVERSAL,"Concreto clase 14 MPA (solados, estructuras)",UF2,3702,ODT2-013,34737,34737,CAMPO,19,m3,4,1,1,4,,xls-2261
2026-05-06,59,DRENAJES Y ESTRUCTURAS,3701.07.01,DRENAJE LONGITUDINAL,Excavaciones varias sin clasicar ODL,UF1,3701,tm2 pk 12+822 - 14+225,12822,14225,CAMPO,19,m3,15,1,1,15,,xls-2262
2026-05-06,69,DRENAJES Y ESTRUCTURAS,3701.07.10,DRENAJE LONGITUDINAL,Tubería de Concreto Reforzado de 600 mm de diámetro interior ODL,UF1,3701,tm2 pk 12+822 - 14+225,12822,14225,CAMPO,19,m,5,1,1,5,,xls-2263
2026-05-06,63,DRENAJES Y ESTRUCTURAS,3701.07.05,DRENAJE LONGITUDINAL,Concreto clase 28 MPA (Sumideros) ODL,UF1,3701,tm2 pk 12+822 - 14+225,12822,14225,CAMPO,19,m3,2,1,1,2,,xls-2264
2026-05-06,67,DRENAJES Y ESTRUCTURAS,3701.07.08,DRENAJE LONGITUDINAL,Acero de refuerzo Fy=420 Mpa. ODL,UF1,3701,tm2 pk 12+822 - 14+225,12822,14225,CAMPO,19,kg,150,1,1,150,,xls-2265
2026-05-06,36,DRENAJES Y ESTRUCTURAS,3701.06.07,DRENAJE TRANSVERSAL,"Concreto clase 14 MPA (solados, estructuras)",UF1,3701,ODT1-051,20624,20624,CAMPO,19,m3,6.5,1,1,6.5,,xls-2266
2026-05-06,30,DRENAJES Y ESTRUCTURAS,3701.06.01,DRENAJE TRANSVERSAL,Excavaciones varias sin clasicar,UF1,3701,ODT1-049,20442,20442,CAMPO,19,m3,210,1,1,210,,xls-2267
2026-05-06,38,DRENAJES Y ESTRUCTURAS,3701.06.09,DRENAJE TRANSVERSAL,"Concreto clase  28 MPA (encoles, descoles, box, sumideros)",UF1,3701,ODT1-039,17717,17717,CAMPO,19,m3,4.5,1,1,4.5,,xls-2268
2026-05-06,102,DRENAJES Y ESTRUCTURAS,3702.06.01,DRENAJE TRANSVERSAL,Excavaciones varias sin clasicar,UF2,3702,ODT2-013,34737,34737,CAMPO,19,m3,28,1,1,28,,xls-2269
2026-05-06,108,DRENAJES Y ESTRUCTURAS,3702.06.07,DRENAJE TRANSVERSAL,"Concreto clase 14 MPA (solados, estructuras)",UF2,3702,ODT2-013,34737,34737,CAMPO,19,m3,3,1,1,3,,xls-2270
2026-05-06,102,DRENAJES Y ESTRUCTURAS,3702.06.01,DRENAJE TRANSVERSAL,Excavaciones varias sin clasicar,UF2,3702,ODT2-018,35241,35241,CAMPO,19,m3,30,1,1,30,,xls-2271
2026-05-07,65,DRENAJES Y ESTRUCTURAS,3701.07.07,DRENAJE LONGITUDINAL,Concreto clase 14 MPA (solados) ODL,UF1,3701,tm2 pk 12+822 - 14+225,12822,14225,CAMPO,19,m3,2,1,1,2,,xls-2272
2026-05-07,63,DRENAJES Y ESTRUCTURAS,3701.07.05,DRENAJE LONGITUDINAL,Concreto clase 28 MPA (Sumideros) ODL,UF1,3701,tm2 pk 12+822 - 14+225,12822,14225,CAMPO,19,m3,2.5,1,1,2.5,,xls-2273
2026-05-07,59,DRENAJES Y ESTRUCTURAS,3701.07.01,DRENAJE LONGITUDINAL,Excavaciones varias sin clasicar ODL,UF1,3701,tm2 pk 12+822 - 14+225,12822,14225,CAMPO,19,m3,11.5,1,1,11.5,,xls-2274
2026-05-07,69,DRENAJES Y ESTRUCTURAS,3701.07.10,DRENAJE LONGITUDINAL,Tubería de Concreto Reforzado de 600 mm de diámetro interior ODL,UF1,3701,tm2 pk 12+822 - 14+225,12822,14225,CAMPO,19,m,5,1,1,5,,xls-2275
2026-05-07,67,DRENAJES Y ESTRUCTURAS,3701.07.08,DRENAJE LONGITUDINAL,Acero de refuerzo Fy=420 Mpa. ODL,UF1,3701,tm2 pk 12+822 - 14+225,12822,14225,CAMPO,19,kg,130,1,1,130,,xls-2276
2026-05-07,30,DRENAJES Y ESTRUCTURAS,3701.06.01,DRENAJE TRANSVERSAL,Excavaciones varias sin clasicar,UF1,3701,ODT1-049,20442,20442,CAMPO,19,m3,360,1,1,360,,xls-2277
2026-05-07,30,DRENAJES Y ESTRUCTURAS,3701.06.01,DRENAJE TRANSVERSAL,Excavaciones varias sin clasicar,UF1,3701,ODT1-051,20624,20624,CAMPO,19,m3,3.5,1,1,3.5,,xls-2278
2026-05-07,36,DRENAJES Y ESTRUCTURAS,3701.06.07,DRENAJE TRANSVERSAL,"Concreto clase 14 MPA (solados, estructuras)",UF1,3701,ODT1-051,20624,20624,CAMPO,19,m3,1,1,1,1,,xls-2279
2026-05-07,33,DRENAJES Y ESTRUCTURAS,3701.06.04,DRENAJE TRANSVERSAL,Acero de refuerzo Fy=420 Mpa.,UF1,3701,ODT1-052,20755,20755,CAMPO,19,kg,350,1,1,350,,xls-2280
2026-05-07,31,DRENAJES Y ESTRUCTURAS,3701.06.02,DRENAJE TRANSVERSAL,Rellenos con material seleccionado,UF1,3701,ODT1-052,20755,20755,CAMPO,19,m3,90,1,1,90,,xls-2281
2026-05-07,33,DRENAJES Y ESTRUCTURAS,3701.06.04,DRENAJE TRANSVERSAL,Acero de refuerzo Fy=420 Mpa.,UF1,3701,ODT1-053,20862,20862,CAMPO,19,kg,100,1,1,100,,xls-2282
2026-05-07,106,DRENAJES Y ESTRUCTURAS,3702.06.05,DRENAJE TRANSVERSAL,Tubería de Concreto Reforzado de 900mm de diámetro interior (Tipo III),UF2,3702,ODT2-013,34737,34737,CAMPO,19,m,28,1,1,28,,xls-2283
2026-05-07,108,DRENAJES Y ESTRUCTURAS,3702.06.07,DRENAJE TRANSVERSAL,"Concreto clase 14 MPA (solados, estructuras)",UF2,3702,ODT2-018,35241,35241,CAMPO,19,m3,6,1,1,6,,xls-2284
2026-05-07,102,DRENAJES Y ESTRUCTURAS,3702.06.01,DRENAJE TRANSVERSAL,Excavaciones varias sin clasicar,UF2,3702,ODT2-018,35241,35241,CAMPO,19,m3,30,1,1,30,,xls-2285
2026-05-07,103,DRENAJES Y ESTRUCTURAS,3702.06.02,DRENAJE TRANSVERSAL,Rellenos con material seleccionado,UF2,3702,ODT2-018,35241,35241,CAMPO,19,m3,61,1,1,61,,xls-2286
2026-05-08,12,TIERRAS,3701.02.06,EXPLANACIONES,Excavación en material común de préstamos,UF1,3701,EL DIVISO,21500,21500,CAMPO,19,m3,322,1,1.3,247.69230769230768,,xls-2287
2026-05-08,10,TIERRAS,3701.02.05,EXPLANACIONES,Excavaciones en material común APROVECHABLE,UF1,3701,tm2 pk 16+210 - 17+120,16210,17120,CAMPO,19,m3,182,1,1.3,140,,xls-2288
2026-05-08,10,TIERRAS,3701.02.05,EXPLANACIONES,Excavaciones en material común APROVECHABLE,UF1,3701,tm2 pk 17+120 - 19+000,17120,19000,CAMPO,19,m3,476,1,1.3,366.15384615384613,,xls-2289
2026-05-08,10,TIERRAS,3701.02.05,EXPLANACIONES,Excavaciones en material común NO APROVECHABLE,UF1,3701,tm2 pk 17+120 - 19+000,17120,19000,CAMPO,19,m3,577,1,1.3,443.8461538461538,,xls-2290
2026-05-08,10,TIERRAS,3701.02.05,EXPLANACIONES,Excavaciones en material común NO APROVECHABLE,UF1,3701,tm2 pk 16+210 - 17+120,16210,17120,CAMPO,19,m3,224,1,1.3,172.3076923076923,,xls-2291
2026-05-08,13,TIERRAS,3701.02.07,EXPLANACIONES,Terraplenes (solo conformación),UF1,3701,tm2 pk 16+210 - 17+120,16210,17120,CAMPO,19,m3,182,1,1.3,140,,xls-2292
2026-05-08,13,TIERRAS,3701.02.07,EXPLANACIONES,Terraplenes (solo conformación),UF1,3701,tm2 pk 17+120 - 19+000,17120,19000,CAMPO,19,m3,476,1,1.3,366.15384615384613,,xls-2293
2026-05-08,85,TIERRAS,3702.02.07,EXPLANACIONES,Terraplenes (solo conformación),UF2,3702,tm2 pk 32+508 - 33+090,32508,33090,CAMPO,19,m3,70,1,1.3,53.84615384615385,,xls-2294
2026-05-08,85,TIERRAS,3702.02.07,EXPLANACIONES,Terraplenes (solo conformación),UF2,3702,tm2 pk 36+555 - 37+080,36555,37080,CAMPO,19,m3,42,1,1.3,32.30769230769231,,xls-2295
2026-05-08,85,TIERRAS,3702.02.07,EXPLANACIONES,Terraplenes (solo conformación),UF2,3702,tm2 pk 34+445 - 35+700,34445,35700,CAMPO,19,m3,210,1,1.3,161.53846153846152,,xls-2296
2026-05-08,91,TIERRAS,3702.03.03,"BASES, SUBBASES Y AFIRMADOS",Base granular estabilizada con cemento (No incluye cemento),UF2,3702,tm2 pk 32+508 - 33+090,32508,33090,CAMPO,19,m3,564.55,1,1.3,434.2692307692307,,xls-2297
2026-05-08,149,TIERRAS,3701.05.04,ESTRUCTURAS,Relleno para muros de tierra MSR,UF1,3701,MSR 14+300,14300,14500,CAMPO,19,M3,45,1,1,45,,xls-2298
2026-05-08,156,TIERRAS,3701.05.11,ESTRUCTURAS,Geobolsas de geotextil (propybag) MSR,UF1,3701,MSR 14+300,14300,14500,CAMPO,19,UND,45,1,1,45,,xls-2299
2026-05-08,34,DRENAJES Y ESTRUCTURAS,3701.06.05,DRENAJE TRANSVERSAL,Tubería de Concreto Reforzado de 900mm de diámetro interior (Tipo III),UF1,3701,ODT1-036,15564,15564,CAMPO,19,m,8,1,1,8,,xls-2300
2026-05-08,37,DRENAJES Y ESTRUCTURAS,3701.06.08,DRENAJE TRANSVERSAL,"Concreto clase 21 MPA (atraques, cabezales)",UF1,3701,ODT1-036,15564,15564,CAMPO,19,m3,5,1,1,5,,xls-2301
2026-05-09,12,TIERRAS,3701.02.06,EXPLANACIONES,Excavación en material común de préstamos,UF1,3701,EL DIVISO,21500,21500,CAMPO,19,m3,1288,1,1.3,990.7692307692307,,xls-2302
2026-05-09,10,TIERRAS,3701.02.05,EXPLANACIONES,Excavaciones en material común APROVECHABLE,UF1,3701,tm2 pk 19+000 - 20+875,19000,20875,CAMPO,19,m3,714,1,1.3,549.2307692307692,,xls-2303
2026-05-09,10,TIERRAS,3701.02.05,EXPLANACIONES,Excavaciones en material común APROVECHABLE,UF1,3701,tm2 pk 16+210 - 17+120,16210,17120,CAMPO,19,m3,28,1,1.3,21.538461538461537,,xls-2304
2026-05-09,30,DRENAJES Y ESTRUCTURAS,3701.06.01,DRENAJE TRANSVERSAL,Excavaciones varias sin clasicar,UF1,3701,ODT1-036,15564,15564,CAMPO,19,m3,58,1,1,58,,xls-2305
2026-05-09,30,DRENAJES Y ESTRUCTURAS,3701.06.01,DRENAJE TRANSVERSAL,Excavaciones varias sin clasicar,UF1,3701,MSR 14+300,14300,14500,CAMPO,19,m3,21,1,1,21,,xls-2306
2026-05-09,13,TIERRAS,3701.02.07,EXPLANACIONES,Terraplenes (solo conformación),UF1,3701,tm2 pk 17+120 - 19+000,17120,19000,CAMPO,19,m3,378,1,1.3,290.7692307692308,,xls-2307
2026-05-09,13,TIERRAS,3701.02.07,EXPLANACIONES,Terraplenes (solo conformación),UF1,3701,tm2 pk 20+875 - 22+650,20875,22650,CAMPO,19,m3,336,1,1.3,258.46153846153845,,xls-2308
2026-05-09,85,TIERRAS,3702.02.07,EXPLANACIONES,Terraplenes (solo conformación),UF2,3702,tm2 pk 32+508 - 33+090,32508,33090,CAMPO,19,m3,294,1,1.3,226.15384615384613,,xls-2309
2026-05-09,85,TIERRAS,3702.02.07,EXPLANACIONES,Terraplenes (solo conformación),UF2,3702,tm2 pk 36+555 - 37+080,36555,37080,CAMPO,19,m3,546,1,1.3,420,,xls-2310
2026-05-09,85,TIERRAS,3702.02.07,EXPLANACIONES,Terraplenes (solo conformación),UF2,3702,tm2 pk 34+445 - 35+700,34445,35700,CAMPO,19,m3,616,1,1.3,473.8461538461538,,xls-2311
2026-05-09,152,TIERRAS,3701.05.07,ESTRUCTURAS,Geomalla tejida uniaxial de 115 kn/m (método md),UF1,3701,MSR 14+300,14300,14500,CAMPO,19,M2,42,1,1,42,,xls-2312
2026-05-09,156,TIERRAS,3701.05.11,ESTRUCTURAS,Geobolsas de geotextil (propybag) MSR,UF1,3701,MSR 14+300,14300,14500,CAMPO,19,UND,55,1,1,55,,xls-2313
2026-05-09,149,TIERRAS,3701.05.04,ESTRUCTURAS,Relleno para muros de tierra MSR,UF1,3701,MSR 14+300,14300,14500,CAMPO,19,M3,45,1,1,45,,xls-2314
2026-05-09,31,DRENAJES Y ESTRUCTURAS,3701.06.02,DRENAJE TRANSVERSAL,Rellenos con material seleccionado,UF1,3701,ODT1-036,15564,15564,CAMPO,19,m3,35,1,1,35,,xls-2315
2026-05-09,12,TIERRAS,3701.02.06,EXPLANACIONES,Excavación en material común de préstamos,UF1,3701,EL DIVISO,21500,21500,CAMPO,19,m3,2168,1,1.3,1667.6923076923076,,xls-2316
2026-05-09,85,TIERRAS,3702.02.07,EXPLANACIONES,Terraplenes (solo conformación),UF2,3702,tm2 pk 36+555 - 37+080,36555,37080,CAMPO,19,m3,1082,1,1.3,832.3076923076923,,xls-2317
2026-05-09,85,TIERRAS,3702.02.07,EXPLANACIONES,Terraplenes (solo conformación),UF2,3702,tm2 pk 34+445 - 35+700,34445,35700,CAMPO,19,m3,510,1,1.3,392.3076923076923,,xls-2318
2026-05-09,13,TIERRAS,3701.02.07,EXPLANACIONES,Terraplenes (solo conformación),UF1,3701,tm2 pk 20+875 - 22+650,20875,22650,CAMPO,19,m3,576,1,1.3,443.07692307692304,,xls-2319
2026-05-09,33,DRENAJES Y ESTRUCTURAS,3701.06.04,DRENAJE TRANSVERSAL,Acero de refuerzo Fy=420 Mpa.,UF1,3701,ODT1-036,15564,15564,CAMPO,19,kg,150,1,1,150,,xls-2320
2026-05-11,12,TIERRAS,3701.02.06,EXPLANACIONES,Excavación en material común de préstamos,UF1,3701,EL DIVISO,21500,21500,CAMPO,19,m3,1820,1,1.3,1400,,xls-2321
2026-05-11,10,TIERRAS,3701.02.05,EXPLANACIONES,Excavaciones en material común APROVECHABLE,UF1,3701,tm2 pk 19+000 - 20+875,19000,20875,CAMPO,19,m3,980,1,1.3,753.8461538461538,,xls-2322
2026-05-11,10,TIERRAS,3701.02.05,EXPLANACIONES,Excavaciones en material común APROVECHABLE,UF1,3701,tm2 pk 14+635 - 15+460,14635,15460,CAMPO,19,m3,112,1,1.3,86.15384615384615,,xls-2323
2026-05-11,10,TIERRAS,3701.02.05,EXPLANACIONES,Excavaciones en material común NO APROVECHABLE,UF1,3701,MSR 14+300,14300,14500,CAMPO,19,m3,126,1,1.3,96.92307692307692,,xls-2324
2026-05-11,19,TIERRAS,3701.03.03,"BASES, SUBBASES Y AFIRMADOS",Base granular estabilizada con cemento (No incluye cemento),UF1,3701,tm2 pk 28+303 - 29+600,28303,29600,CAMPO,19,m3,386.5,1,1.3,297.3076923076923,,xls-2325
2026-05-11,85,TIERRAS,3702.02.07,EXPLANACIONES,Terraplenes (solo conformación),UF2,3702,tm2 pk 32+508 - 33+090,32508,33090,CAMPO,19,m3,266,1,1.3,204.6153846153846,,xls-2326
2026-05-11,85,TIERRAS,3702.02.07,EXPLANACIONES,Terraplenes (solo conformación),UF2,3702,tm2 pk 36+555 - 37+080,36555,37080,CAMPO,19,m3,1316,1,1.3,1012.3076923076923,,xls-2327
2026-05-11,85,TIERRAS,3702.02.07,EXPLANACIONES,Terraplenes (solo conformación),UF2,3702,tm2 pk 34+445 - 35+700,34445,35700,CAMPO,19,m3,238,1,1.3,183.07692307692307,,xls-2328
2026-05-11,13,TIERRAS,3701.02.07,EXPLANACIONES,Terraplenes (solo conformación),UF1,3701,tm2 pk 17+120 - 19+000,17120,19000,CAMPO,19,m3,798,1,1.3,613.8461538461538,,xls-2329
2026-05-11,13,TIERRAS,3701.02.07,EXPLANACIONES,Terraplenes (solo conformación),UF1,3701,tm2 pk 20+875 - 22+650,20875,22650,CAMPO,19,m3,182,1,1.3,140,,xls-2330
2026-05-11,149,TIERRAS,3701.05.04,ESTRUCTURAS,Relleno para muros de tierra MSR,UF1,3701,MSR 14+300,14300,14500,CAMPO,19,M3,112,1,1,112,,xls-2331
2026-05-11,155,TIERRAS,3701.05.10,ESTRUCTURAS,Geodrén planar h=1 m MSR,UF1,3701,MSR 14+300,14300,14500,CAMPO,19,M,20,1,1,20,,xls-2332
2026-05-11,42,DRENAJES Y ESTRUCTURAS,3701.06.13,DRENAJE TRANSVERSAL,Geodrén planar h=1 m,UF1,3701,ODT1-025,14363,14363,CAMPO,19,m2,0,1,1,0,,xls-2333
2026-05-12,12,TIERRAS,3701.02.06,EXPLANACIONES,Excavación en material común de préstamos,UF1,3701,EL DIVISO,21500,21500,CAMPO,19,m3,2492,1,1.3,1916.923076923077,,xls-2334
2026-05-12,10,TIERRAS,3701.02.05,EXPLANACIONES,Excavaciones en material común APROVECHABLE,UF1,3701,tm2 pk 19+000 - 20+875,19000,20875,CAMPO,19,m3,1092,1,1.3,840,,xls-2335
2026-05-12,10,TIERRAS,3701.02.05,EXPLANACIONES,Excavaciones en material común NO APROVECHABLE,UF1,3701,tm2 pk 14+225 - 14+635,14225,14635,CAMPO,19,m3,756,1,1.3,581.5384615384615,,xls-2336
2026-05-12,90,TIERRAS,3702.03.01,"BASES, SUBBASES Y AFIRMADOS",Subbase Granular,UF2,3702,tm2 pk 32+508 - 33+090,32508,33090,CAMPO,19,m3,302.4,1,1.3,232.61538461538458,,xls-2337
2026-05-12,18,TIERRAS,3701.03.01,"BASES, SUBBASES Y AFIRMADOS",Subbase Granular,UF1,3701,tm2 pk 20+875 - 22+650,20875,22650,CAMPO,19,m3,286.4,1,1.3,220.3076923076923,,xls-2338
2026-05-12,85,TIERRAS,3702.02.07,EXPLANACIONES,Terraplenes (solo conformación),UF2,3702,tm2 pk 36+555 - 37+080,36555,37080,CAMPO,19,m3,1386,1,1.3,1066.1538461538462,,xls-2339
2026-05-12,85,TIERRAS,3702.02.07,EXPLANACIONES,Terraplenes (solo conformación),UF2,3702,tm2 pk 34+445 - 35+700,34445,35700,CAMPO,19,m3,1106,1,1.3,850.7692307692307,,xls-2340
2026-05-12,13,TIERRAS,3701.02.07,EXPLANACIONES,Terraplenes (solo conformación),UF1,3701,tm2 pk 17+120 - 19+000,17120,19000,CAMPO,19,m3,630,1,1.3,484.6153846153846,,xls-2341
2026-05-12,13,TIERRAS,3701.02.07,EXPLANACIONES,Terraplenes (solo conformación),UF1,3701,tm2 pk 20+875 - 22+650,20875,22650,CAMPO,19,m3,462,1,1.3,355.38461538461536,,xls-2342
2026-05-12,82,TIERRAS,3702.02.05,EXPLANACIONES,Excavaciones en material común NO APROVECHABLE,UF2,3702,tm2 pk 36+555 - 37+080,36555,37080,CAMPO,19,m3,112,1,1.3,86.15384615384615,,xls-2343
2026-05-12,82,TIERRAS,3702.02.05,EXPLANACIONES,Excavaciones en material común NO APROVECHABLE,UF2,3702,tm2 pk 34+445 - 35+700,34445,35700,CAMPO,19,m3,300,1,1.3,230.76923076923077,,xls-2344
2026-05-13,12,TIERRAS,3701.02.06,EXPLANACIONES,Excavación en material común de préstamos,UF1,3701,EL DIVISO,21500,21500,CAMPO,19,m3,602,1,1.3,463.07692307692304,,xls-2345
2026-05-13,10,TIERRAS,3701.02.05,EXPLANACIONES,Excavaciones en material común APROVECHABLE,UF1,3701,tm2 pk 19+000 - 20+875,19000,20875,CAMPO,19,m3,770,1,1.3,592.3076923076923,,xls-2346
2026-05-13,10,TIERRAS,3701.02.05,EXPLANACIONES,Excavaciones en material común NO APROVECHABLE,UF1,3701,tm2 pk 14+225 - 14+635,14225,14635,CAMPO,19,m3,336,1,1.3,258.46153846153845,,xls-2347
2026-05-13,18,TIERRAS,3701.03.01,"BASES, SUBBASES Y AFIRMADOS",Subbase Granular,UF1,3701,tm2 pk 20+875 - 22+650,20875,22650,CAMPO,19,m3,685.5,1,1.3,527.3076923076923,,xls-2348
2026-05-13,19,TIERRAS,3701.03.03,"BASES, SUBBASES Y AFIRMADOS",Base granular estabilizada con cemento (No incluye cemento),UF1,3701,tm2 pk 20+875 - 22+650,20875,22650,CAMPO,19,m3,635.28,1,1.3,488.67692307692306,,xls-2349
2026-05-13,85,TIERRAS,3702.02.07,EXPLANACIONES,Terraplenes (solo conformación),UF2,3702,tm2 pk 36+555 - 37+080,36555,37080,CAMPO,19,m3,434,1,1.3,333.8461538461538,,xls-2350
2026-05-13,85,TIERRAS,3702.02.07,EXPLANACIONES,Terraplenes (solo conformación),UF2,3702,tm2 pk 34+445 - 35+700,34445,35700,CAMPO,19,m3,168,1,1.3,129.23076923076923,,xls-2351
2026-05-13,13,TIERRAS,3701.02.07,EXPLANACIONES,Terraplenes (solo conformación),UF1,3701,tm2 pk 17+120 - 19+000,17120,19000,CAMPO,19,m3,602,1,1.3,463.07692307692304,,xls-2352
2026-05-14,12,TIERRAS,3701.02.06,EXPLANACIONES,Excavación en material común de préstamos,UF1,3701,EL DIVISO,21500,21500,CAMPO,19,m3,2632,1,1.3,2024.6153846153845,,xls-2353
2026-05-14,10,TIERRAS,3701.02.05,EXPLANACIONES,Excavaciones en material común APROVECHABLE,UF1,3701,tm2 pk 19+000 - 20+875,19000,20875,CAMPO,19,m3,868,1,1.3,667.6923076923076,,xls-2354
2026-05-14,10,TIERRAS,3701.02.05,EXPLANACIONES,Excavaciones en material común NO APROVECHABLE,UF1,3701,tm2 pk 14+225 - 14+635,14225,14635,CAMPO,19,m3,406,1,1.3,312.3076923076923,,xls-2355
2026-05-14,18,TIERRAS,3701.03.01,"BASES, SUBBASES Y AFIRMADOS",Subbase Granular,UF1,3701,tm2 pk 20+875 - 22+650,20875,22650,CAMPO,19,m3,15.8,1,1.3,12.153846153846153,,xls-2356
2026-05-14,19,TIERRAS,3701.03.03,"BASES, SUBBASES Y AFIRMADOS",Base granular estabilizada con cemento (No incluye cemento),UF1,3701,tm2 pk 20+875 - 22+650,20875,22650,CAMPO,19,m3,638.75,1,1.3,491.3461538461538,,xls-2357
2026-05-14,13,TIERRAS,3701.02.07,EXPLANACIONES,Terraplenes (solo conformación),UF1,3701,tm2 pk 17+120 - 19+000,17120,19000,CAMPO,19,m3,560,1,1.3,430.7692307692308,,xls-2358
2026-05-14,13,TIERRAS,3701.02.07,EXPLANACIONES,Terraplenes (solo conformación),UF1,3701,tm2 pk 20+875 - 22+650,20875,22650,CAMPO,19,m3,308,1,1.3,236.9230769230769,,xls-2359
2026-05-14,85,TIERRAS,3702.02.07,EXPLANACIONES,Terraplenes (solo conformación),UF2,3702,tm2 pk 36+555 - 37+080,36555,37080,CAMPO,19,m3,1302,1,1.3,1001.5384615384615,,xls-2360
2026-05-14,85,TIERRAS,3702.02.07,EXPLANACIONES,Terraplenes (solo conformación),UF2,3702,tm2 pk 34+445 - 35+700,34445,35700,CAMPO,19,m3,1330,1,1.3,1023.0769230769231,,xls-2361
2026-05-14,38,DRENAJES Y ESTRUCTURAS,3701.06.09,DRENAJE TRANSVERSAL,"Concreto clase  28 MPA (encoles, descoles, box, sumideros)",UF1,3701,ODT1-036,15564,15564,CAMPO,19,m3,6,1,1,6,,xls-2362
2026-05-08,63,DRENAJES Y ESTRUCTURAS,3701.07.05,DRENAJE LONGITUDINAL,Concreto clase 28 MPA (Sumideros) ODL,UF1,3701,tm2 pk 12+822 - 14+225,12822,14225,CAMPO,19,m3,2.5,1,1,2.5,,xls-2363
2026-05-08,59,DRENAJES Y ESTRUCTURAS,3701.07.01,DRENAJE LONGITUDINAL,Excavaciones varias sin clasicar ODL,UF1,3701,tm2 pk 12+822 - 14+225,12822,14225,CAMPO,19,m3,2,1,1,2,,xls-2364
2026-05-08,67,DRENAJES Y ESTRUCTURAS,3701.07.08,DRENAJE LONGITUDINAL,Acero de refuerzo Fy=420 Mpa. ODL,UF1,3701,tm2 pk 12+822 - 14+225,12822,14225,CAMPO,19,kg,150,1,1,150,,xls-2365
2026-05-08,30,DRENAJES Y ESTRUCTURAS,3701.06.01,DRENAJE TRANSVERSAL,Excavaciones varias sin clasicar,UF1,3701,ODT1-049,20442,20442,CAMPO,19,m3,330,1,1,330,,xls-2366
2026-05-08,31,DRENAJES Y ESTRUCTURAS,3701.06.02,DRENAJE TRANSVERSAL,Rellenos con material seleccionado,UF1,3701,ODT1-051,20624,20624,CAMPO,19,m3,50,1,1,50,,xls-2367
2026-05-08,36,DRENAJES Y ESTRUCTURAS,3701.06.07,DRENAJE TRANSVERSAL,"Concreto clase 14 MPA (solados, estructuras)",UF1,3701,ODT1-051,20624,20624,CAMPO,19,m3,1,1,1,1,,xls-2368
2026-05-08,37,DRENAJES Y ESTRUCTURAS,3701.06.08,DRENAJE TRANSVERSAL,"Concreto clase 21 MPA (atraques, cabezales)",UF1,3701,ODT1-036,15564,15564,CAMPO,19,m3,5,1,1,5,,xls-2369
2026-05-08,33,DRENAJES Y ESTRUCTURAS,3701.06.04,DRENAJE TRANSVERSAL,Acero de refuerzo Fy=420 Mpa.,UF1,3701,ODT1-053,20862,20862,CAMPO,19,kg,250,1,1,250,,xls-2370
2026-05-08,108,DRENAJES Y ESTRUCTURAS,3702.06.07,DRENAJE TRANSVERSAL,"Concreto clase 14 MPA (solados, estructuras)",UF2,3702,ODT2-013,34737,34737,CAMPO,19,m3,6.5,1,1,6.5,,xls-2371
2026-05-08,102,DRENAJES Y ESTRUCTURAS,3702.06.01,DRENAJE TRANSVERSAL,Excavaciones varias sin clasicar,UF2,3702,ODT2-013,34737,34737,CAMPO,19,m3,1,1,1,1,,xls-2372
2026-05-08,102,DRENAJES Y ESTRUCTURAS,3702.06.01,DRENAJE TRANSVERSAL,Excavaciones varias sin clasicar,UF2,3702,ODT2-016,35096,35096,CAMPO,19,m3,12,1,1,12,,xls-2373
2026-05-08,108,DRENAJES Y ESTRUCTURAS,3702.06.07,DRENAJE TRANSVERSAL,"Concreto clase 14 MPA (solados, estructuras)",UF2,3702,ODT2-018,35241,35241,CAMPO,19,m3,1,1,1,1,,xls-2374
2026-05-08,102,DRENAJES Y ESTRUCTURAS,3702.06.01,DRENAJE TRANSVERSAL,Excavaciones varias sin clasicar,UF2,3702,ODT2-018,35241,35241,CAMPO,19,m3,12,1,1,12,,xls-2375
2026-05-09,67,DRENAJES Y ESTRUCTURAS,3701.07.08,DRENAJE LONGITUDINAL,Acero de refuerzo Fy=420 Mpa. ODL,UF1,3701,tm2 pk 12+822 - 14+225,12822,14225,CAMPO,19,kg,70,1,1,70,,xls-2376
2026-05-09,30,DRENAJES Y ESTRUCTURAS,3701.06.01,DRENAJE TRANSVERSAL,Excavaciones varias sin clasicar,UF1,3701,ODT1-049,20442,20442,CAMPO,19,m3,170,1,1,170,,xls-2377
2026-05-09,33,DRENAJES Y ESTRUCTURAS,3701.06.04,DRENAJE TRANSVERSAL,Acero de refuerzo Fy=420 Mpa.,UF1,3701,ODT1-051,20624,20624,CAMPO,19,kg,400,1,1,400,,xls-2378
2026-05-09,33,DRENAJES Y ESTRUCTURAS,3701.06.04,DRENAJE TRANSVERSAL,Acero de refuerzo Fy=420 Mpa.,UF1,3701,ODT1-053,20862,20862,CAMPO,19,kg,265,1,1,265,,xls-2379
2026-05-09,108,DRENAJES Y ESTRUCTURAS,3702.06.07,DRENAJE TRANSVERSAL,"Concreto clase 14 MPA (solados, estructuras)",UF2,3702,ODT2-013,34737,34737,CAMPO,19,m3,2.5,1,1,2.5,,xls-2380
2026-05-09,108,DRENAJES Y ESTRUCTURAS,3702.06.07,DRENAJE TRANSVERSAL,"Concreto clase 14 MPA (solados, estructuras)",UF2,3702,ODT2-016,35096,35096,CAMPO,19,m3,5.5,1,1,5.5,,xls-2381
2026-05-09,102,DRENAJES Y ESTRUCTURAS,3702.06.01,DRENAJE TRANSVERSAL,Excavaciones varias sin clasicar,UF2,3702,ODT2-016,35096,35096,CAMPO,19,m3,12,1,1,12,,xls-2382
2026-05-09,103,DRENAJES Y ESTRUCTURAS,3702.06.02,DRENAJE TRANSVERSAL,Rellenos con material seleccionado,UF2,3702,ODT2-016,35096,35096,CAMPO,19,m3,90,1,1,90,,xls-2383
2026-05-11,67,DRENAJES Y ESTRUCTURAS,3701.07.08,DRENAJE LONGITUDINAL,Acero de refuerzo Fy=420 Mpa. ODL,UF1,3701,tm2 pk 12+822 - 14+225,12822,14225,CAMPO,19,kg,260,1,1,260,,xls-2384
2026-05-11,59,DRENAJES Y ESTRUCTURAS,3701.07.01,DRENAJE LONGITUDINAL,Excavaciones varias sin clasicar ODL,UF1,3701,tm2 pk 12+822 - 14+225,12822,14225,CAMPO,19,m3,1.5,1,1,1.5,,xls-2385
2026-05-11,30,DRENAJES Y ESTRUCTURAS,3701.06.01,DRENAJE TRANSVERSAL,Excavaciones varias sin clasicar,UF1,3701,ODT1-049,20442,20442,CAMPO,19,m3,260,1,1,260,,xls-2386
2026-05-11,38,DRENAJES Y ESTRUCTURAS,3701.06.09,DRENAJE TRANSVERSAL,"Concreto clase  28 MPA (encoles, descoles, box, sumideros)",UF1,3701,ODT1-051,20624,20624,CAMPO,19,m3,3.5,1,1,3.5,,xls-2387
2026-05-11,38,DRENAJES Y ESTRUCTURAS,3701.06.09,DRENAJE TRANSVERSAL,"Concreto clase  28 MPA (encoles, descoles, box, sumideros)",UF1,3701,ODT1-052,20755,20755,CAMPO,19,m3,13.5,1,1,13.5,,xls-2388
2026-05-11,33,DRENAJES Y ESTRUCTURAS,3701.06.04,DRENAJE TRANSVERSAL,Acero de refuerzo Fy=420 Mpa.,UF1,3701,ODT1-052,20755,20755,CAMPO,19,kg,250,1,1,250,,xls-2389
2026-05-11,105,DRENAJES Y ESTRUCTURAS,3702.06.04,DRENAJE TRANSVERSAL,Acero de refuerzo Fy=420 Mpa.,UF2,3702,ODT2-013,34737,34737,CAMPO,19,kg,300,1,1,300,,xls-2390
2026-05-11,110,DRENAJES Y ESTRUCTURAS,3702.06.09,DRENAJE TRANSVERSAL,"Concreto clase  28 MPA (encoles, descoles, box, sumideros)",UF2,3702,ODT2-013,34737,34737,CAMPO,19,m3,4.5,1,1,4.5,,xls-2391
2026-05-11,102,DRENAJES Y ESTRUCTURAS,3702.06.01,DRENAJE TRANSVERSAL,Excavaciones varias sin clasicar,UF2,3702,ODT2-016,35096,35096,CAMPO,19,m3,12,1,1,12,,xls-2392
2026-05-12,63,DRENAJES Y ESTRUCTURAS,3701.07.05,DRENAJE LONGITUDINAL,Concreto clase 28 MPA (Sumideros) ODL,UF1,3701,tm2 pk 12+822 - 14+225,12822,14225,CAMPO,19,m3,2,1,1,2,,xls-2393
2026-05-12,67,DRENAJES Y ESTRUCTURAS,3701.07.08,DRENAJE LONGITUDINAL,Acero de refuerzo Fy=420 Mpa. ODL,UF1,3701,tm2 pk 12+822 - 14+225,12822,14225,CAMPO,19,kg,240,1,1,240,,xls-2394
2026-05-12,59,DRENAJES Y ESTRUCTURAS,3701.07.01,DRENAJE LONGITUDINAL,Excavaciones varias sin clasicar ODL,UF1,3701,tm2 pk 12+822 - 14+225,12822,14225,CAMPO,19,m3,5,1,1,5,,xls-2395
2026-05-12,30,DRENAJES Y ESTRUCTURAS,3701.06.01,DRENAJE TRANSVERSAL,Excavaciones varias sin clasicar,UF1,3701,ODT1-049,20442,20442,CAMPO,19,m3,390,1,1,390,,xls-2396
2026-05-12,33,DRENAJES Y ESTRUCTURAS,3701.06.04,DRENAJE TRANSVERSAL,Acero de refuerzo Fy=420 Mpa.,UF1,3701,ODT1-051,20624,20624,CAMPO,19,kg,300,1,1,300,,xls-2397
2026-05-12,38,DRENAJES Y ESTRUCTURAS,3701.06.09,DRENAJE TRANSVERSAL,"Concreto clase  28 MPA (encoles, descoles, box, sumideros)",UF1,3701,ODT1-051,20624,20624,CAMPO,19,m3,2.5,1,1,2.5,,xls-2398
2026-05-12,33,DRENAJES Y ESTRUCTURAS,3701.06.04,DRENAJE TRANSVERSAL,Acero de refuerzo Fy=420 Mpa.,UF1,3701,ODT1-052,20755,20755,CAMPO,19,kg,100,1,1,100,,xls-2399
2026-05-12,38,DRENAJES Y ESTRUCTURAS,3701.06.09,DRENAJE TRANSVERSAL,"Concreto clase  28 MPA (encoles, descoles, box, sumideros)",UF1,3701,ODT1-053,20862,20862,CAMPO,19,m3,8.5,1,1,8.5,,xls-2400
2026-05-12,105,DRENAJES Y ESTRUCTURAS,3702.06.04,DRENAJE TRANSVERSAL,Acero de refuerzo Fy=420 Mpa.,UF2,3702,ODT2-013,34737,34737,CAMPO,19,kg,155.46,1,1,155.46,,xls-2401
2026-05-12,108,DRENAJES Y ESTRUCTURAS,3702.06.07,DRENAJE TRANSVERSAL,"Concreto clase 14 MPA (solados, estructuras)",UF2,3702,ODT2-014,35003,35003,CAMPO,19,m3,9,1,1,9,,xls-2402
2026-05-12,102,DRENAJES Y ESTRUCTURAS,3702.06.01,DRENAJE TRANSVERSAL,Excavaciones varias sin clasicar,UF2,3702,ODT2-014,35003,35003,CAMPO,19,m3,40,1,1,40,,xls-2403
2026-05-12,103,DRENAJES Y ESTRUCTURAS,3702.06.02,DRENAJE TRANSVERSAL,Rellenos con material seleccionado,UF2,3702,ODT2-018,35241,35241,CAMPO,19,m3,5,1,1,5,,xls-2404
2026-05-12,74,DRENAJES Y ESTRUCTURAS,3702.01.02,DEMOLICIONES Y REUBICACIONES,Demolición de Estructuras,UF2,3702,ODT2-018,35241,35241,CAMPO,19,m3,0.5,1,1,0.5,,xls-2405
2026-05-12,106,DRENAJES Y ESTRUCTURAS,3702.06.05,DRENAJE TRANSVERSAL,Tubería de Concreto Reforzado de 900mm de diámetro interior (Tipo III),UF2,3702,ODT2-016,35096,35096,CAMPO,19,m,38,1,1,38,,xls-2406
2026-05-14,91,TIERRAS,3702.03.03,"BASES, SUBBASES Y AFIRMADOS",Base granular estabilizada con cemento (No incluye cemento),UF2,3702,tm2 pk 32+508 - 33+090,32508,33090,CAMPO,19,m3,378,1,1,378,,xls-2407
2026-05-15,12,TIERRAS,3701.02.06,EXPLANACIONES,Excavación en material común de préstamos,UF1,3701,EL DIVISO,21500,21500,CAMPO,19,m3,2478,1,1.3,1906.1538461538462,,xls-2408
2026-05-15,10,TIERRAS,3701.02.05,EXPLANACIONES,Excavaciones en material común APROVECHABLE,UF1,3701,tm2 pk 19+000 - 20+875,19000,20875,CAMPO,19,m3,506,1,1.3,389.2307692307692,,xls-2409
2026-05-15,10,TIERRAS,3701.02.05,EXPLANACIONES,Excavaciones en material común NO APROVECHABLE,UF1,3701,tm2 pk 19+000 - 20+875,19000,20875,CAMPO,19,m3,1260,1,1.3,969.2307692307692,,xls-2410
2026-05-15,19,TIERRAS,3701.03.03,"BASES, SUBBASES Y AFIRMADOS",Base granular estabilizada con cemento (No incluye cemento),UF1,3701,tm2 pk 20+875 - 22+650,20875,22650,CAMPO,19,m3,333.52,1,1.3,256.5538461538461,,xls-2411
2026-05-15,91,TIERRAS,3702.03.03,"BASES, SUBBASES Y AFIRMADOS",Base granular estabilizada con cemento (No incluye cemento),UF2,3702,tm2 pk 32+508 - 33+090,32508,33090,CAMPO,19,m3,421.92,1,1.3,324.55384615384617,,xls-2412
2026-05-15,23,PAVIMENTOS,3701.04.01,PAVIMENTOS ASFALTICOS,Riego de imprimación con emulsión asfáltica,UF1,3701,tm2 pk 20+875 - 22+650,20875,22650,CAMPO,19,m2,3360,1,1,3360,,xls-2413
2026-05-15,95,PAVIMENTOS,3702.04.01,PAVIMENTOS ASFALTICOS,Riego de imprimación con emulsión asfáltica,UF2,3702,tm2 pk 32+508 - 33+090,32508,33090,CAMPO,19,m2,4320,1,1,4320,,xls-2414
2026-05-15,13,TIERRAS,3701.02.07,EXPLANACIONES,Terraplenes (solo conformación),UF1,3701,tm2 pk 20+875 - 22+650,20875,22650,CAMPO,19,m3,506,1,1.3,389.2307692307692,,xls-2415
2026-05-15,85,TIERRAS,3702.02.07,EXPLANACIONES,Terraplenes (solo conformación),UF2,3702,tm2 pk 36+555 - 37+080,36555,37080,CAMPO,19,m3,1456,1,1.3,1120,,xls-2416
2026-05-15,85,TIERRAS,3702.02.07,EXPLANACIONES,Terraplenes (solo conformación),UF2,3702,tm2 pk 34+445 - 35+700,34445,35700,CAMPO,19,m3,1022,1,1.3,786.1538461538461,,xls-2417
2026-05-15,18,TIERRAS,3701.03.01,"BASES, SUBBASES Y AFIRMADOS",Subbase Granular,UF1,3701,tm2 pk 17+120 - 19+000,17120,19000,CAMPO,19,m3,518,1,1.3,398.46153846153845,,xls-2418
2026-05-15,90,TIERRAS,3702.03.01,"BASES, SUBBASES Y AFIRMADOS",Subbase Granular,UF2,3702,tm2 pk 32+508 - 33+090,32508,33090,CAMPO,19,m3,28,1,1.3,21.538461538461537,,xls-2419
2026-05-16,12,TIERRAS,3701.02.06,EXPLANACIONES,Excavación en material común de préstamos,UF1,3701,EL DIVISO,21500,21500,CAMPO,20,m3,1470,1,1.3,1130.7692307692307,,xls-2420
2026-05-16,10,TIERRAS,3701.02.05,EXPLANACIONES,Excavaciones en material común APROVECHABLE,UF1,3701,tm2 pk 19+000 - 20+875,19000,20875,CAMPO,20,m3,728,1,1.3,560,,xls-2421
2026-05-16,10,TIERRAS,3701.02.05,EXPLANACIONES,Excavaciones en material común NO APROVECHABLE,UF1,3701,tm2 pk 17+120 - 19+000,17120,19000,CAMPO,20,m3,308,1,1.3,236.9230769230769,,xls-2422
2026-05-16,18,TIERRAS,3701.03.01,"BASES, SUBBASES Y AFIRMADOS",Subbase Granular,UF1,3701,tm2 pk 17+120 - 19+000,17120,19000,CAMPO,20,m3,268.24,1,1.3,206.33846153846153,,xls-2423
2026-05-16,13,TIERRAS,3701.02.07,EXPLANACIONES,Terraplenes (solo conformación),UF1,3701,tm2 pk 16+210 - 17+120,16210,17120,CAMPO,20,m3,602,1,1.3,463.07692307692304,,xls-2424
2026-05-16,13,TIERRAS,3701.02.07,EXPLANACIONES,Terraplenes (solo conformación),UF1,3701,tm2 pk 20+875 - 22+650,20875,22650,CAMPO,20,m3,126,1,1.3,96.92307692307692,,xls-2425
2026-05-16,85,TIERRAS,3702.02.07,EXPLANACIONES,Terraplenes (solo conformación),UF2,3702,tm2 pk 36+555 - 37+080,36555,37080,CAMPO,20,m3,854,1,1.3,656.9230769230769,,xls-2426
2026-05-16,85,TIERRAS,3702.02.07,EXPLANACIONES,Terraplenes (solo conformación),UF2,3702,tm2 pk 34+445 - 35+700,34445,35700,CAMPO,20,m3,616,1,1.3,473.8461538461538,,xls-2427
2026-05-16,150,TIERRAS,3701.05.05,ESTRUCTURAS,Material granular drenante MSR,UF1,3701,MSR 14+300,14300,14500,CAMPO,20,M3,28,1,1,28,,xls-2428
2026-05-16,156,TIERRAS,3701.05.11,ESTRUCTURAS,Geobolsas de geotextil (propybag) MSR,UF1,3701,MSR 14+300,14300,14500,CAMPO,20,UND,40,1,1,40,,xls-2429
2026-05-16,154,TIERRAS,3701.05.09,ESTRUCTURAS,Geotextil tejido uniaxial de 2890 n (método grab md),UF1,3701,MSR 14+300,14300,14500,CAMPO,20,M2,460,1,1,460,,xls-2430
2026-05-16,148,TIERRAS,3701.05.03,ESTRUCTURAS,"Tubería PVC d=4"" para drenaje perforada MSR",UF1,3701,MSR 14+300,14300,14500,CAMPO,20,M,20,1,1,20,,xls-2431
2026-05-16,155,TIERRAS,3701.05.10,ESTRUCTURAS,Geodrén planar h=1 m MSR,UF1,3701,MSR 14+300,14300,14500,CAMPO,20,M,50,1,1,50,,xls-2432
2026-05-16,149,TIERRAS,3701.05.04,ESTRUCTURAS,Relleno para muros de tierra MSR,UF1,3701,MSR 14+300,14300,14500,CAMPO,20,M3,84,1,1,84,,xls-2433
2026-05-15,150,TIERRAS,3701.05.05,ESTRUCTURAS,Material granular drenante MSR,UF1,3701,MSR 14+300,14300,14500,CAMPO,19,M3,70,1,1,70,,xls-2434
2026-05-15,150,TIERRAS,3701.05.05,ESTRUCTURAS,Material granular drenante MSR,UF1,3701,MSR 14+300,14300,14500,CAMPO,19,M3,70,1,1,70,,xls-2435
2026-05-15,150,TIERRAS,3701.05.05,ESTRUCTURAS,Material granular drenante MSR,UF1,3701,MSR 14+300,14300,14500,CAMPO,19,M3,70,1,1,70,,xls-2436
2026-05-15,150,TIERRAS,3701.05.05,ESTRUCTURAS,Material granular drenante MSR,UF1,3701,MSR 14+300,14300,14500,CAMPO,19,M3,70,1,1,70,,xls-2437
2026-05-15,150,TIERRAS,3701.05.05,ESTRUCTURAS,Material granular drenante MSR,UF1,3701,MSR 14+300,14300,14500,CAMPO,19,M3,70,1,1,70,,xls-2438
2026-05-17,12,TIERRAS,3701.02.06,EXPLANACIONES,Excavación en material común de préstamos,UF1,3701,EL DIVISO,21500,21500,CAMPO,20,m3,3234,1,1.3,2487.6923076923076,,xls-2439
2026-05-17,13,TIERRAS,3701.02.07,EXPLANACIONES,Terraplenes (solo conformación),UF1,3701,tm2 pk 16+210 - 17+120,16210,17120,CAMPO,20,m3,854,1,1.3,656.9230769230769,,xls-2440
2026-05-17,13,TIERRAS,3701.02.07,EXPLANACIONES,Terraplenes (solo conformación),UF1,3701,tm2 pk 20+875 - 22+650,20875,22650,CAMPO,20,m3,308,1,1.3,236.9230769230769,,xls-2441
2026-05-17,85,TIERRAS,3702.02.07,EXPLANACIONES,Terraplenes (solo conformación),UF2,3702,tm2 pk 34+445 - 35+700,34445,35700,CAMPO,20,m3,854,1,1.3,656.9230769230769,,xls-2442
2026-05-17,85,TIERRAS,3702.02.07,EXPLANACIONES,Terraplenes (solo conformación),UF2,3702,tm2 pk 36+555 - 37+080,36555,37080,CAMPO,20,m3,1218,1,1.3,936.9230769230769,,xls-2443
2026-05-13,59,DRENAJES Y ESTRUCTURAS,3701.07.01,DRENAJE LONGITUDINAL,Excavaciones varias sin clasicar ODL,UF1,3701,tm2 pk 12+822 - 14+225,12822,14225,CAMPO,19,m3,6.5,1,1,6.5,,xls-2444
2026-05-13,65,DRENAJES Y ESTRUCTURAS,3701.07.07,DRENAJE LONGITUDINAL,Concreto clase 14 MPA (solados) ODL,UF1,3701,tm2 pk 12+822 - 14+225,12822,14225,CAMPO,19,m3,3,1,1,3,,xls-2445
2026-05-13,36,DRENAJES Y ESTRUCTURAS,3701.06.07,DRENAJE TRANSVERSAL,"Concreto clase 14 MPA (solados, estructuras)",UF1,3701,ODT1-049,20442,20442,CAMPO,19,m3,8,1,1,8,,xls-2446
2026-05-13,30,DRENAJES Y ESTRUCTURAS,3701.06.01,DRENAJE TRANSVERSAL,Excavaciones varias sin clasicar,UF1,3701,ODT1-049,20442,20442,CAMPO,19,m3,560,1,1,560,,xls-2447
2026-05-13,105,DRENAJES Y ESTRUCTURAS,3702.06.04,DRENAJE TRANSVERSAL,Acero de refuerzo Fy=420 Mpa.,UF2,3702,ODT2-013,34737,34737,CAMPO,19,kg,141,1,1,141,,xls-2448
2026-05-13,74,DRENAJES Y ESTRUCTURAS,3702.01.02,DEMOLICIONES Y REUBICACIONES,Demolición de Estructuras,UF2,3702,ODT2-018,35241,35241,CAMPO,19,m3,0.5,1,1,0.5,,xls-2449
2026-05-14,67,DRENAJES Y ESTRUCTURAS,3701.07.08,DRENAJE LONGITUDINAL,Acero de refuerzo Fy=420 Mpa. ODL,UF1,3701,tm2 pk 12+822 - 14+225,12822,14225,CAMPO,19,kg,168,1,1,168,,xls-2450
2026-05-14,59,DRENAJES Y ESTRUCTURAS,3701.07.01,DRENAJE LONGITUDINAL,Excavaciones varias sin clasicar ODL,UF1,3701,tm2 pk 12+822 - 14+225,12822,14225,CAMPO,19,m3,7.5,1,1,7.5,,xls-2451
2026-05-14,38,DRENAJES Y ESTRUCTURAS,3701.06.09,DRENAJE TRANSVERSAL,"Concreto clase  28 MPA (encoles, descoles, box, sumideros)",UF1,3701,ODT1-036,15564,15564,CAMPO,19,m3,6,1,1,6,,xls-2452
2026-05-14,38,DRENAJES Y ESTRUCTURAS,3701.06.09,DRENAJE TRANSVERSAL,"Concreto clase  28 MPA (encoles, descoles, box, sumideros)",UF1,3701,ODT1-051,20624,20624,CAMPO,19,m3,3.5,1,1,3.5,,xls-2453
2026-05-14,38,DRENAJES Y ESTRUCTURAS,3701.06.09,DRENAJE TRANSVERSAL,"Concreto clase  28 MPA (encoles, descoles, box, sumideros)",UF1,3701,ODT1-052,20755,20755,CAMPO,19,m3,9,1,1,9,,xls-2454
2026-05-14,102,DRENAJES Y ESTRUCTURAS,3702.06.01,DRENAJE TRANSVERSAL,Excavaciones varias sin clasicar,UF2,3702,ODT2-019,35423,35423,CAMPO,19,m3,36,1,1,36,,xls-2455
2026-05-14,108,DRENAJES Y ESTRUCTURAS,3702.06.07,DRENAJE TRANSVERSAL,"Concreto clase 14 MPA (solados, estructuras)",UF2,3702,ODT2-019,35423,35423,CAMPO,19,m3,7,1,1,7,,xls-2456
2026-05-18,12,TIERRAS,3701.02.06,EXPLANACIONES,Excavación en material común de préstamos,UF1,3701,EL DIVISO,21500,21500,CAMPO,20,m3,2730,1,1.3,2100,,xls-2457
2026-05-18,10,TIERRAS,3701.02.05,EXPLANACIONES,Excavaciones en material común APROVECHABLE,UF1,3701,tm2 pk 19+000 - 20+875,19000,20875,CAMPO,20,m3,756,1,1.3,581.5384615384615,,xls-2458
2026-05-16,14,TIERRAS,3701.02.08,EXPLANACIONES,Conformación y disposición de sobrantes (incluye obras de adecuación),UF1,3701,RCD 15+800,15800,15800,CAMPO,20,m3,308,1,1.3,236.9230769230769,,xls-2459
2026-05-18,10,TIERRAS,3701.02.05,EXPLANACIONES,Excavaciones en material común NO APROVECHABLE,UF1,3701,tm2 pk 19+000 - 20+875,19000,20875,CAMPO,20,m3,308,1,1.3,236.9230769230769,,xls-2460
2026-05-18,10,TIERRAS,3701.02.05,EXPLANACIONES,Excavaciones en material común NO APROVECHABLE,UF1,3701,tm2 pk 14+225 - 14+635,14225,14635,CAMPO,20,m3,856,1,1.3,658.4615384615385,,xls-2461
2026-05-18,82,TIERRAS,3702.02.05,EXPLANACIONES,Excavaciones en material común NO APROVECHABLE,UF2,3702,tm2 pk 34+445 - 35+700,34445,35700,CAMPO,20,m3,220,1,1.3,169.23076923076923,,xls-2462
2026-05-18,18,TIERRAS,3701.03.01,"BASES, SUBBASES Y AFIRMADOS",Subbase Granular,UF1,3701,tm2 pk 17+120 - 19+000,17120,19000,CAMPO,20,m3,220,1,1.3,169.23076923076923,,xls-2463
2026-05-18,18,TIERRAS,3701.03.01,"BASES, SUBBASES Y AFIRMADOS",Subbase Granular,UF1,3701,tm2 pk 20+875 - 22+650,20875,22650,CAMPO,20,m3,355.81,1,1.3,273.7,,xls-2464
2026-05-18,19,TIERRAS,3701.03.03,"BASES, SUBBASES Y AFIRMADOS",Base granular estabilizada con cemento (No incluye cemento),UF1,3701,tm2 pk 20+875 - 22+650,20875,22650,CAMPO,20,m3,861.12,1,1.3,662.4,,xls-2465
2026-05-18,13,TIERRAS,3701.02.07,EXPLANACIONES,Terraplenes (solo conformación),UF1,3701,tm2 pk 16+210 - 17+120,16210,17120,CAMPO,20,m3,602,1,1.3,463.07692307692304,,xls-2466
2026-05-18,85,TIERRAS,3702.02.07,EXPLANACIONES,Terraplenes (solo conformación),UF2,3702,tm2 pk 36+555 - 37+080,36555,37080,CAMPO,20,m3,1456,1,1.3,1120,,xls-2467
2026-05-18,85,TIERRAS,3702.02.07,EXPLANACIONES,Terraplenes (solo conformación),UF2,3702,tm2 pk 34+445 - 35+700,34445,35700,CAMPO,20,m3,910,1,1.3,700,,xls-2468
2026-05-18,13,TIERRAS,3701.02.07,EXPLANACIONES,Terraplenes (solo conformación),UF1,3701,tm2 pk 17+120 - 19+000,17120,19000,CAMPO,20,m3,252,1,1.3,193.84615384615384,,xls-2469
2026-05-18,13,TIERRAS,3701.02.07,EXPLANACIONES,Terraplenes (solo conformación),UF1,3701,tm2 pk 20+875 - 22+650,20875,22650,CAMPO,20,m3,266,1,1.3,204.6153846153846,,xls-2470
2026-05-15,65,DRENAJES Y ESTRUCTURAS,3701.07.07,DRENAJE LONGITUDINAL,Concreto clase 14 MPA (solados) ODL,UF1,3701,tm2 pk 12+822 - 14+225,12822,14225,CAMPO,19,m3,2,1,1,2,,xls-2471
2026-05-15,59,DRENAJES Y ESTRUCTURAS,3701.07.01,DRENAJE LONGITUDINAL,Excavaciones varias sin clasicar ODL,UF1,3701,tm2 pk 12+822 - 14+225,12822,14225,CAMPO,19,m3,29,1,1,29,,xls-2472
2026-05-15,33,DRENAJES Y ESTRUCTURAS,3701.06.04,DRENAJE TRANSVERSAL,Acero de refuerzo Fy=420 Mpa.,UF1,3701,ODT1-049,20442,20442,CAMPO,19,kg,400,1,1,400,,xls-2473
2026-05-15,30,DRENAJES Y ESTRUCTURAS,3701.06.01,DRENAJE TRANSVERSAL,Excavaciones varias sin clasicar,UF1,3701,ODT1-049,20442,20442,CAMPO,19,m3,0.5,1,1,0.5,,xls-2474
2026-05-15,33,DRENAJES Y ESTRUCTURAS,3701.06.04,DRENAJE TRANSVERSAL,Acero de refuerzo Fy=420 Mpa.,UF1,3701,ODT1-051,20624,20624,CAMPO,19,kg,200,1,1,200,,xls-2475
2026-05-15,33,DRENAJES Y ESTRUCTURAS,3701.06.04,DRENAJE TRANSVERSAL,Acero de refuerzo Fy=420 Mpa.,UF1,3701,ODT1-052,20755,20755,CAMPO,19,kg,200,1,1,200,,xls-2476
2026-05-15,106,DRENAJES Y ESTRUCTURAS,3702.06.05,DRENAJE TRANSVERSAL,Tubería de Concreto Reforzado de 900mm de diámetro interior (Tipo III),UF2,3702,ODT2-014,35003,35003,CAMPO,19,m,34,1,1,34,,xls-2477
2026-05-15,108,DRENAJES Y ESTRUCTURAS,3702.06.07,DRENAJE TRANSVERSAL,"Concreto clase 14 MPA (solados, estructuras)",UF2,3702,ODT2-016,35096,35096,CAMPO,19,m3,7,1,1,7,,xls-2478
2026-05-15,106,DRENAJES Y ESTRUCTURAS,3702.06.05,DRENAJE TRANSVERSAL,Tubería de Concreto Reforzado de 900mm de diámetro interior (Tipo III),UF2,3702,ODT2-019,35423,35423,CAMPO,19,m,20,1,1,20,,xls-2479
2026-05-16,65,DRENAJES Y ESTRUCTURAS,3701.07.07,DRENAJE LONGITUDINAL,Concreto clase 14 MPA (solados) ODL,UF1,3701,tm2 pk 12+822 - 14+225,12822,14225,CAMPO,20,m3,2,1,1,2,,xls-2480
2026-05-16,69,DRENAJES Y ESTRUCTURAS,3701.07.10,DRENAJE LONGITUDINAL,Tubería de Concreto Reforzado de 600 mm de diámetro interior ODL,UF1,3701,tm2 pk 12+822 - 14+225,12822,14225,CAMPO,20,m,5,1,1,5,,xls-2481
2026-05-16,59,DRENAJES Y ESTRUCTURAS,3701.07.01,DRENAJE LONGITUDINAL,Excavaciones varias sin clasicar ODL,UF1,3701,tm2 pk 12+822 - 14+225,12822,14225,CAMPO,20,m3,2,1,1,2,,xls-2482
2026-05-16,33,DRENAJES Y ESTRUCTURAS,3701.06.04,DRENAJE TRANSVERSAL,Acero de refuerzo Fy=420 Mpa.,UF1,3701,ODT1-049,20442,20442,CAMPO,20,kg,100,1,1,100,,xls-2483
2026-05-16,33,DRENAJES Y ESTRUCTURAS,3701.06.04,DRENAJE TRANSVERSAL,Acero de refuerzo Fy=420 Mpa.,UF1,3701,ODT1-052,20755,20755,CAMPO,20,kg,100,1,1,100,,xls-2484
2026-05-16,33,DRENAJES Y ESTRUCTURAS,3701.06.04,DRENAJE TRANSVERSAL,Acero de refuerzo Fy=420 Mpa.,UF1,3701,ODT1-051,20624,20624,CAMPO,20,kg,100,1,1,100,,xls-2485
2026-05-16,109,DRENAJES Y ESTRUCTURAS,3702.06.08,DRENAJE TRANSVERSAL,"Concreto clase 21 MPA (atraques, cabezales)",UF2,3702,ODT2-014,35003,35003,CAMPO,20,m3,1,1,1,1,,xls-2486
2026-05-16,106,DRENAJES Y ESTRUCTURAS,3702.06.05,DRENAJE TRANSVERSAL,Tubería de Concreto Reforzado de 900mm de diámetro interior (Tipo III),UF2,3702,ODT2-019,35423,35423,CAMPO,20,m,12,1,1,12,,xls-2487
2026-05-16,74,DRENAJES Y ESTRUCTURAS,3702.01.02,DEMOLICIONES Y REUBICACIONES,Demolición de Estructuras,UF2,3702,ODT2-019,35423,35423,CAMPO,20,m3,6.5,1,1,6.5,,xls-2488
2026-05-18,59,DRENAJES Y ESTRUCTURAS,3701.07.01,DRENAJE LONGITUDINAL,Excavaciones varias sin clasicar ODL,UF1,3701,tm2 pk 12+822 - 14+225,12822,14225,CAMPO,20,m3,16,1,1,16,,xls-2489
2026-05-18,69,DRENAJES Y ESTRUCTURAS,3701.07.10,DRENAJE LONGITUDINAL,Tubería de Concreto Reforzado de 600 mm de diámetro interior ODL,UF1,3701,tm2 pk 12+822 - 14+225,12822,14225,CAMPO,20,m,8,1,1,8,,xls-2490
2026-05-18,33,DRENAJES Y ESTRUCTURAS,3701.06.04,DRENAJE TRANSVERSAL,Acero de refuerzo Fy=420 Mpa.,UF1,3701,ODT1-049,20442,20442,CAMPO,20,kg,1500,1,1,1500,,xls-2491
2026-05-18,74,DRENAJES Y ESTRUCTURAS,3702.01.02,DEMOLICIONES Y REUBICACIONES,Demolición de Estructuras,UF2,3702,ODT2-021,35506,35506,CAMPO,20,m3,1.5,1,1,1.5,,xls-2492
2026-05-18,102,DRENAJES Y ESTRUCTURAS,3702.06.01,DRENAJE TRANSVERSAL,Excavaciones varias sin clasicar,UF2,3702,ODT2-023,35589,35589,CAMPO,20,m3,140,1,1,140,,xls-2493
2026-05-18,103,DRENAJES Y ESTRUCTURAS,3702.06.02,DRENAJE TRANSVERSAL,Rellenos con material seleccionado,UF2,3702,ODT2-023,35589,35589,CAMPO,20,m3,60,1,1,60,,xls-2494
2026-05-19,12,TIERRAS,3701.02.06,EXPLANACIONES,Excavación en material común de préstamos,UF1,3701,EL DIVISO,21500,21500,CAMPO,20,m3,752,1,1.3,578.4615384615385,,xls-2495
2026-05-19,10,TIERRAS,3701.02.05,EXPLANACIONES,Excavaciones en material común APROVECHABLE,UF1,3701,tm2 pk 19+000 - 20+875,19000,20875,CAMPO,20,m3,1792,1,1.3,1378.4615384615383,,xls-2496
2026-05-19,10,TIERRAS,3701.02.05,EXPLANACIONES,Excavaciones en material común APROVECHABLE,UF1,3701,tm2 pk 14+225 - 14+635,14225,14635,CAMPO,20,m3,732,1,1.3,563.0769230769231,,xls-2497
2026-05-18,14,TIERRAS,3701.02.08,EXPLANACIONES,Conformación y disposición de sobrantes (incluye obras de adecuación),UF1,3701,RCD 15+800,15800,15800,CAMPO,20,m3,1384,1,1.3,1064.6153846153845,,xls-2498
2026-05-19,10,TIERRAS,3701.02.05,EXPLANACIONES,Excavaciones en material común NO APROVECHABLE,UF1,3701,tm2 pk 14+225 - 14+635,14225,14635,CAMPO,20,m3,168,1,1.3,129.23076923076923,,xls-2499
2026-05-19,10,TIERRAS,3701.02.05,EXPLANACIONES,Excavaciones en material común NO APROVECHABLE,UF1,3701,tm2 pk 19+000 - 20+875,19000,20875,CAMPO,20,m3,322,1,1.3,247.69230769230768,,xls-2500
2026-05-19,18,TIERRAS,3701.03.01,"BASES, SUBBASES Y AFIRMADOS",Subbase Granular,UF1,3701,tm2 pk 16+210 - 17+120,16210,17120,CAMPO,20,m3,419.2,1,1.3,322.46153846153845,,xls-2501
2026-05-19,18,TIERRAS,3701.03.01,"BASES, SUBBASES Y AFIRMADOS",Subbase Granular,UF1,3701,tm2 pk 17+120 - 19+000,17120,19000,CAMPO,20,m3,314.1,1,1.3,241.6153846153846,,xls-2502
2026-05-19,18,TIERRAS,3701.03.01,"BASES, SUBBASES Y AFIRMADOS",Subbase Granular,UF1,3701,tm2 pk 20+875 - 22+650,20875,22650,CAMPO,20,m3,418,1,1.3,321.53846153846155,,xls-2503
2026-05-19,13,TIERRAS,3701.02.07,EXPLANACIONES,Terraplenes (solo conformación),UF1,3701,tm2 pk 20+875 - 22+650,20875,22650,CAMPO,20,m3,336,1,1.3,258.46153846153845,,xls-2504
2026-05-19,85,TIERRAS,3702.02.07,EXPLANACIONES,Terraplenes (solo conformación),UF2,3702,tm2 pk 34+445 - 35+700,34445,35700,CAMPO,20,m3,1974,1,1.3,1518.4615384615383,,xls-2505
2026-05-19,85,TIERRAS,3702.02.07,EXPLANACIONES,Terraplenes (solo conformación),UF2,3702,tm2 pk 36+555 - 37+080,36555,37080,CAMPO,20,m3,966,1,1.3,743.0769230769231,,xls-2506
2026-05-20,12,TIERRAS,3701.02.06,EXPLANACIONES,Excavación en material común de préstamos,UF1,3701,EL DIVISO,21500,21500,CAMPO,20,m3,1148,1,1.3,883.0769230769231,,xls-2507
2026-05-20,10,TIERRAS,3701.02.05,EXPLANACIONES,Excavaciones en material común APROVECHABLE,UF1,3701,tm2 pk 19+000 - 20+875,19000,20875,CAMPO,20,m3,1512,1,1.3,1163.076923076923,,xls-2508
2026-05-20,10,TIERRAS,3701.02.05,EXPLANACIONES,Excavaciones en material común APROVECHABLE,UF1,3701,tm2 pk 14+225 - 14+635,14225,14635,CAMPO,20,m3,112,1,1.3,86.15384615384615,,xls-2509
2026-05-19,14,TIERRAS,3701.02.08,EXPLANACIONES,Conformación y disposición de sobrantes (incluye obras de adecuación),UF1,3701,RCD 15+800,15800,15800,CAMPO,20,m3,490,1,1.3,376.9230769230769,,xls-2510
2026-05-20,10,TIERRAS,3701.02.05,EXPLANACIONES,Excavaciones en material común NO APROVECHABLE,UF1,3701,tm2 pk 14+225 - 14+635,14225,14635,CAMPO,20,m3,434,1,1.3,333.8461538461538,,xls-2511
2026-05-20,82,TIERRAS,3702.02.05,EXPLANACIONES,Excavaciones en material común NO APROVECHABLE,UF2,3702,tm2 pk 34+445 - 35+700,34445,35700,CAMPO,20,m3,315,1,1.3,242.3076923076923,,xls-2512
2026-05-20,78,TIERRAS,3702.02.01,EXPLANACIONES,Desmonte y limpieza en bosque,UF2,3702,tm2 pk 34+445 - 35+700,34445,35700,CAMPO,20,Ha,1600,0.0001,1,0.16,,xls-2513
2026-05-20,18,TIERRAS,3701.03.01,"BASES, SUBBASES Y AFIRMADOS",Subbase Granular,UF1,3701,tm2 pk 16+210 - 17+120,16210,17120,CAMPO,20,m3,258,1,1.3,198.46153846153845,,xls-2514
2026-05-20,18,TIERRAS,3701.03.01,"BASES, SUBBASES Y AFIRMADOS",Subbase Granular,UF1,3701,tm2 pk 17+120 - 19+000,17120,19000,CAMPO,20,m3,619.3,1,1.3,476.38461538461536,,xls-2515
2026-05-20,19,TIERRAS,3701.03.03,"BASES, SUBBASES Y AFIRMADOS",Base granular estabilizada con cemento (No incluye cemento),UF1,3701,tm2 pk 20+875 - 22+650,20875,22650,CAMPO,20,m3,383.56,1,1.3,295.04615384615386,,xls-2516
2026-05-20,95,PAVIMENTOS,3702.04.01,PAVIMENTOS ASFALTICOS,Riego de imprimación con emulsión asfáltica,UF2,3702,tm2 pk 32+508 - 33+090,32508,33090,CAMPO,20,m2,1560,1,1,1560,,xls-2517
2026-05-20,23,PAVIMENTOS,3701.04.01,PAVIMENTOS ASFALTICOS,Riego de imprimación con emulsión asfáltica,UF1,3701,tm2 pk 20+875 - 22+650,20875,22650,CAMPO,20,m2,1920,1,1,1920,,xls-2518
2026-05-20,13,TIERRAS,3701.02.07,EXPLANACIONES,Terraplenes (solo conformación),UF1,3701,tm2 pk 20+875 - 22+650,20875,22650,CAMPO,20,m3,154,1,1.3,118.46153846153845,,xls-2519
2026-05-20,85,TIERRAS,3702.02.07,EXPLANACIONES,Terraplenes (solo conformación),UF2,3702,tm2 pk 34+445 - 35+700,34445,35700,CAMPO,20,m3,2100,1,1.3,1615.3846153846152,,xls-2520
2026-05-20,85,TIERRAS,3702.02.07,EXPLANACIONES,Terraplenes (solo conformación),UF2,3702,tm2 pk 36+555 - 37+080,36555,37080,CAMPO,20,m3,406,1,1,406,,xls-2521
2026-05-20,152,TIERRAS,3701.05.07,ESTRUCTURAS,Geomalla tejida uniaxial de 115 kn/m (método md),UF1,3701,MSR 14+300,14300,14500,CAMPO,20,M2,400,1,1,400,,xls-2522
2026-05-20,149,TIERRAS,3701.05.04,ESTRUCTURAS,Relleno para muros de tierra MSR,UF1,3701,MSR 14+300,14300,14500,CAMPO,20,M3,112,1,1,112,,xls-2523
2026-05-19,65,DRENAJES Y ESTRUCTURAS,3701.07.07,DRENAJE LONGITUDINAL,Concreto clase 14 MPA (solados) ODL,UF1,3701,tm2 pk 12+822 - 14+225,12822,14225,CAMPO,20,m3,2,1,1,2,,xls-2524
2026-05-19,63,DRENAJES Y ESTRUCTURAS,3701.07.05,DRENAJE LONGITUDINAL,Concreto clase 28 MPA (Sumideros) ODL,UF1,3701,tm2 pk 12+822 - 14+225,12822,14225,CAMPO,20,m3,1,1,1,1,,xls-2525
2026-05-19,67,DRENAJES Y ESTRUCTURAS,3701.07.08,DRENAJE LONGITUDINAL,Acero de refuerzo Fy=420 Mpa. ODL,UF1,3701,tm2 pk 12+822 - 14+225,12822,14225,CAMPO,20,kg,240,1,1,240,,xls-2526
2026-05-19,38,DRENAJES Y ESTRUCTURAS,3701.06.09,DRENAJE TRANSVERSAL,"Concreto clase  28 MPA (encoles, descoles, box, sumideros)",UF1,3701,ODT1-049,20442,20442,CAMPO,20,m3,25,1,1,25,,xls-2527
2026-05-19,33,DRENAJES Y ESTRUCTURAS,3701.06.04,DRENAJE TRANSVERSAL,Acero de refuerzo Fy=420 Mpa.,UF1,3701,ODT1-049,20442,20442,CAMPO,20,kg,1100,1,1,1100,,xls-2528
2026-05-19,38,DRENAJES Y ESTRUCTURAS,3701.06.09,DRENAJE TRANSVERSAL,"Concreto clase  28 MPA (encoles, descoles, box, sumideros)",UF1,3701,ODT1-051,20624,20624,CAMPO,20,m3,2.5,1,1,2.5,,xls-2529
2026-05-19,38,DRENAJES Y ESTRUCTURAS,3701.06.09,DRENAJE TRANSVERSAL,"Concreto clase  28 MPA (encoles, descoles, box, sumideros)",UF1,3701,ODT1-052,20755,20755,CAMPO,20,m3,9.5,1,1,9.5,,xls-2530
2026-05-19,31,DRENAJES Y ESTRUCTURAS,3701.06.02,DRENAJE TRANSVERSAL,Rellenos con material seleccionado,UF1,3701,ODT1-052,20755,20755,CAMPO,20,m3,65,1,1,65,,xls-2531
2026-05-19,109,DRENAJES Y ESTRUCTURAS,3702.06.08,DRENAJE TRANSVERSAL,"Concreto clase 21 MPA (atraques, cabezales)",UF2,3702,ODT2-014,35003,35003,CAMPO,20,m3,3,1,1,3,,xls-2532
2026-05-19,109,DRENAJES Y ESTRUCTURAS,3702.06.08,DRENAJE TRANSVERSAL,"Concreto clase 21 MPA (atraques, cabezales)",UF2,3702,ODT2-016,35096,35096,CAMPO,20,m3,3,1,1,3,,xls-2533
2026-05-19,109,DRENAJES Y ESTRUCTURAS,3702.06.08,DRENAJE TRANSVERSAL,"Concreto clase 21 MPA (atraques, cabezales)",UF2,3702,ODT2-019,35423,35423,CAMPO,20,m3,10,1,1,10,,xls-2534
2026-05-19,108,DRENAJES Y ESTRUCTURAS,3702.06.07,DRENAJE TRANSVERSAL,"Concreto clase 14 MPA (solados, estructuras)",UF2,3702,ODT2-021,35506,35506,CAMPO,20,m3,7,1,1,7,,xls-2535
2026-05-19,108,DRENAJES Y ESTRUCTURAS,3702.06.07,DRENAJE TRANSVERSAL,"Concreto clase 14 MPA (solados, estructuras)",UF2,3702,ODT2-023,35589,35589,CAMPO,20,m3,8,1,1,8,,xls-2536
2026-05-19,103,DRENAJES Y ESTRUCTURAS,3702.06.02,DRENAJE TRANSVERSAL,Rellenos con material seleccionado,UF2,3702,ODT2-023,35589,35589,CAMPO,20,m3,30,1,1,30,,xls-2537
2026-05-19,102,DRENAJES Y ESTRUCTURAS,3702.06.01,DRENAJE TRANSVERSAL,Excavaciones varias sin clasicar,UF2,3702,ODT2-023,35589,35589,CAMPO,20,m3,176,1,1,176,,xls-2538
2026-05-19,103,DRENAJES Y ESTRUCTURAS,3702.06.02,DRENAJE TRANSVERSAL,Rellenos con material seleccionado,UF2,3702,ODT2-023,35589,35589,CAMPO,20,m3,32.48,1,1,32.48,,xls-2539
2026-05-20,63,DRENAJES Y ESTRUCTURAS,3701.07.05,DRENAJE LONGITUDINAL,Concreto clase 28 MPA (Sumideros) ODL,UF1,3701,tm2 pk 12+822 - 14+225,12822,14225,CAMPO,20,m3,3,1,1,3,,xls-2540
2026-05-20,67,DRENAJES Y ESTRUCTURAS,3701.07.08,DRENAJE LONGITUDINAL,Acero de refuerzo Fy=420 Mpa. ODL,UF1,3701,tm2 pk 12+822 - 14+225,12822,14225,CAMPO,20,kg,150,1,1,150,,xls-2541
2026-05-20,59,DRENAJES Y ESTRUCTURAS,3701.07.01,DRENAJE LONGITUDINAL,Excavaciones varias sin clasicar ODL,UF1,3701,tm2 pk 12+822 - 14+225,12822,14225,CAMPO,20,m3,12.5,1,1,12.5,,xls-2542
2026-05-20,33,DRENAJES Y ESTRUCTURAS,3701.06.04,DRENAJE TRANSVERSAL,Acero de refuerzo Fy=420 Mpa.,UF1,3701,ODT1-049,20442,20442,CAMPO,20,kg,1,1,1,1,,xls-2543
2026-05-20,106,DRENAJES Y ESTRUCTURAS,3702.06.05,DRENAJE TRANSVERSAL,Tubería de Concreto Reforzado de 900mm de diámetro interior (Tipo III),UF2,3702,ODT2-021,35506,35506,CAMPO,20,m,38,1,1,38,,xls-2544
2026-05-20,74,DRENAJES Y ESTRUCTURAS,3702.01.02,DEMOLICIONES Y REUBICACIONES,Demolición de Estructuras,UF2,3702,ODT2-023,35589,35589,CAMPO,20,m3,1,1,1,1,,xls-2545
2026-05-21,12,TIERRAS,3701.02.06,EXPLANACIONES,Excavación en material común de préstamos,UF1,3701,EL DIVISO,21500,21500,CAMPO,20,m3,392,1,1.3,301.53846153846155,,xls-2546
2026-05-21,10,TIERRAS,3701.02.05,EXPLANACIONES,Excavaciones en material común APROVECHABLE,UF1,3701,tm2 pk 19+000 - 20+875,19000,20875,CAMPO,20,m3,1374,1,1.3,1056.923076923077,,xls-2547
2026-05-21,18,TIERRAS,3701.03.01,"BASES, SUBBASES Y AFIRMADOS",Subbase Granular,UF1,3701,tm2 pk 17+120 - 19+000,17120,19000,CAMPO,20,m3,342.91,1,1.3,263.7769230769231,,xls-2548
2026-05-21,19,TIERRAS,3701.03.03,"BASES, SUBBASES Y AFIRMADOS",Base granular estabilizada con cemento (No incluye cemento),UF1,3701,tm2 pk 20+875 - 22+650,20875,22650,CAMPO,20,m3,604.81,1,1.3,465.2384615384615,,xls-2549
2026-05-21,85,TIERRAS,3702.02.07,EXPLANACIONES,Terraplenes (solo conformación),UF2,3702,tm2 pk 34+445 - 35+700,34445,35700,CAMPO,20,m3,1764,1,1.3,1356.923076923077,,xls-2550
2026-05-21,10,TIERRAS,3701.02.05,EXPLANACIONES,Excavaciones en material común APROVECHABLE,UF1,3701,tm2 pk 14+225 - 14+635,14225,14635,CAMPO,20,m3,100,1,1.3,76.92307692307692,,xls-2551
2026-05-21,38,DRENAJES Y ESTRUCTURAS,3701.06.09,DRENAJE TRANSVERSAL,"Concreto clase  28 MPA (encoles, descoles, box, sumideros)",UF1,3701,ODT1-036,15564,15564,CAMPO,20,m3,2,1,1,2,,xls-2552
2026-05-22,12,TIERRAS,3701.02.06,EXPLANACIONES,Excavación en material común de préstamos,UF1,3701,EL DIVISO,21500,21500,TOPOGRAFIA,20,m3,1008,1,1.3,775.3846153846154,,xls-2553
2026-05-22,10,TIERRAS,3701.02.05,EXPLANACIONES,Excavaciones en material común APROVECHABLE,UF1,3701,tm2 pk 19+000 - 20+875,19000,20875,TOPOGRAFIA,20,m3,2410,1,1.3,1853.8461538461538,,xls-2554
2026-05-22,10,TIERRAS,3701.02.05,EXPLANACIONES,Excavaciones en material común APROVECHABLE,UF1,3701,tm2 pk 14+225 - 14+635,14225,14635,TOPOGRAFIA,20,m3,796,1,1.3,612.3076923076923,,xls-2555
2026-05-20,14,TIERRAS,3701.02.08,EXPLANACIONES,Conformación y disposición de sobrantes (incluye obras de adecuación),UF1,3701,RCD 15+800,15800,15800,CAMPO,20,m3,749,1,1.3,576.1538461538462,,xls-2556
2026-05-22,10,TIERRAS,3701.02.05,EXPLANACIONES,Excavaciones en material común NO APROVECHABLE,UF1,3701,ODT1-050,20519,20519,TOPOGRAFIA,20,m3,480,1,1.3,369.2307692307692,,xls-2557
2026-05-22,19,TIERRAS,3701.03.03,"BASES, SUBBASES Y AFIRMADOS",Base granular estabilizada con cemento (No incluye cemento),UF1,3701,tm2 pk 20+875 - 22+650,20875,22650,TOPOGRAFIA,20,m3,353.5,1,1.3,271.9230769230769,,xls-2558
2026-05-22,13,TIERRAS,3701.02.07,EXPLANACIONES,Terraplenes (solo conformación),UF1,3701,tm2 pk 14+225 - 14+635,14225,14635,TOPOGRAFIA,20,m3,196,1,1.3,150.76923076923077,,xls-2559
2026-05-22,13,TIERRAS,3701.02.07,EXPLANACIONES,Terraplenes (solo conformación),UF1,3701,tm2 pk 17+120 - 19+000,17120,19000,TOPOGRAFIA,20,m3,700,1,1.3,538.4615384615385,,xls-2560
2026-05-22,13,TIERRAS,3701.02.07,EXPLANACIONES,Terraplenes (solo conformación),UF1,3701,tm2 pk 20+875 - 22+650,20875,22650,TOPOGRAFIA,20,m3,252,1,1.3,193.84615384615384,,xls-2561
2026-05-22,85,TIERRAS,3702.02.07,EXPLANACIONES,Terraplenes (solo conformación),UF2,3702,tm2 pk 34+445 - 35+700,34445,35700,TOPOGRAFIA,20,m3,2884,1,1.3,2218.4615384615386,,xls-2562
2026-05-22,149,TIERRAS,3701.05.04,ESTRUCTURAS,Relleno para muros de tierra MSR,UF1,3701,MSR 14+300,14300,14500,CAMPO,20,M3,98,1,1,98,,xls-2563
2026-05-21,67,DRENAJES Y ESTRUCTURAS,3701.07.08,DRENAJE LONGITUDINAL,Acero de refuerzo Fy=420 Mpa. ODL,UF1,3701,tm2 pk 12+822 - 14+225,12822,14225,CAMPO,20,kg,150,1,1,150,,xls-2564
2026-05-21,59,DRENAJES Y ESTRUCTURAS,3701.07.01,DRENAJE LONGITUDINAL,Excavaciones varias sin clasicar ODL,UF1,3701,tm2 pk 12+822 - 14+225,12822,14225,CAMPO,20,m3,5,1,1,5,,xls-2565
2026-05-21,33,DRENAJES Y ESTRUCTURAS,3701.06.04,DRENAJE TRANSVERSAL,Acero de refuerzo Fy=420 Mpa.,UF1,3701,ODT1-051,20624,20624,CAMPO,20,kg,80,1,1,80,,xls-2566
2026-05-21,31,DRENAJES Y ESTRUCTURAS,3701.06.02,DRENAJE TRANSVERSAL,Rellenos con material seleccionado,UF1,3701,ODT1-051,20624,20624,CAMPO,20,m3,11,1,1,11,,xls-2567
2026-05-21,33,DRENAJES Y ESTRUCTURAS,3701.06.04,DRENAJE TRANSVERSAL,Acero de refuerzo Fy=420 Mpa.,UF1,3701,ODT1-049,20442,20442,CAMPO,20,kg,200,1,1,200,,xls-2568
2026-05-21,30,DRENAJES Y ESTRUCTURAS,3701.06.01,DRENAJE TRANSVERSAL,Excavaciones varias sin clasicar,UF1,3701,ODT1-050,20519,20519,CAMPO,20,m3,42,1,1,42,,xls-2569
2026-05-22,109,DRENAJES Y ESTRUCTURAS,3702.06.08,DRENAJE TRANSVERSAL,"Concreto clase 21 MPA (atraques, cabezales)",UF2,3702,ODT2-021,35506,35506,CAMPO,20,m3,4,1,1,4,,xls-2570
2026-05-21,109,DRENAJES Y ESTRUCTURAS,3702.06.08,DRENAJE TRANSVERSAL,"Concreto clase 21 MPA (atraques, cabezales)",UF2,3702,ODT2-021,35506,35506,CAMPO,20,m3,12,1,1,12,,xls-2571
2026-05-21,106,DRENAJES Y ESTRUCTURAS,3702.06.05,DRENAJE TRANSVERSAL,Tubería de Concreto Reforzado de 900mm de diámetro interior (Tipo III),UF2,3702,ODT2-023,35589,35589,CAMPO,20,m,25,1,1,25,,xls-2572
2026-05-22,106,DRENAJES Y ESTRUCTURAS,3702.06.05,DRENAJE TRANSVERSAL,Tubería de Concreto Reforzado de 900mm de diámetro interior (Tipo III),UF2,3702,ODT2-023,35589,35589,CAMPO,20,m,7,1,1,7,,xls-2573
2026-05-22,109,DRENAJES Y ESTRUCTURAS,3702.06.08,DRENAJE TRANSVERSAL,"Concreto clase 21 MPA (atraques, cabezales)",UF2,3702,ODT2-023,35589,35589,CAMPO,20,m3,8,1,1,8,,xls-2574
2026-05-23,12,TIERRAS,3701.02.06,EXPLANACIONES,Excavación en material común de préstamos,UF1,3701,EL DIVISO,21500,21500,CAMPO,20,m3,1162,1,1.3,893.8461538461538,,xls-2575
2026-05-23,10,TIERRAS,3701.02.05,EXPLANACIONES,Excavaciones en material común APROVECHABLE,UF1,3701,tm2 pk 19+000 - 20+875,19000,20875,CAMPO,20,m3,658,1,1.3,506.15384615384613,,xls-2576
2026-05-23,10,TIERRAS,3701.02.05,EXPLANACIONES,Excavaciones en material común APROVECHABLE,UF1,3701,tm2 pk 14+225 - 14+635,14225,14635,CAMPO,20,m3,140,1,1.3,107.6923076923077,,xls-2577
2026-05-23,13,TIERRAS,3701.02.07,EXPLANACIONES,Terraplenes (solo conformación),UF1,3701,tm2 pk 20+875 - 22+650,20875,22650,CAMPO,20,m3,238,1,1.3,183.07692307692307,,xls-2578
2026-05-23,85,TIERRAS,3702.02.07,EXPLANACIONES,Terraplenes (solo conformación),UF2,3702,tm2 pk 34+445 - 35+700,34445,35700,CAMPO,20,m3,1610,1,1.3,1238.4615384615383,,xls-2579
2026-05-23,13,TIERRAS,3701.02.07,EXPLANACIONES,Terraplenes (solo conformación),UF1,3701,tm2 pk 14+225 - 14+635,14225,14635,CAMPO,20,m3,112,1,1.3,86.15384615384615,,xls-2580
2026-05-23,18,TIERRAS,3701.03.01,"BASES, SUBBASES Y AFIRMADOS",Subbase Granular,UF1,3701,tm2 pk 16+210 - 17+120,16210,17120,CAMPO,20,m3,524.41,1,1.3,403.39230769230767,,xls-2581
2026-05-23,18,TIERRAS,3701.03.01,"BASES, SUBBASES Y AFIRMADOS",Subbase Granular,UF1,3701,tm2 pk 17+120 - 19+000,17120,19000,CAMPO,20,m3,308.14,1,1.3,237.0307692307692,,xls-2582
2026-05-23,82,TIERRAS,3702.02.05,EXPLANACIONES,Excavaciones en material común NO APROVECHABLE,UF2,3702,tm2 pk 36+555 - 37+080,36555,37080,CAMPO,20,m3,630,1,1.3,484.6153846153846,SANEO,xls-2583
2026-05-23,78,TIERRAS,3702.02.01,EXPLANACIONES,Desmonte y limpieza en bosque,UF2,3702,tm2 pk 36+555 - 37+080,36555,37080,CAMPO,20,Ha,900,0.0001,1,0.09000000000000001,,xls-2584
2026-05-23,82,TIERRAS,3702.02.05,EXPLANACIONES,Excavaciones en material común NO APROVECHABLE,UF2,3702,tm2 pk 36+555 - 37+080,36555,37080,CAMPO,20,m3,270,1,1,270,descapote,xls-2585
2026-05-23,85,TIERRAS,3702.02.07,EXPLANACIONES,Terraplenes (solo conformación),UF2,3702,tm2 pk 36+555 - 37+080,36555,37080,CAMPO,20,m3,70,1,1.3,53.84615384615385,CRUDO DE MEJORAMIENTO,xls-2586
2026-05-23,14,TIERRAS,3701.02.08,EXPLANACIONES,Conformación y disposición de sobrantes (incluye obras de adecuación),UF1,3701,RCD 15+800,15800,15800,CAMPO,20,m3,900,1,1.3,692.3076923076923,,xls-2587
2026-05-25,12,TIERRAS,3701.02.06,EXPLANACIONES,Excavación en material común de préstamos,UF1,3701,EL DIVISO,21500,21500,CAMPO,20,m3,350,1,1.3,269.2307692307692,,xls-2588
2026-05-25,10,TIERRAS,3701.02.05,EXPLANACIONES,Excavaciones en material común APROVECHABLE,UF1,3701,tm2 pk 19+000 - 20+875,19000,20875,CAMPO,20,m3,1246,1,1.3,958.4615384615385,,xls-2589
2026-05-25,10,TIERRAS,3701.02.05,EXPLANACIONES,Excavaciones en material común APROVECHABLE,UF1,3701,tm2 pk 14+225 - 14+635,14225,14635,CAMPO,20,m3,112,1,1.3,86.15384615384615,,xls-2590
2026-05-25,10,TIERRAS,3701.02.05,EXPLANACIONES,Excavaciones en material común NO APROVECHABLE,UF1,3701,tm2 pk 19+000 - 20+875,19000,20875,CAMPO,20,m3,686,1,1.3,527.6923076923076,,xls-2591
2026-05-25,13,TIERRAS,3701.02.07,EXPLANACIONES,Terraplenes (solo conformación),UF1,3701,tm2 pk 16+210 - 17+120,16210,17120,CAMPO,20,m3,168,1,1.3,129.23076923076923,,xls-2592
2026-05-25,13,TIERRAS,3701.02.07,EXPLANACIONES,Terraplenes (solo conformación),UF1,3701,tm2 pk 17+120 - 19+000,17120,19000,CAMPO,20,m3,280,1,1.3,215.3846153846154,,xls-2593
2026-05-25,13,TIERRAS,3701.02.07,EXPLANACIONES,Terraplenes (solo conformación),UF1,3701,tm2 pk 20+875 - 22+650,20875,22650,CAMPO,20,m3,658,1,1.3,506.15384615384613,,xls-2594
2026-05-25,85,TIERRAS,3702.02.07,EXPLANACIONES,Terraplenes (solo conformación),UF2,3702,tm2 pk 34+445 - 35+700,34445,35700,CAMPO,20,m3,350,1,1.3,269.2307692307692,,xls-2595
2026-05-25,85,TIERRAS,3702.02.07,EXPLANACIONES,Terraplenes (solo conformación),UF2,3702,tm2 pk 36+555 - 37+080,36555,37080,CAMPO,20,m3,210,1,1.3,161.53846153846152,,xls-2596
2026-05-25,18,TIERRAS,3701.03.01,"BASES, SUBBASES Y AFIRMADOS",Subbase Granular,UF1,3701,tm2 pk 16+210 - 17+120,16210,17120,CAMPO,20,m3,168.29,1,1.3,129.45384615384614,,xls-2597
2026-05-25,150,TIERRAS,3701.05.05,ESTRUCTURAS,Material granular drenante MSR,UF1,3701,MSR 14+300,14300,14500,CAMPO,20,M3,15,1,1,15,,xls-2598
2026-05-25,154,TIERRAS,3701.05.09,ESTRUCTURAS,Geotextil tejido uniaxial de 2890 n (método grab md),UF1,3701,MSR 14+300,14300,14500,CAMPO,20,M2,80,1,1,80,,xls-2599
2026-05-25,155,TIERRAS,3701.05.10,ESTRUCTURAS,Geodrén planar h=1 m MSR,UF1,3701,MSR 14+300,14300,14500,CAMPO,20,M,45,1,1,45,,xls-2600
2026-05-25,149,TIERRAS,3701.05.04,ESTRUCTURAS,Relleno para muros de tierra MSR,UF1,3701,MSR 14+300,14300,14500,CAMPO,20,M3,84,1,1,84,,xls-2601
2026-05-25,14,TIERRAS,3701.02.08,EXPLANACIONES,Conformación y disposición de sobrantes (incluye obras de adecuación),UF1,3701,RCD 15+800,15800,15800,CAMPO,20,m3,686,1,1.3,527.6923076923076,,xls-2602
2026-05-26,12,TIERRAS,3701.02.06,EXPLANACIONES,Excavación en material común de préstamos,UF1,3701,EL DIVISO,21500,21500,CAMPO,20,m3,1162,1,1.3,893.8461538461538,,xls-2603
2026-05-26,10,TIERRAS,3701.02.05,EXPLANACIONES,Excavaciones en material común APROVECHABLE,UF1,3701,tm2 pk 19+000 - 20+875,19000,20875,CAMPO,20,m3,2044,1,1.3,1572.3076923076922,,xls-2604
2026-05-26,82,TIERRAS,3702.02.05,EXPLANACIONES,Excavaciones en material común NO APROVECHABLE,UF2,3702,tm2 pk 36+555 - 37+080,36555,37080,CAMPO,20,m3,650,1,1.3,500,,xls-2605
2026-05-26,14,TIERRAS,3701.02.08,EXPLANACIONES,Conformación y disposición de sobrantes (incluye obras de adecuación),UF1,3701,RCD 15+800,15800,15800,CAMPO,20,m3,650,1,1.3,500,,xls-2606
2026-05-26,13,TIERRAS,3701.02.07,EXPLANACIONES,Terraplenes (solo conformación),UF1,3701,tm2 pk 16+210 - 17+120,16210,17120,CAMPO,20,m3,434,1,1.3,333.8461538461538,,xls-2607
2026-05-26,13,TIERRAS,3701.02.07,EXPLANACIONES,Terraplenes (solo conformación),UF1,3701,tm2 pk 20+875 - 22+650,20875,22650,CAMPO,20,m3,602,1,1.3,463.07692307692304,,xls-2608
2026-05-26,85,TIERRAS,3702.02.07,EXPLANACIONES,Terraplenes (solo conformación),UF2,3702,tm2 pk 34+445 - 35+700,34445,35700,CAMPO,20,m3,2016,1,1.3,1550.7692307692307,,xls-2609
2026-05-26,85,TIERRAS,3702.02.07,EXPLANACIONES,Terraplenes (solo conformación),UF2,3702,tm2 pk 36+555 - 37+080,36555,37080,CAMPO,20,m3,84,1,1.3,64.61538461538461,CRUDO DE MEJORAMIENTO,xls-2610
2026-05-26,18,TIERRAS,3701.03.01,"BASES, SUBBASES Y AFIRMADOS",Subbase Granular,UF1,3701,tm2 pk 16+210 - 17+120,16210,17120,CAMPO,20,m3,117.8,1,1.3,90.61538461538461,,xls-2611
2026-05-26,18,TIERRAS,3701.03.01,"BASES, SUBBASES Y AFIRMADOS",Subbase Granular,UF1,3701,tm2 pk 17+120 - 19+000,17120,19000,CAMPO,20,m3,447.21,1,1.3,344.00769230769225,,xls-2612
2026-05-26,23,PAVIMENTOS,3701.04.01,PAVIMENTOS ASFALTICOS,Riego de imprimación con emulsión asfáltica,UF1,3701,tm2 pk 20+875 - 22+650,20875,22650,CAMPO,20,m2,2400,1,1,2400,,xls-2613
2026-05-25,38,DRENAJES Y ESTRUCTURAS,3701.06.09,DRENAJE TRANSVERSAL,"Concreto clase  28 MPA (encoles, descoles, box, sumideros)",UF1,3701,ODT1-049,20442,20442,CAMPO,20,m3,1.5,1,1,1.5,,xls-2614
2026-05-25,38,DRENAJES Y ESTRUCTURAS,3701.06.09,DRENAJE TRANSVERSAL,"Concreto clase  28 MPA (encoles, descoles, box, sumideros)",UF1,3701,ODT1-052,20755,20755,CAMPO,20,m3,22.5,1,1,22.5,,xls-2615
2026-05-25,106,DRENAJES Y ESTRUCTURAS,3702.06.05,DRENAJE TRANSVERSAL,Tubería de Concreto Reforzado de 900mm de diámetro interior (Tipo III),UF2,3702,ODT2-018,35241,35241,CAMPO,20,m,32,1,1,32,,xls-2616
2026-05-23,109,DRENAJES Y ESTRUCTURAS,3702.06.08,DRENAJE TRANSVERSAL,"Concreto clase 21 MPA (atraques, cabezales)",UF2,3702,ODT2-023,35589,35589,CAMPO,20,m3,10,1,1,10,,xls-2617
2026-05-25,109,DRENAJES Y ESTRUCTURAS,3702.06.08,DRENAJE TRANSVERSAL,"Concreto clase 21 MPA (atraques, cabezales)",UF2,3702,ODT2-023,35589,35589,CAMPO,20,m3,2,1,1,2,,xls-2618
2026-05-25,102,DRENAJES Y ESTRUCTURAS,3702.06.01,DRENAJE TRANSVERSAL,Excavaciones varias sin clasicar,UF2,3702,ODT2-023,35589,35589,CAMPO,20,m3,15,1,1,15,,xls-2619
2026-05-26,31,DRENAJES Y ESTRUCTURAS,3701.06.02,DRENAJE TRANSVERSAL,Rellenos con material seleccionado,UF1,3701,ODT1-049,20442,20442,CAMPO,20,m3,150,1,1,150,,xls-2620
2026-05-26,38,DRENAJES Y ESTRUCTURAS,3701.06.09,DRENAJE TRANSVERSAL,"Concreto clase  28 MPA (encoles, descoles, box, sumideros)",UF1,3701,ODT1-049,20442,20442,CAMPO,20,m3,12.5,1,1,12.5,,xls-2621
2026-05-26,105,DRENAJES Y ESTRUCTURAS,3702.06.04,DRENAJE TRANSVERSAL,Acero de refuerzo Fy=420 Mpa.,UF2,3702,ODT2-013,34737,34737,CAMPO,20,kg,200,1,1,200,,xls-2622
2026-05-26,102,DRENAJES Y ESTRUCTURAS,3702.06.01,DRENAJE TRANSVERSAL,Excavaciones varias sin clasicar,UF2,3702,ODT2-033,36702,36702,CAMPO,20,m3,31.5,1,1,31.5,,xls-2623
2026-05-26,108,DRENAJES Y ESTRUCTURAS,3702.06.07,DRENAJE TRANSVERSAL,"Concreto clase 14 MPA (solados, estructuras)",UF2,3702,ODT2-033,36702,36702,CAMPO,20,m3,3,1,1,3,,xls-2624
2026-05-26,102,DRENAJES Y ESTRUCTURAS,3702.06.01,DRENAJE TRANSVERSAL,Excavaciones varias sin clasicar,UF2,3702,ODT2-034,36817,36817,CAMPO,20,m3,32,1,1,32,,xls-2625
2026-05-25,61,DRENAJES Y ESTRUCTURAS,3701.07.03,DRENAJE LONGITUDINAL,Rellenos con material seleccionado ODL,UF1,3701,tm2 pk 12+822 - 14+225,12822,14225,CAMPO,20,m3,72,1,1,72,,xls-2626
2026-05-25,59,DRENAJES Y ESTRUCTURAS,3701.07.01,DRENAJE LONGITUDINAL,Excavaciones varias sin clasicar ODL,UF1,3701,tm2 pk 12+822 - 14+225,12822,14225,CAMPO,20,m3,25,1,1,25,,xls-2627
2026-05-25,67,DRENAJES Y ESTRUCTURAS,3701.07.08,DRENAJE LONGITUDINAL,Acero de refuerzo Fy=420 Mpa. ODL,UF1,3701,tm2 pk 12+822 - 14+225,12822,14225,CAMPO,20,kg,170,1,1,170,,xls-2628
2026-05-26,63,DRENAJES Y ESTRUCTURAS,3701.07.05,DRENAJE LONGITUDINAL,Concreto clase 28 MPA (Sumideros) ODL,UF1,3701,tm2 pk 12+822 - 14+225,12822,14225,CAMPO,20,m3,4.5,1,1,4.5,,xls-2629
2026-05-26,59,DRENAJES Y ESTRUCTURAS,3701.07.01,DRENAJE LONGITUDINAL,Excavaciones varias sin clasicar ODL,UF1,3701,tm2 pk 12+822 - 14+225,12822,14225,CAMPO,20,m3,46,1,1,46,,xls-2630
2026-05-27,12,TIERRAS,3701.02.06,EXPLANACIONES,Excavación en material común de préstamos,UF1,3701,EL DIVISO,21500,21500,CAMPO,20,m3,1750,1,1.3,1346.1538461538462,,xls-2631
2026-05-27,10,TIERRAS,3701.02.05,EXPLANACIONES,Excavaciones en material común APROVECHABLE,UF1,3701,tm2 pk 19+000 - 20+875,19000,20875,CAMPO,20,m3,3262,1,1.3,2509.230769230769,,xls-2632
2026-05-27,10,TIERRAS,3701.02.05,EXPLANACIONES,Excavaciones en material común APROVECHABLE,UF1,3701,tm2 pk 14+225 - 14+635,14225,14635,CAMPO,20,m3,182,1,1.3,140,,xls-2633
2026-05-27,10,TIERRAS,3701.02.05,EXPLANACIONES,Excavaciones en material común NO APROVECHABLE,UF1,3701,MSR 14+300,14300,14500,CAMPO,20,m3,365,1,1.3,280.7692307692308,,xls-2634
2026-05-27,82,TIERRAS,3702.02.05,EXPLANACIONES,Excavaciones en material común NO APROVECHABLE,UF2,3702,tm2 pk 36+555 - 37+080,36555,37080,CAMPO,20,m3,450,1,1.3,346.15384615384613,,xls-2635
2026-05-27,14,TIERRAS,3701.02.08,EXPLANACIONES,Conformación y disposición de sobrantes (incluye obras de adecuación),UF1,3701,RCD 15+800,15800,15800,CAMPO,20,m3,815,1,1.3,626.9230769230769,,xls-2636
2026-05-27,13,TIERRAS,3701.02.07,EXPLANACIONES,Terraplenes (solo conformación),UF1,3701,tm2 pk 14+225 - 14+635,14225,14635,CAMPO,20,m3,182,1,1.3,140,,xls-2637
2026-05-27,13,TIERRAS,3701.02.07,EXPLANACIONES,Terraplenes (solo conformación),UF1,3701,tm2 pk 16+210 - 17+120,16210,17120,CAMPO,20,m3,546,1,1.3,420,,xls-2638
2026-05-27,13,TIERRAS,3701.02.07,EXPLANACIONES,Terraplenes (solo conformación),UF1,3701,tm2 pk 20+875 - 22+650,20875,22650,CAMPO,20,m3,700,1,1.3,538.4615384615385,,xls-2639
2026-05-27,85,TIERRAS,3702.02.07,EXPLANACIONES,Terraplenes (solo conformación),UF2,3702,tm2 pk 34+445 - 35+700,34445,35700,CAMPO,20,m3,1820,1,1.3,1400,,xls-2640
2026-05-27,85,TIERRAS,3702.02.07,EXPLANACIONES,Terraplenes (solo conformación),UF2,3702,tm2 pk 36+555 - 37+080,36555,37080,CAMPO,20,m3,1806,1,1.3,1389.2307692307693,,xls-2641
2026-05-27,18,TIERRAS,3701.03.01,"BASES, SUBBASES Y AFIRMADOS",Subbase Granular,UF1,3701,tm2 pk 16+210 - 17+120,16210,17120,CAMPO,20,m3,111.8,1,1.3,86,,xls-2642
2026-05-27,18,TIERRAS,3701.03.01,"BASES, SUBBASES Y AFIRMADOS",Subbase Granular,UF1,3701,tm2 pk 17+120 - 19+000,17120,19000,CAMPO,20,m3,562,1,1.3,432.3076923076923,,xls-2643
2026-05-27,33,DRENAJES Y ESTRUCTURAS,3701.06.04,DRENAJE TRANSVERSAL,Acero de refuerzo Fy=420 Mpa.,UF1,3701,ODT1-049,20442,20442,CAMPO,20,kg,200,1,1,200,,xls-2644
2026-05-27,30,DRENAJES Y ESTRUCTURAS,3701.06.01,DRENAJE TRANSVERSAL,Excavaciones varias sin clasicar,UF1,3701,ODT1-050,20519,20519,CAMPO,20,m3,5,1,1,5,,xls-2645
2026-05-23,36,DRENAJES Y ESTRUCTURAS,3701.06.07,DRENAJE TRANSVERSAL,"Concreto clase 14 MPA (solados, estructuras)",UF1,3701,ODT1-050,20519,20519,CAMPO,20,m3,6,1,1,6,,xls-2646
2026-05-27,34,DRENAJES Y ESTRUCTURAS,3701.06.05,DRENAJE TRANSVERSAL,Tubería de Concreto Reforzado de 900mm de diámetro interior (Tipo III),UF1,3701,ODT1-050,20519,20519,CAMPO,20,m,20,1,1,20,,xls-2647
2026-05-27,33,DRENAJES Y ESTRUCTURAS,3701.06.04,DRENAJE TRANSVERSAL,Acero de refuerzo Fy=420 Mpa.,UF1,3701,ODT1-052,20755,20755,CAMPO,20,kg,110.6,1,1,110.6,,xls-2648
2026-05-27,2,DRENAJES Y ESTRUCTURAS,3701.01.02,DEMOLICIONES Y REUBICACIONES,Demolición de Estructuras,UF1,3701,ODT1-052,20755,20755,CAMPO,20,m3,0.7,1,1,0.7,,xls-2649
2026-05-27,105,DRENAJES Y ESTRUCTURAS,3702.06.04,DRENAJE TRANSVERSAL,Acero de refuerzo Fy=420 Mpa.,UF2,3702,ODT2-013,34737,34737,CAMPO,20,kg,100,1,1,100,,xls-2650
2026-05-27,110,DRENAJES Y ESTRUCTURAS,3702.06.09,DRENAJE TRANSVERSAL,"Concreto clase  28 MPA (encoles, descoles, box, sumideros)",UF2,3702,ODT2-013,34737,34737,CAMPO,20,m3,4.5,1,1,4.5,,xls-2651
2026-05-27,106,DRENAJES Y ESTRUCTURAS,3702.06.05,DRENAJE TRANSVERSAL,Tubería de Concreto Reforzado de 900mm de diámetro interior (Tipo III),UF2,3702,ODT2-033,36702,36702,CAMPO,20,m,21,1,1,21,,xls-2652
2026-05-27,109,DRENAJES Y ESTRUCTURAS,3702.06.08,DRENAJE TRANSVERSAL,"Concreto clase 21 MPA (atraques, cabezales)",UF2,3702,ODT2-033,36702,36702,CAMPO,20,m3,7,1,1,7,,xls-2653
2026-05-27,82,TIERRAS,3702.02.05,EXPLANACIONES,Excavaciones en material común NO APROVECHABLE,UF2,3702,ODT2-034,36817,36817,CAMPO,20,m3,220,1,1,220,,xls-2654
2026-05-27,102,DRENAJES Y ESTRUCTURAS,3702.06.01,DRENAJE TRANSVERSAL,Excavaciones varias sin clasicar,UF2,3702,ODT2-034,36817,36817,CAMPO,20,m3,12,1,1,12,,xls-2655
2026-05-27,108,DRENAJES Y ESTRUCTURAS,3702.06.07,DRENAJE TRANSVERSAL,"Concreto clase 14 MPA (solados, estructuras)",UF2,3702,ODT2-034,36817,36817,CAMPO,20,m3,7.5,1,1,7.5,,xls-2656
2026-05-28,10,TIERRAS,3701.02.05,EXPLANACIONES,Excavaciones en material común APROVECHABLE,UF1,3701,tm2 pk 19+000 - 20+875,19000,20875,CAMPO,20,m3,4074,1,1.3,3133.846153846154,,xls-2657
2026-05-28,10,TIERRAS,3701.02.05,EXPLANACIONES,Excavaciones en material común APROVECHABLE,UF1,3701,MSR 14+300,14300,14500,CAMPO,20,m3,70,1,1.3,53.84615384615385,,xls-2658
2026-05-28,82,TIERRAS,3702.02.05,EXPLANACIONES,Excavaciones en material común NO APROVECHABLE,UF2,3702,tm2 pk 36+555 - 37+080,36555,37080,CAMPO,20,m3,238,1,1.3,183.07692307692307,,xls-2659
2026-05-28,13,TIERRAS,3701.02.07,EXPLANACIONES,Terraplenes (solo conformación),UF1,3701,tm2 pk 16+210 - 17+120,16210,17120,CAMPO,20,m3,1036,1,1.3,796.9230769230769,,xls-2660
2026-05-28,13,TIERRAS,3701.02.07,EXPLANACIONES,Terraplenes (solo conformación),UF1,3701,tm2 pk 17+120 - 19+000,17120,19000,CAMPO,20,m3,28,1,1.3,21.538461538461537,,xls-2661
2026-05-28,13,TIERRAS,3701.02.07,EXPLANACIONES,Terraplenes (solo conformación),UF1,3701,tm2 pk 20+875 - 22+650,20875,22650,CAMPO,20,m3,560,1,1.3,430.7692307692308,,xls-2662
2026-05-28,85,TIERRAS,3702.02.07,EXPLANACIONES,Terraplenes (solo conformación),UF2,3702,tm2 pk 34+445 - 35+700,34445,35700,CAMPO,20,m3,2016,1,1.3,1550.7692307692307,,xls-2663
2026-05-28,85,TIERRAS,3702.02.07,EXPLANACIONES,Terraplenes (solo conformación),UF2,3702,tm2 pk 34+445 - 35+700,34445,35700,CAMPO,20,m3,168,1,1.3,129.23076923076923,,xls-2664
2026-05-28,13,TIERRAS,3701.02.07,EXPLANACIONES,Terraplenes (solo conformación),UF1,3701,tm2 pk 12+822 - 14+225,12822,14225,CAMPO,20,m3,126,1,1.3,96.92307692307692,,xls-2665
2026-05-28,19,TIERRAS,3701.03.03,"BASES, SUBBASES Y AFIRMADOS",Base granular estabilizada con cemento (No incluye cemento),UF1,3701,tm2 pk 16+210 - 17+120,16210,17120,CAMPO,20,m3,605.84,1,1.3,466.03076923076924,,xls-2666
2026-05-28,23,PAVIMENTOS,3701.04.01,PAVIMENTOS ASFALTICOS,Riego de imprimación con emulsión asfáltica,UF1,3701,tm2 pk 20+875 - 22+650,20875,22650,CAMPO,20,m2,3360,1,1,3360,,xls-2667
2026-05-28,18,TIERRAS,3701.03.01,"BASES, SUBBASES Y AFIRMADOS",Subbase Granular,UF1,3701,tm2 pk 17+120 - 19+000,17120,19000,CAMPO,20,m3,591.09,1,1.3,454.68461538461537,,xls-2668
2026-05-28,6,TIERRAS,3701.02.01,EXPLANACIONES,Desmonte y limpieza en bosque,UF1,3701,tm2 pk 25+530 - 26+612,25530,26612,CAMPO,20,Ha,1600,0.0001,1,0.16,,xls-2669
2026-05-28,10,TIERRAS,3701.02.05,EXPLANACIONES,Excavaciones en material común NO APROVECHABLE,UF1,3701,tm2 pk 25+530 - 26+612,25530,26612,CAMPO,20,m3,480,1,1,480,descapote,xls-2670
2026-05-28,14,TIERRAS,3701.02.08,EXPLANACIONES,Conformación y disposición de sobrantes (incluye obras de adecuación),UF1,3701,RCD 15+800,15800,15800,CAMPO,20,m3,718,1,1.3,552.3076923076923,,xls-2671
2026-05-28,149,TIERRAS,3701.05.04,ESTRUCTURAS,Relleno para muros de tierra MSR,UF1,3701,MSR 14+300,14300,14500,CAMPO,20,M3,84,1,1,84,,xls-2672
2026-05-28,156,TIERRAS,3701.05.11,ESTRUCTURAS,Geobolsas de geotextil (propybag) MSR,UF1,3701,MSR 14+300,14300,14500,CAMPO,20,UND,50,1,1,50,,xls-2673
2026-05-28,152,TIERRAS,3701.05.07,ESTRUCTURAS,Geomalla tejida uniaxial de 115 kn/m (método md),UF1,3701,MSR 14+300,14300,14500,CAMPO,20,M2,375,1,1,375,,xls-2674
2026-05-28,154,TIERRAS,3701.05.09,ESTRUCTURAS,Geotextil tejido uniaxial de 2890 n (método grab md),UF1,3701,MSR 14+300,14300,14500,CAMPO,20,M2,293,1,1,293,,xls-2675
2026-05-28,150,TIERRAS,3701.05.05,ESTRUCTURAS,Material granular drenante MSR,UF1,3701,MSR 14+300,14300,14500,CAMPO,20,M3,57,1,1,57,,xls-2676
2026-05-28,33,DRENAJES Y ESTRUCTURAS,3701.06.04,DRENAJE TRANSVERSAL,Acero de refuerzo Fy=420 Mpa.,UF1,3701,ODT1-049,20442,20442,CAMPO,20,kg,200,1,1,200,,xls-2677
2026-05-28,34,DRENAJES Y ESTRUCTURAS,3701.06.05,DRENAJE TRANSVERSAL,Tubería de Concreto Reforzado de 900mm de diámetro interior (Tipo III),UF1,3701,odt1-050,20519,20519,CAMPO,20,m,10,1,1,10,,xls-2678
2026-05-28,36,DRENAJES Y ESTRUCTURAS,3701.06.07,DRENAJE TRANSVERSAL,"Concreto clase 14 MPA (solados, estructuras)",UF1,3701,ODT1-050,20519,20519,CAMPO,20,m3,1,1,1,1,,xls-2679
2026-05-28,2,DRENAJES Y ESTRUCTURAS,3701.01.02,DEMOLICIONES Y REUBICACIONES,Demolición de Estructuras,UF1,3701,ODT1-052,20755,20755,CAMPO,20,m3,0.8,1,1,0.8,,xls-2680
2026-05-28,33,DRENAJES Y ESTRUCTURAS,3701.06.04,DRENAJE TRANSVERSAL,Acero de refuerzo Fy=420 Mpa.,UF1,3701,ODT1-052,20755,20755,CAMPO,20,kg,270,1,1,270,,xls-2681
2026-05-28,38,DRENAJES Y ESTRUCTURAS,3701.06.09,DRENAJE TRANSVERSAL,"Concreto clase  28 MPA (encoles, descoles, box, sumideros)",UF1,3701,ODT1-052,20755,20755,CAMPO,20,m3,3.5,1,1,3.5,,xls-2682
2026-05-28,105,DRENAJES Y ESTRUCTURAS,3702.06.04,DRENAJE TRANSVERSAL,Acero de refuerzo Fy=420 Mpa.,UF2,3702,ODT2-013,34737,34737,CAMPO,20,kg,238.56,1,1,238.56,,xls-2683
2026-05-28,106,DRENAJES Y ESTRUCTURAS,3702.06.05,DRENAJE TRANSVERSAL,Tubería de Concreto Reforzado de 900mm de diámetro interior (Tipo III),UF2,3702,ODT2-034,36817,36817,CAMPO,20,m,32,1,1,32,,xls-2684
2026-05-30,19,TIERRAS,3701.03.03,"BASES, SUBBASES Y AFIRMADOS",Base granular estabilizada con cemento (No incluye cemento),UF1,3701,tm2 pk 16+210 - 17+120,16210,17120,CAMPO,20,m3,419.2,1,1.3,322.46153846153845,,xls-2685
2026-05-30,18,TIERRAS,3701.03.01,"BASES, SUBBASES Y AFIRMADOS",Subbase Granular,UF1,3701,tm2 pk 17+120 - 19+000,17120,19000,CAMPO,20,m3,123.93,1,1.3,95.33076923076923,,xls-2686
2026-06-01,10,TIERRAS,3701.02.05,EXPLANACIONES,Excavaciones en material común APROVECHABLE,UF1,3701,tm2 pk 19+000 - 20+875,19000,20875,CAMPO,20,m3,3640,1,1.3,2800,,xls-2687
2026-06-01,12,TIERRAS,3701.02.06,EXPLANACIONES,Excavación en material común de préstamos,UF1,3701,EL DIVISO,21500,21500,CAMPO,20,m3,1092,1,1.3,840,,xls-2688
2026-06-01,82,TIERRAS,3702.02.05,EXPLANACIONES,Excavaciones en material común NO APROVECHABLE,UF2,3702,tm2 pk 36+555 - 37+080,36555,37080,CAMPO,20,m3,480,1,1.3,369.2307692307692,,xls-2689
2026-06-01,10,TIERRAS,3701.02.05,EXPLANACIONES,Excavaciones en material común NO APROVECHABLE,UF1,3701,tm2 pk 25+530 - 26+612,25530,26612,CAMPO,20,m3,600,1,1.3,461.53846153846155,,xls-2690
2026-06-01,13,TIERRAS,3701.02.07,EXPLANACIONES,Terraplenes (solo conformación),UF1,3701,tm2 pk 20+875 - 22+650,20875,22650,CAMPO,20,m3,910,1,1.3,700,,xls-2691
2026-06-01,13,TIERRAS,3701.02.07,EXPLANACIONES,Terraplenes (solo conformación),UF1,3701,tm2 pk 25+530 - 26+612,25530,26612,CAMPO,20,m3,784,1,1.3,603.0769230769231,,xls-2692
2026-06-01,85,TIERRAS,3702.02.07,EXPLANACIONES,Terraplenes (solo conformación),UF2,3702,tm2 pk 34+445 - 35+700,34445,35700,CAMPO,20,m3,2800,1,1.3,2153.846153846154,,xls-2693
2026-06-01,6,TIERRAS,3701.02.01,EXPLANACIONES,Desmonte y limpieza en bosque,UF1,3701,tm2 pk 25+530 - 26+612,25530,26612,CAMPO,20,Ha,1200,0.0001,1,0.12000000000000001,,xls-2694
2026-06-01,19,TIERRAS,3701.03.03,"BASES, SUBBASES Y AFIRMADOS",Base granular estabilizada con cemento (No incluye cemento),UF1,3701,tm2 pk 16+210 - 17+120,16210,17120,CAMPO,20,m3,687.64,1,1.3,528.9538461538461,,xls-2695
2026-06-01,18,TIERRAS,3701.03.01,"BASES, SUBBASES Y AFIRMADOS",Subbase Granular,UF1,3701,tm2 pk 17+120 - 19+000,17120,19000,CAMPO,20,m3,268.2,1,1.3,206.3076923076923,,xls-2696
2026-06-02,10,TIERRAS,3701.02.05,EXPLANACIONES,Excavaciones en material común APROVECHABLE,UF1,3701,tm2 pk 19+000 - 20+875,19000,20875,CAMPO,20,m3,2744,1,1.3,2110.7692307692305,,xls-2697
2026-06-02,12,TIERRAS,3701.02.06,EXPLANACIONES,Excavación en material común de préstamos,UF1,3701,EL DIVISO,21500,21500,CAMPO,20,m3,2044,1,1.3,1572.3076923076922,,xls-2698
2026-06-02,10,TIERRAS,3701.02.05,EXPLANACIONES,Excavaciones en material común NO APROVECHABLE,UF1,3701,tm2 pk 17+120 - 19+000,17120,19000,CAMPO,20,m3,140,1,1.3,107.6923076923077,,xls-2699
2026-06-02,13,TIERRAS,3701.02.07,EXPLANACIONES,Terraplenes (solo conformación),UF1,3701,tm2 pk 16+210 - 17+120,16210,17120,CAMPO,20,m3,602,1,1.3,463.07692307692304,,xls-2700
2026-06-02,13,TIERRAS,3701.02.07,EXPLANACIONES,Terraplenes (solo conformación),UF1,3701,tm2 pk 20+875 - 22+650,20875,22650,CAMPO,20,m3,532,1,1.3,409.2307692307692,,xls-2701
2026-06-02,13,TIERRAS,3701.02.07,EXPLANACIONES,Terraplenes (solo conformación),UF1,3701,tm2 pk 25+530 - 26+612,25530,26612,CAMPO,20,m3,1120,1,1.3,861.5384615384615,,xls-2702
2026-06-02,85,TIERRAS,3702.02.07,EXPLANACIONES,Terraplenes (solo conformación),UF2,3702,tm2 pk 34+445 - 35+700,34445,35700,CAMPO,20,m3,2394,1,1.3,1841.5384615384614,,xls-2703
2026-06-02,19,TIERRAS,3701.03.03,"BASES, SUBBASES Y AFIRMADOS",Base granular estabilizada con cemento (No incluye cemento),UF1,3701,tm2 pk 16+210 - 17+120,16210,17120,CAMPO,20,m3,425.48,1,1.3,327.2923076923077,,xls-2704
2026-06-02,18,TIERRAS,3701.03.01,"BASES, SUBBASES Y AFIRMADOS",Subbase Granular,UF1,3701,tm2 pk 17+120 - 19+000,17120,19000,CAMPO,20,m3,351.37,1,1.3,270.2846153846154,,xls-2705
2026-06-02,149,TIERRAS,3701.05.04,ESTRUCTURAS,Relleno para muros de tierra MSR,UF1,3701,MSR 14+300,14300,14500,CAMPO,20,M3,126,1,1,126,,xls-2706
2026-06-03,10,TIERRAS,3701.02.05,EXPLANACIONES,Excavaciones en material común APROVECHABLE,UF1,3701,tm2 pk 19+000 - 20+875,19000,20875,CAMPO,20,m3,1302,1,1.3,1001.5384615384615,,xls-2707
2026-06-03,12,TIERRAS,3701.02.06,EXPLANACIONES,Excavación en material común de préstamos,UF1,3701,EL DIVISO,21500,21500,CAMPO,20,m3,2898,1,1.3,2229.230769230769,,xls-2708
2026-06-03,10,TIERRAS,3701.02.05,EXPLANACIONES,Excavaciones en material común NO APROVECHABLE,UF1,3701,tm2 pk 17+120 - 19+000,17120,19000,CAMPO,20,m3,700,1,1.3,538.4615384615385,,xls-2709
2026-06-03,13,TIERRAS,3701.02.07,EXPLANACIONES,Terraplenes (solo conformación),UF1,3701,tm2 pk 16+210 - 17+120,16210,17120,CAMPO,20,m3,182,1,1.3,140,,xls-2710
2026-06-03,13,TIERRAS,3701.02.07,EXPLANACIONES,Terraplenes (solo conformación),UF1,3701,tm2 pk 25+530 - 26+612,25530,26612,CAMPO,20,m3,700,1,1.3,538.4615384615385,,xls-2711
2026-06-03,85,TIERRAS,3702.02.07,EXPLANACIONES,Terraplenes (solo conformación),UF2,3702,tm2 pk 34+445 - 35+700,34445,35700,CAMPO,20,m3,2968,1,1.3,2283.076923076923,,xls-2712
2026-06-03,19,TIERRAS,3701.03.03,"BASES, SUBBASES Y AFIRMADOS",Base granular estabilizada con cemento (No incluye cemento),UF1,3701,tm2 pk 16+210 - 17+120,16210,17120,CAMPO,20,m3,393.11,1,1.3,302.39230769230767,,xls-2713
2026-06-03,18,TIERRAS,3701.03.01,"BASES, SUBBASES Y AFIRMADOS",Subbase Granular,UF1,3701,tm2 pk 17+120 - 19+000,17120,19000,CAMPO,20,m3,411.01,1,1.3,316.16153846153844,,xls-2714
2026-06-03,18,TIERRAS,3701.03.01,"BASES, SUBBASES Y AFIRMADOS",Subbase Granular,UF1,3701,tm2 pk 16+210 - 17+120,16210,17120,CAMPO,20,m3,134,1,1.3,103.07692307692308,,xls-2715
2026-06-03,154,TIERRAS,3701.05.09,ESTRUCTURAS,Geotextil tejido uniaxial de 2890 n (método grab md),UF1,3701,MSR 14+300,14300,14500,CAMPO,20,M2,263,1,1,263,,xls-2716
2026-06-03,153,TIERRAS,3701.05.08,ESTRUCTURAS,Geotextil tejido uniaxial de 1480 n (método grab md),UF1,3701,MSR 14+300,14300,14500,CAMPO,20,M2,52,1,1,52,,xls-2717
2026-06-03,152,TIERRAS,3701.05.07,ESTRUCTURAS,Geomalla tejida uniaxial de 115 kn/m (método md),UF1,3701,MSR 14+300,14300,14500,CAMPO,20,M2,324,1,1,324,,xls-2718
2026-06-03,150,TIERRAS,3701.05.05,ESTRUCTURAS,Material granular drenante MSR,UF1,3701,MSR 14+300,14300,14500,CAMPO,20,M3,42,1,1,42,,xls-2719
2026-06-03,148,TIERRAS,3701.05.03,ESTRUCTURAS,"Tubería PVC d=4"" para drenaje perforada MSR",UF1,3701,MSR 14+300,14300,14500,CAMPO,20,M,15,1,1,15,,xls-2720
2026-06-03,156,TIERRAS,3701.05.11,ESTRUCTURAS,Geobolsas de geotextil (propybag) MSR,UF1,3701,MSR 14+300,14300,14500,CAMPO,20,UND,120,1,1,120,,xls-2721
2026-06-03,149,TIERRAS,3701.05.04,ESTRUCTURAS,Relleno para muros de tierra MSR,UF1,3701,MSR 14+300,14300,14500,CAMPO,20,M3,140,1,1,140,,xls-2722
2026-06-02,155,TIERRAS,3701.05.10,ESTRUCTURAS,Geodrén planar h=1 m MSR,UF1,3701,MSR 14+300,14300,14500,CAMPO,20,M,120,1,1,120,,xls-2723
2026-05-29,38,DRENAJES Y ESTRUCTURAS,3701.06.09,DRENAJE TRANSVERSAL,"Concreto clase  28 MPA (encoles, descoles, box, sumideros)",UF1,3701,ODT1-049,20442,20442,CAMPO,20,m3,8,1,1,8,,xls-2724
2026-05-29,37,DRENAJES Y ESTRUCTURAS,3701.06.08,DRENAJE TRANSVERSAL,"Concreto clase 21 MPA (atraques, cabezales)",UF1,3701,ODT1-050,20519,20519,CAMPO,20,m3,6.5,1,1,6.5,,xls-2725
2026-05-29,33,DRENAJES Y ESTRUCTURAS,3701.06.04,DRENAJE TRANSVERSAL,Acero de refuerzo Fy=420 Mpa.,UF1,3701,ODT1-052,20755,20755,CAMPO,20,kg,250,1,1,250,,xls-2726
2026-05-29,31,DRENAJES Y ESTRUCTURAS,3701.06.02,DRENAJE TRANSVERSAL,Rellenos con material seleccionado,UF1,3701,ODT1-052,20755,20755,CAMPO,20,m3,40,1,1,40,,xls-2727
2026-05-29,2,DRENAJES Y ESTRUCTURAS,3701.01.02,DEMOLICIONES Y REUBICACIONES,Demolición de Estructuras,UF1,3701,ODT1-052,20755,20755,CAMPO,20,m3,0.5,1,1,0.5,,xls-2728
2026-05-29,105,DRENAJES Y ESTRUCTURAS,3702.06.04,DRENAJE TRANSVERSAL,Acero de refuerzo Fy=420 Mpa.,UF2,3702,ODT2-013,34737,34737,CAMPO,20,kg,102.9,1,1,102.9,,xls-2729
2026-05-29,106,DRENAJES Y ESTRUCTURAS,3702.06.05,DRENAJE TRANSVERSAL,Tubería de Concreto Reforzado de 900mm de diámetro interior (Tipo III),UF2,3702,ODT2-034,36817,36817,CAMPO,20,m,8,1,1,8,,xls-2730
2026-05-29,131,DRENAJES Y ESTRUCTURAS,3702.07.01,DRENAJE LONGITUDINAL,Excavaciones varias sin clasicar ODL,UF2,3702,tm2 pk 32+508 - 33+090,32508,33090,CAMPO,20,m3,20,1,1,20,,xls-2731
2026-05-29,139,DRENAJES Y ESTRUCTURAS,3702.07.08,DRENAJE LONGITUDINAL,Acero de refuerzo Fy=420 Mpa. ODL,UF2,3702,tm2 pk 32+508 - 33+090,32508,33090,CAMPO,20,kg,293,1,1,293,,xls-2732
2026-05-30,33,DRENAJES Y ESTRUCTURAS,3701.06.04,DRENAJE TRANSVERSAL,Acero de refuerzo Fy=420 Mpa.,UF1,3701,ODT1-052,20755,20755,CAMPO,20,kg,100,1,1,100,,xls-2733
2026-05-30,105,DRENAJES Y ESTRUCTURAS,3702.06.04,DRENAJE TRANSVERSAL,Acero de refuerzo Fy=420 Mpa.,UF2,3702,ODT2-013,34737,34737,CAMPO,20,kg,102.9,1,1,102.9,,xls-2734
2026-05-30,131,DRENAJES Y ESTRUCTURAS,3702.07.01,DRENAJE LONGITUDINAL,Excavaciones varias sin clasicar ODL,UF2,3702,tm2 pk 32+508 - 33+090,32508,33090,CAMPO,20,m3,25,1,1,25,,xls-2735
2026-06-01,33,DRENAJES Y ESTRUCTURAS,3701.06.04,DRENAJE TRANSVERSAL,Acero de refuerzo Fy=420 Mpa.,UF1,3701,ODT1-049,20442,20442,CAMPO,20,kg,230,1,1,230,,xls-2736
2026-06-01,37,DRENAJES Y ESTRUCTURAS,3701.06.08,DRENAJE TRANSVERSAL,"Concreto clase 21 MPA (atraques, cabezales)",UF1,3701,ODT1-050,20519,20519,CAMPO,20,m3,3,1,1,3,,xls-2737
2026-06-01,33,DRENAJES Y ESTRUCTURAS,3701.06.04,DRENAJE TRANSVERSAL,Acero de refuerzo Fy=420 Mpa.,UF1,3701,ODT1-050,20519,20519,CAMPO,20,kg,150,1,1,150,,xls-2738
2026-06-01,33,DRENAJES Y ESTRUCTURAS,3701.06.04,DRENAJE TRANSVERSAL,Acero de refuerzo Fy=420 Mpa.,UF1,3701,ODT1-052,20755,20755,CAMPO,20,kg,250,1,1,250,,xls-2739
2026-06-01,38,DRENAJES Y ESTRUCTURAS,3701.06.09,DRENAJE TRANSVERSAL,"Concreto clase  28 MPA (encoles, descoles, box, sumideros)",UF1,3701,ODT1-052,20755,20755,CAMPO,20,m3,5.5,1,1,5.5,,xls-2740
2026-06-01,103,DRENAJES Y ESTRUCTURAS,3702.06.02,DRENAJE TRANSVERSAL,Rellenos con material seleccionado,UF2,3702,ODT2-033,36702,36702,CAMPO,20,m3,60,1,1,60,,xls-2741
2026-06-01,109,DRENAJES Y ESTRUCTURAS,3702.06.08,DRENAJE TRANSVERSAL,"Concreto clase 21 MPA (atraques, cabezales)",UF2,3702,ODT2-034,36817,36817,CAMPO,20,m3,8,1,1,8,,xls-2742
2026-06-01,131,DRENAJES Y ESTRUCTURAS,3702.07.01,DRENAJE LONGITUDINAL,Excavaciones varias sin clasicar ODL,UF2,3702,tm2 pk 32+508 - 33+090,32508,33090,CAMPO,20,m3,35,1,1,35,,xls-2743
2026-06-02,30,DRENAJES Y ESTRUCTURAS,3701.06.01,DRENAJE TRANSVERSAL,Excavaciones varias sin clasicar,UF1,3701,ODT1-050,20519,20519,CAMPO,20,m3,0.5,1,1,0.5,,xls-2744
2026-06-02,38,DRENAJES Y ESTRUCTURAS,3701.06.09,DRENAJE TRANSVERSAL,"Concreto clase  28 MPA (encoles, descoles, box, sumideros)",UF1,3701,ODT1-050,20519,20519,CAMPO,20,m3,4.7,1,1,4.7,,xls-2745
2026-06-02,33,DRENAJES Y ESTRUCTURAS,3701.06.04,DRENAJE TRANSVERSAL,Acero de refuerzo Fy=420 Mpa.,UF1,3701,ODT1-050,20519,20519,CAMPO,20,kg,200,1,1,200,,xls-2746
2026-06-02,2,DRENAJES Y ESTRUCTURAS,3701.01.02,DEMOLICIONES Y REUBICACIONES,Demolición de Estructuras,UF1,3701,ODT1-052,20755,20755,CAMPO,20,m3,0.5,1,1,0.5,,xls-2747
2026-06-02,103,DRENAJES Y ESTRUCTURAS,3702.06.02,DRENAJE TRANSVERSAL,Rellenos con material seleccionado,UF2,3702,ODT2-013,34737,34737,CAMPO,20,m3,80,1,1,80,,xls-2748
2026-06-02,102,DRENAJES Y ESTRUCTURAS,3702.06.01,DRENAJE TRANSVERSAL,Excavaciones varias sin clasicar,UF2,3702,ODT2-036,37036,37036,CAMPO,20,m3,39.27,1,1,39.27,,xls-2749
2026-06-02,108,DRENAJES Y ESTRUCTURAS,3702.06.07,DRENAJE TRANSVERSAL,"Concreto clase 14 MPA (solados, estructuras)",UF2,3702,ODT2-036,37036,37036,CAMPO,20,m3,5,1,1,5,,xls-2750
2026-06-02,109,DRENAJES Y ESTRUCTURAS,3702.06.08,DRENAJE TRANSVERSAL,"Concreto clase 21 MPA (atraques, cabezales)",UF2,3702,ODT2-034,36817,36817,CAMPO,20,m3,5,1,1,5,,xls-2751
2026-06-02,109,DRENAJES Y ESTRUCTURAS,3702.06.08,DRENAJE TRANSVERSAL,"Concreto clase 21 MPA (atraques, cabezales)",UF2,3702,ODT2-034,36817,36817,CAMPO,20,m3,3,1,1,3,,xls-2752
2026-06-02,112,DRENAJES Y ESTRUCTURAS,3702.06.11,DRENAJE TRANSVERSAL,Piedra pegada en concreto de 17.5 Mpa para canales de adecuación y protección de descoles (e=10cm),UF2,3702,ODT2-008,32732,32732,CAMPO,20,m2,2,1,1,2,,xls-2753
2026-06-02,131,DRENAJES Y ESTRUCTURAS,3702.07.01,DRENAJE LONGITUDINAL,Excavaciones varias sin clasicar ODL,UF2,3702,tm2 pk 32+508 - 33+090,32508,33090,CAMPO,20,m3,55,1,1,55,,xls-2754
2026-06-03,31,DRENAJES Y ESTRUCTURAS,3701.06.02,DRENAJE TRANSVERSAL,Rellenos con material seleccionado,UF1,3701,ODT1-049,20442,20442,CAMPO,20,m3,98,1,1,98,,xls-2755
2026-06-03,38,DRENAJES Y ESTRUCTURAS,3701.06.09,DRENAJE TRANSVERSAL,"Concreto clase  28 MPA (encoles, descoles, box, sumideros)",UF1,3701,ODT1-049,20442,20442,CAMPO,20,m3,8,1,1,8,,xls-2756
2026-06-03,33,DRENAJES Y ESTRUCTURAS,3701.06.04,DRENAJE TRANSVERSAL,Acero de refuerzo Fy=420 Mpa.,UF1,3701,ODT1-050,20519,20519,CAMPO,20,kg,250,1,1,250,,xls-2757
2026-06-03,33,DRENAJES Y ESTRUCTURAS,3701.06.04,DRENAJE TRANSVERSAL,Acero de refuerzo Fy=420 Mpa.,UF1,3701,ODT1-052,20755,20755,CAMPO,20,kg,100,1,1,100,,xls-2758
2026-06-03,38,DRENAJES Y ESTRUCTURAS,3701.06.09,DRENAJE TRANSVERSAL,"Concreto clase  28 MPA (encoles, descoles, box, sumideros)",UF1,3701,ODT1-052,20755,20755,CAMPO,20,m3,2.8,1,1,2.8,,xls-2759
2026-06-03,110,DRENAJES Y ESTRUCTURAS,3702.06.09,DRENAJE TRANSVERSAL,"Concreto clase  28 MPA (encoles, descoles, box, sumideros)",UF2,3702,ODT2-013,34737,34737,CAMPO,20,m3,4.5,1,1,4.5,,xls-2760
2026-06-03,106,DRENAJES Y ESTRUCTURAS,3702.06.05,DRENAJE TRANSVERSAL,Tubería de Concreto Reforzado de 900mm de diámetro interior (Tipo III),UF2,3702,ODT2-036,37036,37036,CAMPO,20,m,34,1,1,34,,xls-2761
2026-06-03,108,DRENAJES Y ESTRUCTURAS,3702.06.07,DRENAJE TRANSVERSAL,"Concreto clase 14 MPA (solados, estructuras)",UF2,3702,ODT2-036,37036,37036,CAMPO,20,m3,0,1,1,0,,xls-2762
2026-06-04,109,DRENAJES Y ESTRUCTURAS,3702.06.08,DRENAJE TRANSVERSAL,"Concreto clase 21 MPA (atraques, cabezales)",UF2,3702,ODT2-036,37036,37036,CAMPO,20,m3,7.5,1,1,7.5,,xls-2763
2026-06-03,103,DRENAJES Y ESTRUCTURAS,3702.06.02,DRENAJE TRANSVERSAL,Rellenos con material seleccionado,UF2,3702,ODT2-034,36817,36817,CAMPO,20,m3,160.5,1,1,160.5,,xls-2764
2026-06-03,137,DRENAJES Y ESTRUCTURAS,3702.07.07,DRENAJE LONGITUDINAL,Concreto clase 14 MPA (solados) ODL,UF2,3702,tm2 pk 32+508 - 33+090,32508,33090,CAMPO,20,m3,2,1,1,2,,xls-2765
2026-06-03,141,DRENAJES Y ESTRUCTURAS,3702.07.10,DRENAJE LONGITUDINAL,Tubería de Concreto Reforzado de 600 mm de diámetro interior ODL,UF2,3702,tm2 pk 32+508 - 33+090,32508,33090,CAMPO,20,m,5,1,1,5,,xls-2766
2026-06-03,131,DRENAJES Y ESTRUCTURAS,3702.07.01,DRENAJE LONGITUDINAL,Excavaciones varias sin clasicar ODL,UF2,3702,tm2 pk 32+508 - 33+090,32508,33090,CAMPO,20,m3,21,1,1,21,,xls-2767
2026-06-04,137,DRENAJES Y ESTRUCTURAS,3702.07.07,DRENAJE LONGITUDINAL,Concreto clase 14 MPA (solados) ODL,UF2,3702,tm2 pk 32+508 - 33+090,32508,33090,CAMPO,20,m3,2,1,1,2,,xls-2768
2026-06-04,135,DRENAJES Y ESTRUCTURAS,3702.07.05,DRENAJE LONGITUDINAL,Concreto clase 28 MPA (Sumideros)  ODL,UF2,3702,tm2 pk 32+508 - 33+090,32508,33090,CAMPO,20,m3,2,1,1,2,,xls-2769
2026-06-04,131,DRENAJES Y ESTRUCTURAS,3702.07.01,DRENAJE LONGITUDINAL,Excavaciones varias sin clasicar ODL,UF2,3702,tm2 pk 32+508 - 33+090,32508,33090,CAMPO,20,m3,18,1,1,18,,xls-2770
2026-06-05,10,TIERRAS,3701.02.05,EXPLANACIONES,Excavaciones en material común APROVECHABLE,UF1,3701,tm2 pk 19+000 - 20+875,19000,20875,CAMPO,20,m3,1092,1,1.3,840,,xls-2771
2026-06-05,12,TIERRAS,3701.02.06,EXPLANACIONES,Excavación en material común de préstamos,UF1,3701,EL DIVISO,21500,21500,CAMPO,20,m3,1904,1,1.3,1464.6153846153845,,xls-2772
2026-06-05,10,TIERRAS,3701.02.05,EXPLANACIONES,Excavaciones en material común NO APROVECHABLE,UF1,3701,tm2 pk 19+000 - 20+875,19000,20875,CAMPO,20,m3,304,1,1.3,233.84615384615384,,xls-2773
2026-06-05,13,TIERRAS,3701.02.07,EXPLANACIONES,Terraplenes (solo conformación),UF1,3701,tm2 pk 19+000 - 20+875,19000,20875,CAMPO,20,m3,588,1,1.3,452.30769230769226,,xls-2774
2026-06-05,13,TIERRAS,3701.02.07,EXPLANACIONES,Terraplenes (solo conformación),UF1,3701,tm2 pk 25+530 - 26+612,25530,26612,CAMPO,20,m3,1008,1,1.3,775.3846153846154,,xls-2775
2026-06-05,85,TIERRAS,3702.02.07,EXPLANACIONES,Terraplenes (solo conformación),UF2,3702,tm2 pk 34+445 - 35+700,34445,35700,CAMPO,20,m3,1638,1,1.3,1260,,xls-2776
2026-06-05,18,TIERRAS,3701.03.01,"BASES, SUBBASES Y AFIRMADOS",Subbase Granular,UF1,3701,tm2 pk 17+120 - 19+000,17120,19000,CAMPO,20,m3,149.42,1,1.3,114.93846153846152,,xls-2777
2026-06-06,10,TIERRAS,3701.02.05,EXPLANACIONES,Excavaciones en material común APROVECHABLE,UF1,3701,tm2 pk 19+000 - 20+875,19000,20875,CAMPO,20,m3,924,1,1.3,710.7692307692307,,xls-2778
2026-06-06,12,TIERRAS,3701.02.06,EXPLANACIONES,Excavación en material común de préstamos,UF1,3701,EL DIVISO,21500,21500,CAMPO,20,m3,1946,1,1.3,1496.923076923077,,xls-2779
2026-06-06,13,TIERRAS,3701.02.07,EXPLANACIONES,Terraplenes (solo conformación),UF1,3701,tm2 pk 19+000 - 20+875,19000,20875,CAMPO,20,m3,294,1,1.3,226.15384615384613,,xls-2780
2026-06-06,13,TIERRAS,3701.02.07,EXPLANACIONES,Terraplenes (solo conformación),UF1,3701,tm2 pk 25+530 - 26+612,25530,26612,CAMPO,20,m3,308,1,1.3,236.9230769230769,,xls-2781
2026-06-06,85,TIERRAS,3702.02.07,EXPLANACIONES,Terraplenes (solo conformación),UF2,3702,tm2 pk 34+445 - 35+700,34445,35700,CAMPO,20,m3,1540,1,1.3,1184.6153846153845,,xls-2782
2026-06-06,19,TIERRAS,3701.03.03,"BASES, SUBBASES Y AFIRMADOS",Base granular estabilizada con cemento (No incluye cemento),UF1,3701,tm2 pk 17+120 - 19+000,17120,19000,CAMPO,20,m3,366.13,1,1.3,281.6384615384615,,xls-2783
2026-06-06,18,TIERRAS,3701.03.01,"BASES, SUBBASES Y AFIRMADOS",Subbase Granular,UF1,3701,tm2 pk 17+120 - 19+000,17120,19000,CAMPO,20,m3,108.15,1,1.3,83.1923076923077,,xls-2784
2026-06-06,154,TIERRAS,3701.05.09,ESTRUCTURAS,Geotextil tejido uniaxial de 2890 n (método grab md),UF1,3701,MSR 14+300,14300,14500,CAMPO,20,M2,20,1,1,20,,xls-2785
2026-06-06,152,TIERRAS,3701.05.07,ESTRUCTURAS,Geomalla tejida uniaxial de 115 kn/m (método md),UF1,3701,MSR 14+300,14300,14500,CAMPO,20,M2,115,1,1,115,,xls-2786
2026-06-06,156,TIERRAS,3701.05.11,ESTRUCTURAS,Geobolsas de geotextil (propybag) MSR,UF1,3701,MSR 14+300,14300,14500,CAMPO,20,UND,120,1,1,120,,xls-2787
2026-06-06,61,DRENAJES Y ESTRUCTURAS,3701.07.03,DRENAJE LONGITUDINAL,Rellenos con material seleccionado ODL,UF1,3701,MSR 14+300,14300,14500,CAMPO,20,m3,70,1,1,70,,xls-2788
2026-06-09,10,TIERRAS,3701.02.05,EXPLANACIONES,Excavaciones en material común APROVECHABLE,UF1,3701,tm2 pk 19+000 - 20+875,19000,20875,CAMPO,20,m3,532,1,1.3,409.2307692307692,,xls-2789
2026-06-09,10,TIERRAS,3701.02.05,EXPLANACIONES,Excavaciones en material común APROVECHABLE,UF1,3701,tm2 pk 14+225 - 14+635,14225,14635,CAMPO,20,m3,550,1,1.3,423.07692307692304,,xls-2790
2026-06-09,82,TIERRAS,3702.02.05,EXPLANACIONES,Excavaciones en material común NO APROVECHABLE,UF2,3702,tm2 pk 38+064 - 38+864,38064,38864,CAMPO,20,m3,675,1,1.3,519.2307692307692,,xls-2791
2026-06-09,78,TIERRAS,3702.02.01,EXPLANACIONES,Desmonte y limpieza en bosque,UF2,3702,tm2 pk 38+064 - 38+864,38064,38864,CAMPO,20,Ha,2250,0.0001,1,0.225,,xls-2792
2026-06-09,13,TIERRAS,3701.02.07,EXPLANACIONES,Terraplenes (solo conformación),UF1,3701,tm2 pk 25+530 - 26+612,25530,26612,CAMPO,20,m3,364,1,1.3,280,,xls-2793
2026-06-09,13,TIERRAS,3701.02.07,EXPLANACIONES,Terraplenes (solo conformación),UF1,3701,tm2 pk 20+875 - 22+650,20875,22650,CAMPO,20,m3,84,1,1.3,64.61538461538461,,xls-2794
2026-06-09,19,TIERRAS,3701.03.03,"BASES, SUBBASES Y AFIRMADOS",Base granular estabilizada con cemento (No incluye cemento),UF1,3701,tm2 pk 16+210 - 17+120,16210,17120,CAMPO,20,m3,491.14,1,1.3,377.79999999999995,,xls-2795
2026-06-09,18,TIERRAS,3701.03.01,"BASES, SUBBASES Y AFIRMADOS",Subbase Granular,UF1,3701,tm2 pk 17+120 - 19+000,17120,19000,CAMPO,20,m3,173.42,1,1.3,133.39999999999998,,xls-2796
2026-06-09,153,TIERRAS,3701.05.08,ESTRUCTURAS,Geotextil tejido uniaxial de 1480 n (método grab md),UF1,3701,MSR 14+300,14300,14500,CAMPO,20,M2,20,1,1,20,,xls-2797
2026-06-09,152,TIERRAS,3701.05.07,ESTRUCTURAS,Geomalla tejida uniaxial de 115 kn/m (método md),UF1,3701,MSR 14+300,14300,14500,CAMPO,20,M2,154,1,1,154,,xls-2798
2026-06-09,156,TIERRAS,3701.05.11,ESTRUCTURAS,Geobolsas de geotextil (propybag) MSR,UF1,3701,MSR 14+300,14300,14500,CAMPO,20,UND,90,1,1,90,,xls-2799
2026-06-09,149,TIERRAS,3701.05.04,ESTRUCTURAS,Relleno para muros de tierra MSR,UF1,3701,MSR 14+300,14300,14500,CAMPO,20,M3,50,1,1,50,,xls-2800
2026-06-05,38,DRENAJES Y ESTRUCTURAS,3701.06.09,DRENAJE TRANSVERSAL,"Concreto clase  28 MPA (encoles, descoles, box, sumideros)",UF1,3701,ODT1-050,20519,20519,CAMPO,20,m3,4.5,1,1,4.5,,xls-2801
2026-06-05,109,DRENAJES Y ESTRUCTURAS,3702.06.08,DRENAJE TRANSVERSAL,"Concreto clase 21 MPA (atraques, cabezales)",UF2,3702,ODT2-036,37036,37036,CAMPO,20,m3,3.5,1,1,3.5,,xls-2802
2026-06-05,106,DRENAJES Y ESTRUCTURAS,3702.06.05,DRENAJE TRANSVERSAL,Tubería de Concreto Reforzado de 900mm de diámetro interior (Tipo III),UF2,3702,ODT2-034,36817,36817,CAMPO,20,m,2,1,1,2,,xls-2803
2026-06-05,109,DRENAJES Y ESTRUCTURAS,3702.06.08,DRENAJE TRANSVERSAL,"Concreto clase 21 MPA (atraques, cabezales)",UF2,3702,ODT2-034,36817,36817,CAMPO,20,m3,0.8,1,1,0.8,,xls-2804
2026-06-05,135,DRENAJES Y ESTRUCTURAS,3702.07.05,DRENAJE LONGITUDINAL,Concreto clase 28 MPA (Sumideros)  ODL,UF2,3702,tm2 pk 32+508 - 33+090,32508,33090,CAMPO,20,m3,1,1,1,1,,xls-2805
2026-06-05,137,DRENAJES Y ESTRUCTURAS,3702.07.07,DRENAJE LONGITUDINAL,Concreto clase 14 MPA (solados) ODL,UF2,3702,tm2 pk 32+508 - 33+090,32508,33090,CAMPO,20,m3,1,1,1,1,,xls-2806
2026-06-05,133,DRENAJES Y ESTRUCTURAS,3702.07.03,DRENAJE LONGITUDINAL,Rellenos con material seleccionado ODL,UF2,3702,tm2 pk 32+508 - 33+090,32508,33090,CAMPO,20,m3,11,1,1,11,,xls-2807
2026-06-05,141,DRENAJES Y ESTRUCTURAS,3702.07.10,DRENAJE LONGITUDINAL,Tubería de Concreto Reforzado de 600 mm de diámetro interior ODL,UF2,3702,tm2 pk 32+508 - 33+090,32508,33090,CAMPO,20,m,5,1,1,5,,xls-2808
2026-06-09,33,DRENAJES Y ESTRUCTURAS,3701.06.04,DRENAJE TRANSVERSAL,Acero de refuerzo Fy=420 Mpa.,UF1,3701,ODT1-052,20755,20755,CAMPO,20,kg,300,1,1,300,,xls-2809
2026-06-09,102,DRENAJES Y ESTRUCTURAS,3702.06.01,DRENAJE TRANSVERSAL,Excavaciones varias sin clasicar,UF2,3702,ODT2-035,36992,36992,CAMPO,20,m3,5,1,1,5,,xls-2810
2026-06-09,135,DRENAJES Y ESTRUCTURAS,3702.07.05,DRENAJE LONGITUDINAL,Concreto clase 28 MPA (Sumideros)  ODL,UF2,3702,tm2 pk 32+508 - 33+090,32508,33090,CAMPO,20,m3,0.7,1,1,0.7,,xls-2811
2026-06-09,135,DRENAJES Y ESTRUCTURAS,3702.07.05,DRENAJE LONGITUDINAL,Concreto clase 28 MPA (Sumideros)  ODL,UF2,3702,tm2 pk 32+508 - 33+090,32508,33090,CAMPO,20,m3,1.3,1,1,1.3,,xls-2812
2026-06-09,133,DRENAJES Y ESTRUCTURAS,3702.07.03,DRENAJE LONGITUDINAL,Rellenos con material seleccionado ODL,UF2,3702,tm2 pk 32+508 - 33+090,32508,33090,CAMPO,20,m3,101,1,1,101,,xls-2813
2026-06-09,131,DRENAJES Y ESTRUCTURAS,3702.07.01,DRENAJE LONGITUDINAL,Excavaciones varias sin clasicar ODL,UF2,3702,tm2 pk 32+508 - 33+090,32508,33090,CAMPO,20,m3,29,1,1,29,,xls-2814
2026-06-10,33,DRENAJES Y ESTRUCTURAS,3701.06.04,DRENAJE TRANSVERSAL,Acero de refuerzo Fy=420 Mpa.,UF1,3701,ODT1-049,20442,20442,CAMPO,20,kg,740,1,1,740,,xls-2815
2026-06-10,2,DRENAJES Y ESTRUCTURAS,3701.01.02,DEMOLICIONES Y REUBICACIONES,Demolición de Estructuras,UF1,3701,ODT1-050,20519,20519,CAMPO,20,m3,0.5,1,1,0.5,,xls-2816
2026-06-10,38,DRENAJES Y ESTRUCTURAS,3701.06.09,DRENAJE TRANSVERSAL,"Concreto clase  28 MPA (encoles, descoles, box, sumideros)",UF1,3701,ODT1-052,20755,20755,CAMPO,20,m3,5.7,1,1,5.7,,xls-2817
2026-06-10,110,DRENAJES Y ESTRUCTURAS,3702.06.09,DRENAJE TRANSVERSAL,"Concreto clase  28 MPA (encoles, descoles, box, sumideros)",UF2,3702,ODT2-013,34737,34737,CAMPO,20,m3,4.5,1,1,4.5,,xls-2818
2026-06-09,23,PAVIMENTOS,3701.04.01,PAVIMENTOS ASFALTICOS,Riego de imprimación con emulsión asfáltica,UF1,3701,tm2 pk 16+210 - 17+120,16210,17120,CAMPO,20,m2,7839.999999999999,1,1,7839.999999999999,,xls-2819
2026-06-10,10,TIERRAS,3701.02.05,EXPLANACIONES,Excavaciones en material común APROVECHABLE,UF1,3701,tm2 pk 19+000 - 20+875,19000,20875,CAMPO,20,m3,1876,1,1.3,1443.076923076923,,xls-2820
2026-06-10,10,TIERRAS,3701.02.05,EXPLANACIONES,Excavaciones en material común APROVECHABLE,UF1,3701,tm2 pk 14+225 - 14+635,14225,14635,CAMPO,20,m3,924,1,1.3,710.7692307692307,,xls-2821
2026-06-10,12,TIERRAS,3701.02.06,EXPLANACIONES,Excavación en material común de préstamos,UF1,3701,EL DIVISO,21500,21500,CAMPO,20,m3,1600,1,1.3,1230.7692307692307,,xls-2822
2026-06-10,13,TIERRAS,3701.02.07,EXPLANACIONES,Terraplenes (solo conformación),UF1,3701,tm2 pk 19+000 - 20+875,19000,20875,CAMPO,20,m3,182,1,1.3,140,,xls-2823
2026-06-10,13,TIERRAS,3701.02.07,EXPLANACIONES,Terraplenes (solo conformación),UF1,3701,tm2 pk 20+875 - 22+650,20875,22650,CAMPO,20,m3,574,1,1.3,441.53846153846155,,xls-2824
2026-06-10,85,TIERRAS,3702.02.07,EXPLANACIONES,Terraplenes (solo conformación),UF2,3702,tm2 pk 34+445 - 35+700,34445,35700,CAMPO,20,m3,1708,1,1.3,1313.8461538461538,,xls-2825
2026-06-10,85,TIERRAS,3702.02.07,EXPLANACIONES,Terraplenes (solo conformación),UF2,3702,tm2 pk 38+064 - 38+864,38064,38864,CAMPO,20,m3,1288,1,1.3,990.7692307692307,,xls-2826
2026-06-10,13,TIERRAS,3701.02.07,EXPLANACIONES,Terraplenes (solo conformación),UF1,3701,tm2 pk 16+210 - 17+120,16210,17120,CAMPO,20,m3,84,1,1.3,64.61538461538461,,xls-2827
2026-06-10,13,TIERRAS,3701.02.07,EXPLANACIONES,Terraplenes (solo conformación),UF1,3701,tm2 pk 25+530 - 26+612,25530,26612,CAMPO,20,m3,490,1,1.3,376.9230769230769,,xls-2828
2026-06-10,5,TIERRAS,3701.01.05,DEMOLICIONES Y REUBICACIONES,Cercas de alambre de púas con postes de concreto,UF1,3701,tm2 pk 25+530 - 26+612,25530,26612,CAMPO,20,m,1100,1,1,1100,wancol,xls-2829
2026-06-10,5,TIERRAS,3701.01.05,DEMOLICIONES Y REUBICACIONES,Cercas de alambre de púas con postes de concreto,UF1,3701,tm2 pk 24+800 - 25+530,24800,25530,CAMPO,20,m,1300,1,1,1300,wancol,xls-2830
2026-06-10,4,TIERRAS,3701.01.04,DEMOLICIONES Y REUBICACIONES,Remoción de cercas de alambre,UF1,3701,tm2 pk 25+530 - 26+612,25530,26612,CAMPO,20,m,1000,1,1,1000,,xls-2831
2026-06-10,4,TIERRAS,3701.01.04,DEMOLICIONES Y REUBICACIONES,Remoción de cercas de alambre,UF1,3701,tm2 pk 24+800 - 25+530,24800,25530,CAMPO,20,m,730,1,1,730,,xls-2832
2026-06-11,10,TIERRAS,3701.02.05,EXPLANACIONES,Excavaciones en material común APROVECHABLE,UF1,3701,tm2 pk 19+000 - 20+875,19000,20875,CAMPO,20,m3,1106,1,1.3,850.7692307692307,,xls-2833
2026-06-11,12,TIERRAS,3701.02.06,EXPLANACIONES,Excavación en material común de préstamos,UF1,3701,EL DIVISO,21500,21500,CAMPO,20,m3,2450,1,1.3,1884.6153846153845,,xls-2834
2026-06-11,10,TIERRAS,3701.02.05,EXPLANACIONES,Excavaciones en material común APROVECHABLE,UF1,3701,tm2 pk 14+225 - 14+635,14225,14635,CAMPO,20,m3,798,1,1.3,613.8461538461538,,xls-2835
2026-06-11,13,TIERRAS,3701.02.07,EXPLANACIONES,Terraplenes (solo conformación),UF1,3701,tm2 pk 25+530 - 26+612,25530,26612,CAMPO,20,m3,2030,1,1.3,1561.5384615384614,,xls-2836
2026-06-11,85,TIERRAS,3702.02.07,EXPLANACIONES,Terraplenes (solo conformación),UF2,3702,tm2 pk 34+445 - 35+700,34445,35700,CAMPO,20,m3,1932,1,1.3,1486.1538461538462,,xls-2837
2026-06-11,85,TIERRAS,3702.02.07,EXPLANACIONES,Terraplenes (solo conformación),UF2,3702,tm2 pk 38+064 - 38+864,38064,38864,CAMPO,20,m3,14,1,1.3,10.769230769230768,,xls-2838
2026-06-11,13,TIERRAS,3701.02.07,EXPLANACIONES,Terraplenes (solo conformación),UF1,3701,tm2 pk 19+000 - 20+875,19000,20875,CAMPO,20,m3,112,1,1.3,86.15384615384615,,xls-2839
2026-06-11,18,TIERRAS,3701.03.01,"BASES, SUBBASES Y AFIRMADOS",Subbase Granular,UF1,3701,tm2 pk 17+120 - 19+000,17120,19000,CAMPO,20,m3,147,1,1.3,113.07692307692307,,xls-2840
2026-06-11,18,TIERRAS,3701.03.01,"BASES, SUBBASES Y AFIRMADOS",Subbase Granular,UF1,3701,tm2 pk 16+210 - 17+120,16210,17120,CAMPO,20,m3,247.31,1,1.3,190.23846153846154,,xls-2841
2026-06-11,149,TIERRAS,3701.05.04,ESTRUCTURAS,Relleno para muros de tierra MSR,UF1,3701,MSR 14+300,14300,14500,CAMPO,20,M3,126,1,1,126,,xls-2842
2026-06-11,105,DRENAJES Y ESTRUCTURAS,3702.06.04,DRENAJE TRANSVERSAL,Acero de refuerzo Fy=420 Mpa.,UF2,3702,ODT2-016,35096,35096,CAMPO,20,kg,207.74,1,1,207.74,,xls-2843
2026-06-12,10,TIERRAS,3701.02.05,EXPLANACIONES,Excavaciones en material común APROVECHABLE,UF1,3701,tm2 pk 14+225 - 14+635,14225,14635,CAMPO,20,m3,574,1,1.3,441.53846153846155,,xls-2844
2026-06-12,10,TIERRAS,3701.02.05,EXPLANACIONES,Excavaciones en material común APROVECHABLE,UF1,3701,tm2 pk 19+000 - 20+875,19000,20875,CAMPO,20,m3,1904,1,1.3,1464.6153846153845,,xls-2845
2026-06-12,12,TIERRAS,3701.02.06,EXPLANACIONES,Excavación en material común de préstamos,UF1,3701,EL DIVISO,21500,21500,CAMPO,20,m3,1848,1,1.3,1421.5384615384614,,xls-2846
2026-06-12,85,TIERRAS,3702.02.07,EXPLANACIONES,Terraplenes (solo conformación),UF2,3702,tm2 pk 38+064 - 38+864,38064,38864,CAMPO,20,m3,994,1,1.3,764.6153846153846,,xls-2847
2026-06-12,85,TIERRAS,3702.02.07,EXPLANACIONES,Terraplenes (solo conformación),UF2,3702,tm2 pk 34+445 - 35+700,34445,35700,CAMPO,20,m3,1498,1,1.3,1152.3076923076924,,xls-2848
2026-06-12,13,TIERRAS,3701.02.07,EXPLANACIONES,Terraplenes (solo conformación),UF1,3701,tm2 pk 25+530 - 26+612,25530,26612,CAMPO,20,m3,1316,1,1.3,1012.3076923076923,,xls-2849
2026-06-12,149,TIERRAS,3701.05.04,ESTRUCTURAS,Relleno para muros de tierra MSR,UF1,3701,MSR 14+300,14300,14500,CAMPO,20,M3,238,1,1,238,,xls-2850
2026-06-12,156,TIERRAS,3701.05.11,ESTRUCTURAS,Geobolsas de geotextil (propybag) MSR,UF1,3701,MSR 14+300,14300,14500,CAMPO,20,UND,80,1,1,80,,xls-2851
2026-06-12,19,TIERRAS,3701.03.03,"BASES, SUBBASES Y AFIRMADOS",Base granular estabilizada con cemento (No incluye cemento),UF1,3701,tm2 pk 16+210 - 17+120,16210,17120,CAMPO,20,m3,349.23,1,1.3,268.63846153846157,,xls-2852
2026-06-12,18,TIERRAS,3701.03.01,"BASES, SUBBASES Y AFIRMADOS",Subbase Granular,UF1,3701,tm2 pk 19+000 - 20+875,19000,20875,CAMPO,20,m3,210.92,1,1.3,162.24615384615382,,xls-2853
2026-06-12,18,TIERRAS,3701.03.01,"BASES, SUBBASES Y AFIRMADOS",Subbase Granular,UF1,3701,tm2 pk 20+875 - 22+650,20875,22650,CAMPO,20,m3,205,1,1.3,157.69230769230768,,xls-2854
2026-06-13,10,TIERRAS,3701.02.05,EXPLANACIONES,Excavaciones en material común APROVECHABLE,UF1,3701,tm2 pk 19+000 - 20+875,19000,20875,CAMPO,20,m3,1008,1,1.3,775.3846153846154,,xls-2855
2026-06-13,10,TIERRAS,3701.02.05,EXPLANACIONES,Excavaciones en material común NO APROVECHABLE,UF1,3701,tm2 pk 19+000 - 20+875,19000,20875,CAMPO,20,m3,112,1,1.3,86.15384615384615,,xls-2856
2026-06-13,12,TIERRAS,3701.02.06,EXPLANACIONES,Excavación en material común de préstamos,UF1,3701,EL DIVISO,21500,21500,CAMPO,20,m3,798,1,1.3,613.8461538461538,,xls-2857
2026-06-13,10,TIERRAS,3701.02.05,EXPLANACIONES,Excavaciones en material común APROVECHABLE,UF1,3701,tm2 pk 14+225 - 14+635,14225,14635,CAMPO,20,m3,84,1,1.3,64.61538461538461,,xls-2858
2026-06-13,13,TIERRAS,3701.02.07,EXPLANACIONES,Terraplenes (solo conformación),UF1,3701,tm2 pk 25+530 - 26+612,25530,26612,CAMPO,20,m3,700,1,1.3,538.4615384615385,,xls-2859
2026-06-13,13,TIERRAS,3701.02.07,EXPLANACIONES,Terraplenes (solo conformación),UF1,3701,tm2 pk 19+000 - 20+875,19000,20875,CAMPO,20,m3,154,1,1.3,118.46153846153845,,xls-2860
2026-06-13,149,TIERRAS,3701.05.04,ESTRUCTURAS,Relleno para muros de tierra MSR,UF1,3701,MSR 14+300,14300,14500,CAMPO,20,M3,98,1,1,98,,xls-2861
2026-06-13,85,TIERRAS,3702.02.07,EXPLANACIONES,Terraplenes (solo conformación),UF2,3702,tm2 pk 36+555 - 37+080,36555,37080,CAMPO,20,m3,798,1,1.3,613.8461538461538,,xls-2862
2026-06-13,85,TIERRAS,3702.02.07,EXPLANACIONES,Terraplenes (solo conformación),UF2,3702,tm2 pk 38+064 - 38+864,38064,38864,CAMPO,20,m3,168,1,1.3,129.23076923076923,,xls-2863
2026-06-14,10,TIERRAS,3701.02.05,EXPLANACIONES,Excavaciones en material común APROVECHABLE,UF1,3701,tm2 pk 19+000 - 20+875,19000,20875,CAMPO,20,m3,518,1,1.3,398.46153846153845,,xls-2864
2026-06-14,12,TIERRAS,3701.02.06,EXPLANACIONES,Excavación en material común de préstamos,UF1,3701,EL DIVISO,21500,21500,CAMPO,20,m3,1554,1,1.3,1195.3846153846152,,xls-2865
2026-06-14,85,TIERRAS,3702.02.07,EXPLANACIONES,Terraplenes (solo conformación),UF2,3702,tm2 pk 38+064 - 38+864,38064,38864,CAMPO,20,m3,518,1,1.3,398.46153846153845,,xls-2866
2026-06-14,85,TIERRAS,3702.02.07,EXPLANACIONES,Terraplenes (solo conformación),UF2,3702,tm2 pk 38+064 - 38+864,38064,38864,CAMPO,20,m3,1498,1,1.3,1152.3076923076924,,xls-2867
2026-06-15,10,TIERRAS,3701.02.05,EXPLANACIONES,Excavaciones en material común APROVECHABLE,UF1,3701,tm2 pk 19+000 - 20+875,19000,20875,CAMPO,20,m3,868,1,1.3,667.6923076923076,,xls-2868
2026-06-15,12,TIERRAS,3701.02.06,EXPLANACIONES,Excavación en material común de préstamos,UF1,3701,EL DIVISO,21500,21500,CAMPO,20,m3,1442,1,1.3,1109.2307692307693,,xls-2869
2026-06-15,85,TIERRAS,3702.02.07,EXPLANACIONES,Terraplenes (solo conformación),UF2,3702,tm2 pk 34+445 - 35+700,34445,35700,CAMPO,20,m3,1344,1,1.3,1033.8461538461538,,xls-2870
2026-06-15,85,TIERRAS,3702.02.07,EXPLANACIONES,Terraplenes (solo conformación),UF2,3702,tm2 pk 38+064 - 38+864,38064,38864,CAMPO,20,m3,868,1,1.3,667.6923076923076,,xls-2871
2026-06-10,131,DRENAJES Y ESTRUCTURAS,3702.07.01,DRENAJE LONGITUDINAL,Excavaciones varias sin clasicar ODL,UF2,3702,tm2 pk 32+508 - 33+090,32508,33090,CAMPO,20,m3,42,1,1,42,,xls-2872
2026-06-11,33,DRENAJES Y ESTRUCTURAS,3701.06.04,DRENAJE TRANSVERSAL,Acero de refuerzo Fy=420 Mpa.,UF1,3701,ODT1-049,20442,20442,CAMPO,20,kg,800,1,1,800,,xls-2873
2026-06-11,2,DRENAJES Y ESTRUCTURAS,3701.01.02,DEMOLICIONES Y REUBICACIONES,Demolición de Estructuras,UF1,3701,ODT1-050,20519,20519,CAMPO,20,m3,0.4,1,1,0.4,,xls-2874
2026-06-11,135,DRENAJES Y ESTRUCTURAS,3702.07.05,DRENAJE LONGITUDINAL,Concreto clase 28 MPA (Sumideros)  ODL,UF2,3702,tm2 pk 32+508 - 33+090,32508,33090,CAMPO,20,m3,2,1,1,2,,xls-2875
2026-06-11,59,DRENAJES Y ESTRUCTURAS,3701.07.01,DRENAJE LONGITUDINAL,Excavaciones varias sin clasicar ODL,UF1,3701,tm2 pk 20+875 - 22+650,20875,22650,CAMPO,20,m3,10,1,1,10,,xls-2876
2026-06-12,38,DRENAJES Y ESTRUCTURAS,3701.06.09,DRENAJE TRANSVERSAL,"Concreto clase  28 MPA (encoles, descoles, box, sumideros)",UF1,3701,ODT1-049,20442,20442,CAMPO,20,m3,21.5,1,1,21.5,,xls-2877
2026-06-12,31,DRENAJES Y ESTRUCTURAS,3701.06.02,DRENAJE TRANSVERSAL,Rellenos con material seleccionado,UF1,3701,ODT1-050,20519,20519,CAMPO,20,m3,60,1,1,60,,xls-2878
2026-06-12,36,DRENAJES Y ESTRUCTURAS,3701.06.07,DRENAJE TRANSVERSAL,"Concreto clase 14 MPA (solados, estructuras)",UF1,3701,ODT1-050,20519,20519,CAMPO,20,m3,0.5,1,1,0.5,,xls-2879
2026-06-12,31,DRENAJES Y ESTRUCTURAS,3701.06.02,DRENAJE TRANSVERSAL,Rellenos con material seleccionado,UF1,3701,ODT1-052,20755,20755,CAMPO,20,m3,30,1,1,30,,xls-2880
2026-06-12,2,DRENAJES Y ESTRUCTURAS,3701.01.02,DEMOLICIONES Y REUBICACIONES,Demolición de Estructuras,UF1,3701,ODT1-052,20755,20755,CAMPO,20,m3,3,1,1,3,,xls-2881
2026-06-12,33,DRENAJES Y ESTRUCTURAS,3701.06.04,DRENAJE TRANSVERSAL,Acero de refuerzo Fy=420 Mpa.,UF1,3701,ODT1-052,20755,20755,CAMPO,20,kg,150,1,1,150,,xls-2882
2026-06-12,105,DRENAJES Y ESTRUCTURAS,3702.06.04,DRENAJE TRANSVERSAL,Acero de refuerzo Fy=420 Mpa.,UF2,3702,ODT2-014,35003,35003,CAMPO,20,kg,160.03,1,1,160.03,,xls-2883
2026-06-12,102,DRENAJES Y ESTRUCTURAS,3702.06.01,DRENAJE TRANSVERSAL,Excavaciones varias sin clasicar,UF2,3702,ODT2-035,36992,36992,CAMPO,20,m3,42,1,1,42,,xls-2884
2026-06-12,108,DRENAJES Y ESTRUCTURAS,3702.06.07,DRENAJE TRANSVERSAL,"Concreto clase 14 MPA (solados, estructuras)",UF2,3702,ODT2-035,36992,36992,CAMPO,20,m3,7,1,1,7,,xls-2885
2026-06-12,103,DRENAJES Y ESTRUCTURAS,3702.06.02,DRENAJE TRANSVERSAL,Rellenos con material seleccionado,UF2,3702,ODT2-036,37036,37036,CAMPO,20,m3,46.75,1,1,46.75,,xls-2886
2026-06-12,134,DRENAJES Y ESTRUCTURAS,3702.07.04,DRENAJE LONGITUDINAL,Cuneta de concreto vaciado en situ; no incluye la conformación del sitio de apoyo. (21 Mpa),UF2,3702,tm2 pk 32+508 - 33+090,32508,33090,CAMPO,20,m3,2,1,1,2,,xls-2887
2026-06-12,59,DRENAJES Y ESTRUCTURAS,3701.07.01,DRENAJE LONGITUDINAL,Excavaciones varias sin clasicar ODL,UF1,3701,tm2 pk 20+875 - 22+650,20875,22650,CAMPO,20,m3,20,1,1,20,,xls-2888
2026-06-12,30,DRENAJES Y ESTRUCTURAS,3701.06.01,DRENAJE TRANSVERSAL,Excavaciones varias sin clasicar,UF1,3701,tm2 pk 16+210 - 17+120,16210,17120,CAMPO,20,m3,20,1,1,20,,xls-2889
2026-06-13,2,DRENAJES Y ESTRUCTURAS,3701.01.02,DEMOLICIONES Y REUBICACIONES,Demolición de Estructuras,UF1,3701,ODT1-049,20442,20442,CAMPO,20,m3,0.6,1,1,0.6,,xls-2890
2026-06-13,31,DRENAJES Y ESTRUCTURAS,3701.06.02,DRENAJE TRANSVERSAL,Rellenos con material seleccionado,UF1,3701,ODT1-050,20519,20519,CAMPO,20,m3,40,1,1,40,,xls-2891
2026-06-13,33,DRENAJES Y ESTRUCTURAS,3701.06.04,DRENAJE TRANSVERSAL,Acero de refuerzo Fy=420 Mpa.,UF1,3701,ODT1-052,20755,20755,CAMPO,20,kg,212,1,1,212,,xls-2892
2026-06-13,103,DRENAJES Y ESTRUCTURAS,3702.06.02,DRENAJE TRANSVERSAL,Rellenos con material seleccionado,UF2,3702,ODT2-014,35003,35003,CAMPO,20,m3,40.7,1,1,40.7,,xls-2893
2026-06-13,102,DRENAJES Y ESTRUCTURAS,3702.06.01,DRENAJE TRANSVERSAL,Excavaciones varias sin clasicar,UF2,3702,ODT2-014,35003,35003,CAMPO,20,m3,12,1,1,12,,xls-2894
2026-06-13,108,DRENAJES Y ESTRUCTURAS,3702.06.07,DRENAJE TRANSVERSAL,"Concreto clase 14 MPA (solados, estructuras)",UF2,3702,ODT2-014,35003,35003,CAMPO,20,m3,1,1,1,1,,xls-2895
2026-06-13,103,DRENAJES Y ESTRUCTURAS,3702.06.02,DRENAJE TRANSVERSAL,Rellenos con material seleccionado,UF2,3702,ODT2-016,35096,35096,CAMPO,20,m3,38,1,1,38,,xls-2896
2026-06-13,102,DRENAJES Y ESTRUCTURAS,3702.06.01,DRENAJE TRANSVERSAL,Excavaciones varias sin clasicar,UF2,3702,ODT2-016,35096,35096,CAMPO,20,m3,10,1,1,10,,xls-2897
2026-06-13,108,DRENAJES Y ESTRUCTURAS,3702.06.07,DRENAJE TRANSVERSAL,"Concreto clase 14 MPA (solados, estructuras)",UF2,3702,ODT2-016,35096,35096,CAMPO,20,m3,1,1,1,1,,xls-2898
2026-06-13,131,DRENAJES Y ESTRUCTURAS,3702.07.01,DRENAJE LONGITUDINAL,Excavaciones varias sin clasicar ODL,UF2,3702,tm2 pk 32+508 - 33+090,32508,33090,CAMPO,20,m3,6,1,1,6,,xls-2899
2026-06-13,59,DRENAJES Y ESTRUCTURAS,3701.07.01,DRENAJE LONGITUDINAL,Excavaciones varias sin clasicar ODL,UF1,3701,tm2 pk 20+875 - 22+650,20875,22650,CAMPO,20,m3,10,1,1,10,,xls-2900
2026-06-13,59,DRENAJES Y ESTRUCTURAS,3701.07.01,DRENAJE LONGITUDINAL,Excavaciones varias sin clasicar ODL,UF1,3701,tm2 pk 16+210 - 17+120,16210,17120,CAMPO,20,m3,3,1,1,3,,xls-2901
2026-06-15,33,DRENAJES Y ESTRUCTURAS,3701.06.04,DRENAJE TRANSVERSAL,Acero de refuerzo Fy=420 Mpa.,UF1,3701,ODT1-049,20442,20442,CAMPO,20,kg,1874.7,1,1,1874.7,,xls-2902
2026-06-15,33,DRENAJES Y ESTRUCTURAS,3701.06.04,DRENAJE TRANSVERSAL,Acero de refuerzo Fy=420 Mpa.,UF1,3701,ODT1-050,20519,20519,CAMPO,20,kg,66.98,1,1,66.98,,xls-2903
2026-06-16,10,TIERRAS,3701.02.05,EXPLANACIONES,Excavaciones en material común APROVECHABLE,UF1,3701,tm2 pk 19+000 - 20+875,19000,20875,CAMPO,21,m3,1610,1,1.3,1238.4615384615383,,xls-2904
2026-06-16,12,TIERRAS,3701.02.06,EXPLANACIONES,Excavación en material común de préstamos,UF1,3701,EL DIVISO,21500,21500,CAMPO,21,m3,1806,1,1.3,1389.2307692307693,,xls-2905
2026-06-16,10,TIERRAS,3701.02.05,EXPLANACIONES,Excavaciones en material común APROVECHABLE,UF1,3701,tm2 pk 19+000 - 20+875,19000,20875,CAMPO,21,m3,266,1,1.3,204.6153846153846,,xls-2906
2026-06-16,10,TIERRAS,3701.02.05,EXPLANACIONES,Excavaciones en material común NO APROVECHABLE,UF1,3701,MSR 14+300,14300,14500,CAMPO,21,m3,84,1,1.3,64.61538461538461,,xls-2907
2026-06-16,78,TIERRAS,3702.02.01,EXPLANACIONES,Desmonte y limpieza en bosque,UF2,3702,tm2 pk 38+064 - 38+864,38064,38864,CAMPO,21,Ha,3825,0.0001,1,0.3825,,xls-2908
2026-06-16,6,TIERRAS,3701.02.01,EXPLANACIONES,Desmonte y limpieza en bosque,UF1,3701,tm2 pk 25+530 - 26+612,25530,26612,CAMPO,21,Ha,1500,0.0001,1,0.15,,xls-2909
2026-06-16,82,TIERRAS,3702.02.05,EXPLANACIONES,Excavaciones en material común NO APROVECHABLE,UF2,3702,tm2 pk 38+064 - 38+864,38064,38864,CAMPO,21,m3,765,1,1.3,588.4615384615385,,xls-2910
2026-06-16,10,TIERRAS,3701.02.05,EXPLANACIONES,Excavaciones en material común NO APROVECHABLE,UF1,3701,tm2 pk 25+530 - 26+612,25530,26612,CAMPO,21,m3,225,1,1.3,173.07692307692307,,xls-2911
2026-06-16,85,TIERRAS,3702.02.07,EXPLANACIONES,Terraplenes (solo conformación),UF2,3702,tm2 pk 34+445 - 35+700,34445,35700,CAMPO,21,m3,1778,1,1.3,1367.6923076923076,,xls-2912
2026-06-16,85,TIERRAS,3702.02.07,EXPLANACIONES,Terraplenes (solo conformación),UF2,3702,tm2 pk 38+064 - 38+864,38064,38864,CAMPO,21,m3,1638,1,1.3,1260,,xls-2913
2026-06-16,19,TIERRAS,3701.03.03,"BASES, SUBBASES Y AFIRMADOS",Base granular estabilizada con cemento (No incluye cemento),UF1,3701,tm2 pk 20+875 - 22+650,20875,22650,CAMPO,21,m3,382.09,1,1.3,293.9153846153846,,xls-2914
2026-06-16,23,PAVIMENTOS,3701.04.01,PAVIMENTOS ASFALTICOS,Riego de imprimación con emulsión asfáltica,UF1,3701,tm2 pk 16+210 - 17+120,16210,17120,CAMPO,21,m2,6120,1,1,6120,,xls-2915
2026-06-16,18,TIERRAS,3701.03.01,"BASES, SUBBASES Y AFIRMADOS",Subbase Granular,UF1,3701,tm2 pk 17+120 - 19+000,17120,19000,CAMPO,21,m3,559.43,1,1.3,430.3307692307692,,xls-2916
2026-06-16,149,TIERRAS,3701.05.04,ESTRUCTURAS,Relleno para muros de tierra MSR,UF1,3701,MSR 14+300,14300,14500,CAMPO,21,M3,210,1,1,210,,xls-2917
2026-06-16,152,TIERRAS,3701.05.07,ESTRUCTURAS,Geomalla tejida uniaxial de 115 kn/m (método md),UF1,3701,MSR 14+300,14300,14500,CAMPO,21,M2,885,1,1,885,,xls-2918
2026-06-16,147,TIERRAS,3701.05.02,ESTRUCTURAS,"Geodren planar h=0,5 m MSR",UF1,3701,MSR 14+300,14300,14500,CAMPO,21,M,50,1,1,50,,xls-2919
2026-06-16,154,TIERRAS,3701.05.09,ESTRUCTURAS,Geotextil tejido uniaxial de 2890 n (método grab md),UF1,3701,MSR 14+300,14300,14500,CAMPO,21,M2,86,1,1,86,,xls-2920
2026-06-15,33,DRENAJES Y ESTRUCTURAS,3701.06.04,DRENAJE TRANSVERSAL,Acero de refuerzo Fy=420 Mpa.,UF1,3701,ODT1-052,20755,20755,CAMPO,20,kg,809.3,1,1,809.3,,xls-2921
2026-06-16,156,TIERRAS,3701.05.11,ESTRUCTURAS,Geobolsas de geotextil (propybag) MSR,UF1,3701,MSR 14+300,14300,14500,CAMPO,21,UND,280,1,1,280,,xls-2922
2026-06-15,2,DRENAJES Y ESTRUCTURAS,3701.01.02,DEMOLICIONES Y REUBICACIONES,Demolición de Estructuras,UF1,3701,ODT1-049,20442,20442,CAMPO,20,m3,0.4,1,1,0.4,,xls-2923
2026-06-15,103,DRENAJES Y ESTRUCTURAS,3702.06.02,DRENAJE TRANSVERSAL,Rellenos con material seleccionado,UF2,3702,ODT2-014,35003,35003,CAMPO,20,m3,30.15,1,1,30.15,,xls-2924
2026-06-15,102,DRENAJES Y ESTRUCTURAS,3702.06.01,DRENAJE TRANSVERSAL,Excavaciones varias sin clasicar,UF2,3702,ODT2-016,35096,35096,CAMPO,20,m3,2.5,1,1,2.5,,xls-2925
2026-06-15,106,DRENAJES Y ESTRUCTURAS,3702.06.05,DRENAJE TRANSVERSAL,Tubería de Concreto Reforzado de 900mm de diámetro interior (Tipo III),UF2,3702,ODT2-035,36992,36992,CAMPO,20,m,44,1,1,44,,xls-2926
2026-06-16,30,DRENAJES Y ESTRUCTURAS,3701.06.01,DRENAJE TRANSVERSAL,Excavaciones varias sin clasicar,UF1,3701,ODT1-036,15564,15564,CAMPO,21,m3,2,1,1,2,,xls-2927
2026-06-16,105,DRENAJES Y ESTRUCTURAS,3702.06.04,DRENAJE TRANSVERSAL,Acero de refuerzo Fy=420 Mpa.,UF2,3702,ODT2-016,35096,35096,CAMPO,21,kg,107.35,1,1,107.35,,xls-2928
2026-06-16,110,DRENAJES Y ESTRUCTURAS,3702.06.09,DRENAJE TRANSVERSAL,"Concreto clase  28 MPA (encoles, descoles, box, sumideros)",UF2,3702,ODT2-016,35096,35096,CAMPO,21,m3,4.5,1,1,4.5,,xls-2929
2026-06-16,109,DRENAJES Y ESTRUCTURAS,3702.06.08,DRENAJE TRANSVERSAL,"Concreto clase 21 MPA (atraques, cabezales)",UF2,3702,ODT2-035,36992,36992,CAMPO,21,m3,7,1,1,7,,xls-2930
2026-06-17,2,DRENAJES Y ESTRUCTURAS,3701.01.02,DEMOLICIONES Y REUBICACIONES,Demolición de Estructuras,UF1,3701,ODT1-049,20442,20442,CAMPO,21,m3,0.4,1,1,0.4,,xls-2931
2026-06-17,33,DRENAJES Y ESTRUCTURAS,3701.06.04,DRENAJE TRANSVERSAL,Acero de refuerzo Fy=420 Mpa.,UF1,3701,ODT1-049,20442,20442,CAMPO,21,kg,57.12,1,1,57.12,,xls-2932
2026-06-17,38,DRENAJES Y ESTRUCTURAS,3701.06.09,DRENAJE TRANSVERSAL,"Concreto clase  28 MPA (encoles, descoles, box, sumideros)",UF1,3701,ODT1-052,20755,20755,CAMPO,21,m3,9.5,1,1,9.5,,xls-2933
2026-06-17,33,DRENAJES Y ESTRUCTURAS,3701.06.04,DRENAJE TRANSVERSAL,Acero de refuerzo Fy=420 Mpa.,UF1,3701,ODT1-036,15564,15564,CAMPO,21,kg,123,1,1,123,,xls-2934
2026-06-17,102,DRENAJES Y ESTRUCTURAS,3702.06.01,DRENAJE TRANSVERSAL,Excavaciones varias sin clasicar,UF2,3702,ODT2-014,35003,35003,CAMPO,21,m3,0.5,1,1,0.5,,xls-2935
2026-06-17,105,DRENAJES Y ESTRUCTURAS,3702.06.04,DRENAJE TRANSVERSAL,Acero de refuerzo Fy=420 Mpa.,UF2,3702,ODT2-014,35003,35003,CAMPO,21,kg,155.06,1,1,155.06,,xls-2936
2026-06-17,110,DRENAJES Y ESTRUCTURAS,3702.06.09,DRENAJE TRANSVERSAL,"Concreto clase  28 MPA (encoles, descoles, box, sumideros)",UF2,3702,ODT2-014,35003,35003,CAMPO,21,m3,4.5,1,1,4.5,,xls-2937
2026-06-17,109,DRENAJES Y ESTRUCTURAS,3702.06.08,DRENAJE TRANSVERSAL,"Concreto clase 21 MPA (atraques, cabezales)",UF2,3702,ODT2-014,35003,35003,CAMPO,21,m3,0.5,1,1,0.5,,xls-2938
2026-06-17,109,DRENAJES Y ESTRUCTURAS,3702.06.08,DRENAJE TRANSVERSAL,"Concreto clase 21 MPA (atraques, cabezales)",UF2,3702,ODT2-035,36992,36992,CAMPO,21,m3,9,1,1,9,,xls-2939
2026-06-18,33,DRENAJES Y ESTRUCTURAS,3701.06.04,DRENAJE TRANSVERSAL,Acero de refuerzo Fy=420 Mpa.,UF1,3701,ODT1-049,20442,20442,CAMPO,21,kg,200,1,1,200,,xls-2940
2026-06-18,62,DRENAJES Y ESTRUCTURAS,3701.07.04,DRENAJE LONGITUDINAL,Cuneta de concreto vaciado en situ; no incluye la conformación del sitio de apoyo. (21 Mpa),UF1,3701,ODT1-036,15564,15564,CAMPO,21,m3,3.5,1,1,3.5,,xls-2941
2026-06-18,105,DRENAJES Y ESTRUCTURAS,3702.06.04,DRENAJE TRANSVERSAL,Acero de refuerzo Fy=420 Mpa.,UF2,3702,ODT2-014,35003,35003,CAMPO,21,kg,331.39,1,1,331.39,,xls-2942
2026-06-18,109,DRENAJES Y ESTRUCTURAS,3702.06.08,DRENAJE TRANSVERSAL,"Concreto clase 21 MPA (atraques, cabezales)",UF2,3702,ODT2-018,35241,35241,CAMPO,21,m3,6,1,1,6,,xls-2943
2026-06-19,38,DRENAJES Y ESTRUCTURAS,3701.06.09,DRENAJE TRANSVERSAL,"Concreto clase  28 MPA (encoles, descoles, box, sumideros)",UF1,3701,ODT1-049,20442,20442,CAMPO,21,m3,4,1,1,4,,xls-2944
2026-06-19,30,DRENAJES Y ESTRUCTURAS,3701.06.01,DRENAJE TRANSVERSAL,Excavaciones varias sin clasicar,UF1,3701,ODT1-050,20519,20519,CAMPO,21,m3,96,1,1,96,,xls-2945
2026-06-19,31,DRENAJES Y ESTRUCTURAS,3701.06.02,DRENAJE TRANSVERSAL,Rellenos con material seleccionado,UF1,3701,ODT1-036,15564,15564,CAMPO,21,m3,0.5,1,1,0.5,,xls-2946
2026-06-19,106,DRENAJES Y ESTRUCTURAS,3702.06.05,DRENAJE TRANSVERSAL,Tubería de Concreto Reforzado de 900mm de diámetro interior (Tipo III),UF2,3702,ODT2-018,35241,35241,CAMPO,21,m,2,1,1,2,,xls-2947
2026-06-19,108,DRENAJES Y ESTRUCTURAS,3702.06.07,DRENAJE TRANSVERSAL,"Concreto clase 14 MPA (solados, estructuras)",UF2,3702,ODT2-018,35241,35241,CAMPO,21,m3,1,1,1,1,,xls-2948
2026-06-19,109,DRENAJES Y ESTRUCTURAS,3702.06.08,DRENAJE TRANSVERSAL,"Concreto clase 21 MPA (atraques, cabezales)",UF2,3702,ODT2-018,35241,35241,CAMPO,21,m3,3,1,1,3,,xls-2949
2026-06-20,30,DRENAJES Y ESTRUCTURAS,3701.06.01,DRENAJE TRANSVERSAL,Excavaciones varias sin clasicar,UF1,3701,ODT1-050,20519,20519,CAMPO,21,m3,60,1,1,60,,xls-2950
2026-06-20,2,DRENAJES Y ESTRUCTURAS,3701.01.02,DEMOLICIONES Y REUBICACIONES,Demolición de Estructuras,UF1,3701,ODT1-050,20519,20519,CAMPO,21,m3,0.8,1,1,0.8,,xls-2951
2026-06-20,38,DRENAJES Y ESTRUCTURAS,3701.06.09,DRENAJE TRANSVERSAL,"Concreto clase  28 MPA (encoles, descoles, box, sumideros)",UF1,3701,ODT1-050,20519,20519,CAMPO,21,m3,3,1,1,3,,xls-2952
2026-06-20,30,DRENAJES Y ESTRUCTURAS,3701.06.01,DRENAJE TRANSVERSAL,Excavaciones varias sin clasicar,UF1,3701,ODT1-036,15564,15564,CAMPO,21,m3,1.5,1,1,1.5,,xls-2953
2026-06-20,110,DRENAJES Y ESTRUCTURAS,3702.06.09,DRENAJE TRANSVERSAL,"Concreto clase  28 MPA (encoles, descoles, box, sumideros)",UF2,3702,ODT2-014,35003,35003,CAMPO,21,m3,4.5,1,1,4.5,,xls-2954
2026-06-20,105,DRENAJES Y ESTRUCTURAS,3702.06.04,DRENAJE TRANSVERSAL,Acero de refuerzo Fy=420 Mpa.,UF2,3702,ODT2-016,35096,35096,CAMPO,21,kg,95.42,1,1,95.42,,xls-2955
2026-06-20,102,DRENAJES Y ESTRUCTURAS,3702.06.01,DRENAJE TRANSVERSAL,Excavaciones varias sin clasicar,UF2,3702,ODT2-017,35241,35241,CAMPO,21,m3,10,1,1,10,,xls-2956
2026-06-20,103,DRENAJES Y ESTRUCTURAS,3702.06.02,DRENAJE TRANSVERSAL,Rellenos con material seleccionado,UF2,3702,ODT2-017,35241,35241,CAMPO,21,m3,15,1,1,15,,xls-2957
2026-06-20,108,DRENAJES Y ESTRUCTURAS,3702.06.07,DRENAJE TRANSVERSAL,"Concreto clase 14 MPA (solados, estructuras)",UF2,3702,ODT2-017,35241,35241,CAMPO,21,m3,2.5,1,1,2.5,,xls-2958
2026-05-23,106,DRENAJES Y ESTRUCTURAS,3702.06.05,DRENAJE TRANSVERSAL,Tubería de Concreto Reforzado de 900mm de diámetro interior (Tipo III),UF2,3702,ODT2-023,35589,35589,CAMPO,20,m,10,1,1,10,,xls-2959
2026-06-17,13,TIERRAS,3701.02.07,EXPLANACIONES,Terraplenes (solo conformación),UF1,3701,tm2 pk 25+530 - 26+612,25530,26612,CAMPO,21,m3,1524,1,1,1524,,xls-2960
2026-06-17,13,TIERRAS,3701.02.07,EXPLANACIONES,Terraplenes (solo conformación),UF1,3701,tm2 pk 20+875 - 22+650,20875,22650,CAMPO,21,m3,182,1,1,182,,xls-2961
2026-06-17,156,TIERRAS,3701.05.11,ESTRUCTURAS,Geobolsas de geotextil (propybag) MSR,UF1,3701,MSR 14+300,14300,14500,CAMPO,21,UND,284,1,1,284,,xls-2962
2026-06-17,85,TIERRAS,3702.02.07,EXPLANACIONES,Terraplenes (solo conformación),UF2,3702,tm2 pk 34+445 - 35+700,34445,35700,CAMPO,21,m3,1064,1,1,1064,,xls-2963
2026-06-17,82,TIERRAS,3702.02.05,EXPLANACIONES,Excavaciones en material común NO APROVECHABLE,UF2,3702,tm2 pk 37+130 - 37+655,37130,37655,CAMPO,21,m3,200,1,1,200,descapote,xls-2964
2026-06-17,80,TIERRAS,3702.02.03,EXPLANACIONES,Desmonte y limpieza en zonas no boscosas,UF2,3702,tm2 pk 37+130 - 37+655,37130,37655,CAMPO,21,Ha,1000,0.0001,1,0.1,,xls-2965
2026-06-17,85,TIERRAS,3702.02.07,EXPLANACIONES,Terraplenes (solo conformación),UF2,3702,tm2 pk 38+064 - 38+864,38064,38864,CAMPO,21,m3,14,1,1,14,,xls-2966
2026-06-17,10,TIERRAS,3701.02.05,EXPLANACIONES,Excavaciones en material común APROVECHABLE,UF1,3701,tm2 pk 19+000 - 20+875,19000,20875,CAMPO,21,m3,1804,1,1,1804,,xls-2967
2026-06-17,18,TIERRAS,3701.03.01,"BASES, SUBBASES Y AFIRMADOS",Subbase Granular,UF1,3701,tm2 pk 17+120 - 19+000,17120,19000,CAMPO,21,m3,420,1,1,420,,xls-2968
2026-06-17,6,TIERRAS,3701.02.01,EXPLANACIONES,Desmonte y limpieza en bosque,UF1,3701,tm2 pk 20+875 - 22+650,20875,22650,CAMPO,21,Ha,1700,0.0001,1,0.17,,xls-2969
2026-06-17,10,TIERRAS,3701.02.05,EXPLANACIONES,Excavaciones en material común NO APROVECHABLE,UF1,3701,tm2 pk 20+875 - 22+650,20875,22650,CAMPO,21,m3,340,1,1,340,descapote,xls-2970
2026-06-17,13,TIERRAS,3701.02.07,EXPLANACIONES,Terraplenes (solo conformación),UF1,3701,tm2 pk 20+875 - 22+650,20875,22650,CAMPO,21,m3,100,1,1,100,,xls-2971
2026-06-17,12,TIERRAS,3701.02.06,EXPLANACIONES,Excavación en material común de préstamos,UF1,3701,EL DIVISO,21500,21500,CAMPO,21,m3,1402,1,1,1402,,xls-2972
2026-05-23,38,DRENAJES Y ESTRUCTURAS,3701.06.09,DRENAJE TRANSVERSAL,"Concreto clase  28 MPA (encoles, descoles, box, sumideros)",UF1,3701,ODT1-051,20624,20624,CAMPO,20,m3,4,1,1,4,,xls-2973
2026-05-20,38,DRENAJES Y ESTRUCTURAS,3701.06.09,DRENAJE TRANSVERSAL,"Concreto clase  28 MPA (encoles, descoles, box, sumideros)",UF1,3701,ODT1-049,20442,20442,CAMPO,20,m3,1,1,1,1,,xls-2974
2026-05-23,38,DRENAJES Y ESTRUCTURAS,3701.06.09,DRENAJE TRANSVERSAL,"Concreto clase  28 MPA (encoles, descoles, box, sumideros)",UF1,3701,ODT1-049,20442,20442,CAMPO,20,m3,11,1,1,11,,xls-2975
2026-06-18,10,TIERRAS,3701.02.05,EXPLANACIONES,Excavaciones en material común APROVECHABLE,UF1,3701,tm2 pk 19+000 - 20+875,19000,20875,CAMPO,21,m3,1876,1,1.3,1443.076923076923,,xls-2976
2026-06-18,10,TIERRAS,3701.02.05,EXPLANACIONES,Excavaciones en material común APROVECHABLE,UF1,3701,tm2 pk 14+225 - 14+635,14225,14635,CAMPO,21,m3,728,1,1.3,560,,xls-2977
2026-06-18,12,TIERRAS,3701.02.06,EXPLANACIONES,Excavación en material común de préstamos,UF1,3701,EL DIVISO,21500,21500,CAMPO,21,m3,2590,1,1.3,1992.3076923076922,,xls-2978
2026-06-18,10,TIERRAS,3701.02.05,EXPLANACIONES,Excavaciones en material común NO APROVECHABLE,UF1,3701,tm2 pk 20+875 - 22+650,20875,22650,CAMPO,21,m3,170,1,1.3,130.76923076923077,descapote,xls-2979
2026-06-18,6,TIERRAS,3701.02.01,EXPLANACIONES,Desmonte y limpieza en bosque,UF1,3701,tm2 pk 20+875 - 22+650,20875,22650,CAMPO,21,Ha,850,0.0001,1,0.085,,xls-2980
2026-06-18,13,TIERRAS,3701.02.07,EXPLANACIONES,Terraplenes (solo conformación),UF1,3701,tm2 pk 25+530 - 26+612,25530,26612,CAMPO,21,m3,1036,1,1.3,796.9230769230769,,xls-2981
2026-06-18,85,TIERRAS,3702.02.07,EXPLANACIONES,Terraplenes (solo conformación),UF2,3702,tm2 pk 38+064 - 38+864,38064,38864,CAMPO,21,m3,1890,1,1.3,1453.8461538461538,,xls-2982
2026-06-18,85,TIERRAS,3702.02.07,EXPLANACIONES,Terraplenes (solo conformación),UF2,3702,tm2 pk 34+445 - 35+700,34445,35700,CAMPO,21,m3,1078,1,1.3,829.2307692307692,,xls-2983
2026-06-18,13,TIERRAS,3701.02.07,EXPLANACIONES,Terraplenes (solo conformación),UF1,3701,tm2 pk 20+875 - 22+650,20875,22650,CAMPO,21,m3,532,1,1.3,409.2307692307692,,xls-2984
2026-06-18,13,TIERRAS,3701.02.07,EXPLANACIONES,Terraplenes (solo conformación),UF1,3701,tm2 pk 20+875 - 22+650,20875,22650,CAMPO,21,m3,225,1,1.3,173.07692307692307,mejoramiento crudo de rio,xls-2985
2026-06-18,78,TIERRAS,3702.02.01,EXPLANACIONES,Desmonte y limpieza en bosque,UF2,3702,tm2 pk 37+130 - 37+655,37130,37655,CAMPO,21,Ha,2400,0.0001,1,0.24000000000000002,,xls-2986
2026-06-18,82,TIERRAS,3702.02.05,EXPLANACIONES,Excavaciones en material común NO APROVECHABLE,UF2,3702,tm2 pk 37+130 - 37+655,37130,37655,CAMPO,21,m3,480,1,1.3,369.2307692307692,descapote,xls-2987
2026-06-18,18,TIERRAS,3701.03.01,"BASES, SUBBASES Y AFIRMADOS",Subbase Granular,UF1,3701,tm2 pk 19+000 - 20+875,19000,20875,CAMPO,21,m3,210,1,1.3,161.53846153846152,,xls-2988
2026-06-18,19,TIERRAS,3701.03.03,"BASES, SUBBASES Y AFIRMADOS",Base granular estabilizada con cemento (No incluye cemento),UF1,3701,tm2 pk 17+120 - 19+000,17120,19000,CAMPO,21,m3,550.48,1,1.3,423.44615384615383,,xls-2989
2026-06-18,149,TIERRAS,3701.05.04,ESTRUCTURAS,Relleno para muros de tierra MSR,UF1,3701,MSR 14+300,14300,14500,CAMPO,21,M3,336,1,1,336,,xls-2990
2026-06-18,150,TIERRAS,3701.05.05,ESTRUCTURAS,Material granular drenante MSR,UF1,3701,MSR 14+300,14300,14500,CAMPO,21,M3,30,1,1,30,,xls-2991
2026-06-18,154,TIERRAS,3701.05.09,ESTRUCTURAS,Geotextil tejido uniaxial de 2890 n (método grab md),UF1,3701,MSR 14+300,14300,14500,CAMPO,21,M2,195,1,1,195,,xls-2992
2026-06-18,148,TIERRAS,3701.05.03,ESTRUCTURAS,"Tubería PVC d=4"" para drenaje perforada MSR",UF1,3701,MSR 14+300,14300,14500,CAMPO,21,M,12,1,1,12,,xls-2993
2026-06-18,156,TIERRAS,3701.05.11,ESTRUCTURAS,Geobolsas de geotextil (propybag) MSR,UF1,3701,MSR 14+300,14300,14500,CAMPO,21,UND,110,1,1,110,,xls-2994
2026-06-19,10,TIERRAS,3701.02.05,EXPLANACIONES,Excavaciones en material común APROVECHABLE,UF1,3701,tm2 pk 19+000 - 20+875,19000,20875,CAMPO,21,m3,1281.71,1,1.3,985.9307692307692,,xls-2995
2026-06-19,10,TIERRAS,3701.02.05,EXPLANACIONES,Excavaciones en material común APROVECHABLE,UF1,3701,tm2 pk 14+225 - 14+635,14225,14635,CAMPO,21,m3,224,1,1.3,172.3076923076923,,xls-2996
2026-06-19,12,TIERRAS,3701.02.06,EXPLANACIONES,Excavación en material común de préstamos,UF1,3701,EL DIVISO,21500,21500,CAMPO,21,m3,2906.86,1,1.3,2236.046153846154,,xls-2997
2026-06-19,10,TIERRAS,3701.02.05,EXPLANACIONES,Excavaciones en material común NO APROVECHABLE,UF1,3701,tm2 pk 20+875 - 22+650,20875,22650,CAMPO,21,m3,420,1,1.3,323.07692307692304,,xls-2998
2026-06-19,13,TIERRAS,3701.02.07,EXPLANACIONES,Terraplenes (solo conformación),UF1,3701,tm2 pk 25+530 - 26+612,25530,26612,CAMPO,21,m3,699.76,1,1.3,538.276923076923,,xls-2999
2026-06-19,85,TIERRAS,3702.02.07,EXPLANACIONES,Terraplenes (solo conformación),UF2,3702,tm2 pk 38+064 - 38+864,38064,38864,CAMPO,21,m3,1727.47,1,1.3,1328.823076923077,,xls-3000
2026-06-19,13,TIERRAS,3701.02.07,EXPLANACIONES,Terraplenes (solo conformación),UF1,3701,tm2 pk 20+875 - 22+650,20875,22650,CAMPO,21,m3,560,1,1.3,430.7692307692308,,xls-3001
2026-06-19,85,TIERRAS,3702.02.07,EXPLANACIONES,Terraplenes (solo conformación),UF2,3702,tm2 pk 34+445 - 35+700,34445,35700,CAMPO,21,m3,1046.94,1,1.3,805.3384615384615,,xls-3002
2026-06-19,149,TIERRAS,3701.05.04,ESTRUCTURAS,Relleno para muros de tierra MSR,UF1,3701,MSR 14+300,14300,14500,CAMPO,21,M3,196,1,1,196,,xls-3003
2026-06-19,19,TIERRAS,3701.03.03,"BASES, SUBBASES Y AFIRMADOS",Base granular estabilizada con cemento (No incluye cemento),UF1,3701,tm2 pk 17+120 - 19+000,17120,19000,CAMPO,21,m3,497.81,1,1.3,382.9307692307692,,xls-3004
2026-06-19,156,TIERRAS,3701.05.11,ESTRUCTURAS,Geobolsas de geotextil (propybag) MSR,UF1,3701,MSR 14+300,14300,14500,CAMPO,21,UND,200,1,1,200,,xls-3005
2026-06-19,152,TIERRAS,3701.05.07,ESTRUCTURAS,Geomalla tejida uniaxial de 115 kn/m (método md),UF1,3701,MSR 14+300,14300,14500,CAMPO,21,M2,980,1,1,980,,xls-3006
2026-06-19,153,TIERRAS,3701.05.08,ESTRUCTURAS,Geotextil tejido uniaxial de 1480 n (método grab md),UF1,3701,MSR 14+300,14300,14500,CAMPO,21,M2,89,1,1,89,,xls-3007
2026-06-20,10,TIERRAS,3701.02.05,EXPLANACIONES,Excavaciones en material común APROVECHABLE,UF1,3701,tm2 pk 19+000 - 20+875,19000,20875,CAMPO,21,m3,958.12,1,1.3,737.0153846153846,,xls-3008
2026-06-20,10,TIERRAS,3701.02.05,EXPLANACIONES,Excavaciones en material común APROVECHABLE,UF1,3701,tm2 pk 14+225 - 14+635,14225,14635,CAMPO,21,m3,857.55,1,1.3,659.6538461538461,,xls-3009
2026-06-20,85,TIERRAS,3702.02.07,EXPLANACIONES,Terraplenes (solo conformación),UF2,3702,tm2 pk 34+445 - 35+700,34445,35700,CAMPO,21,m3,484.56,1,1.3,372.73846153846154,,xls-3010
2026-06-20,85,TIERRAS,3702.02.07,EXPLANACIONES,Terraplenes (solo conformación),UF2,3702,tm2 pk 38+064 - 38+864,38064,38864,CAMPO,21,m3,459.56,1,1.3,353.5076923076923,,xls-3011
2026-06-20,13,TIERRAS,3701.02.07,EXPLANACIONES,Terraplenes (solo conformación),UF1,3701,tm2 pk 20+875 - 22+650,20875,22650,CAMPO,21,m3,829.55,1,1.3,638.1153846153845,,xls-3012
2026-06-20,18,TIERRAS,3701.03.01,"BASES, SUBBASES Y AFIRMADOS",Subbase Granular,UF1,3701,tm2 pk 20+875 - 22+650,20875,22650,CAMPO,21,m3,462.7,1,1.3,355.9230769230769,,xls-3013
2026-06-22,10,TIERRAS,3701.02.05,EXPLANACIONES,Excavaciones en material común APROVECHABLE,UF1,3701,tm2 pk 14+225 - 14+635,14225,14635,CAMPO,21,m3,140.7,1,1.3,108.23076923076921,,xls-3014
2026-06-22,12,TIERRAS,3701.02.06,EXPLANACIONES,Excavación en material común de préstamos,UF1,3701,EL DIVISO,21500,21500,CAMPO,21,m3,2410.58,1,1.3,1854.2923076923075,,xls-3015
2026-06-22,10,TIERRAS,3701.02.05,EXPLANACIONES,Excavaciones en material común NO APROVECHABLE,UF1,3701,tm2 pk 20+875 - 22+650,20875,22650,CAMPO,21,m3,126,1,1.3,96.92307692307692,,xls-3016
2026-06-22,14,TIERRAS,3701.02.08,EXPLANACIONES,Conformación y disposición de sobrantes (incluye obras de adecuación),UF1,3701,RCD 15+800,15800,15800,CAMPO,21,m3,126,1,1.3,96.92307692307692,,xls-3017
2026-06-22,85,TIERRAS,3702.02.07,EXPLANACIONES,Terraplenes (solo conformación),UF2,3702,tm2 pk 34+445 - 35+700,34445,35700,CAMPO,21,m3,748.54,1,1.3,575.8,,xls-3018
2026-06-22,85,TIERRAS,3702.02.07,EXPLANACIONES,Terraplenes (solo conformación),UF2,3702,tm2 pk 37+130 - 37+655,37130,37655,CAMPO,21,m3,740.04,1,1.3,569.2615384615384,,xls-3019
2026-06-22,13,TIERRAS,3701.02.07,EXPLANACIONES,Terraplenes (solo conformación),UF1,3701,tm2 pk 19+000 - 20+875,19000,20875,CAMPO,21,m3,70,1,1.3,53.84615384615385,,xls-3020
2026-06-22,13,TIERRAS,3701.02.07,EXPLANACIONES,Terraplenes (solo conformación),UF1,3701,tm2 pk 20+875 - 22+650,20875,22650,CAMPO,21,m3,588,1,1.3,452.30769230769226,,xls-3021
2026-06-22,149,TIERRAS,3701.05.04,ESTRUCTURAS,Relleno para muros de tierra MSR,UF1,3701,MSR 14+300,14300,14500,CAMPO,21,M3,140.7,1,1,140.7,,xls-3022
2026-06-22,18,TIERRAS,3701.03.01,"BASES, SUBBASES Y AFIRMADOS",Subbase Granular,UF1,3701,tm2 pk 19+000 - 20+875,19000,20875,CAMPO,21,m3,148.74,1,1.3,114.41538461538462,,xls-3023
2026-06-22,18,TIERRAS,3701.03.01,"BASES, SUBBASES Y AFIRMADOS",Subbase Granular,UF1,3701,tm2 pk 20+875 - 22+650,20875,22650,CAMPO,21,m3,421.2,1,1.3,324,,xls-3024
2026-06-22,156,TIERRAS,3701.05.11,ESTRUCTURAS,Geobolsas de geotextil (propybag) MSR,UF1,3701,MSR 14+300,14300,14500,CAMPO,21,UND,250,1,1,250,,xls-3025
2026-06-23,10,TIERRAS,3701.02.05,EXPLANACIONES,Excavaciones en material común APROVECHABLE,UF1,3701,tm2 pk 19+000 - 20+875,19000,20875,CAMPO,21,m3,1873.21,1,1.3,1440.930769230769,,xls-3026
2026-06-23,10,TIERRAS,3701.02.05,EXPLANACIONES,Excavaciones en material común APROVECHABLE,UF1,3701,tm2 pk 14+225 - 14+635,14225,14635,CAMPO,21,m3,126,1,1.3,96.92307692307692,,xls-3027
2026-06-23,12,TIERRAS,3701.02.06,EXPLANACIONES,Excavación en material común de préstamos,UF1,3701,EL DIVISO,21500,21500,CAMPO,21,m3,2263.3,1,1.3,1741,,xls-3028
2026-06-23,10,TIERRAS,3701.02.05,EXPLANACIONES,Excavaciones en material común NO APROVECHABLE,UF1,3701,tm2 pk 20+875 - 22+650,20875,22650,CAMPO,21,m3,336,1,1.3,258.46153846153845,,xls-3029
2026-06-23,14,TIERRAS,3701.02.08,EXPLANACIONES,Conformación y disposición de sobrantes (incluye obras de adecuación),UF1,3701,RCD 15+800,15800,15800,CAMPO,21,m3,336,1,1.3,258.46153846153845,,xls-3030
2026-06-23,85,TIERRAS,3702.02.07,EXPLANACIONES,Terraplenes (solo conformación),UF2,3702,tm2 pk 34+445 - 35+700,34445,35700,CAMPO,21,m3,1130.4,1,1.3,869.5384615384615,,xls-3031
2026-06-23,13,TIERRAS,3701.02.07,EXPLANACIONES,Terraplenes (solo conformación),UF1,3701,tm2 pk 20+875 - 22+650,20875,22650,CAMPO,21,m3,826,1,1.3,635.3846153846154,,xls-3032
2026-06-23,85,TIERRAS,3702.02.07,EXPLANACIONES,Terraplenes (solo conformación),UF2,3702,tm2 pk 37+130 - 37+655,37130,37655,CAMPO,21,m3,1873.21,1,1.3,1440.930769230769,,xls-3033
2026-06-23,149,TIERRAS,3701.05.04,ESTRUCTURAS,Relleno para muros de tierra MSR,UF1,3701,MSR 14+300,14300,14500,CAMPO,21,M3,126,1,1,126,,xls-3034
2026-06-23,18,TIERRAS,3701.03.01,"BASES, SUBBASES Y AFIRMADOS",Subbase Granular,UF1,3701,tm2 pk 19+000 - 20+875,19000,20875,CAMPO,21,m3,300.52,1,1.3,231.16923076923075,,xls-3035
2026-06-23,156,TIERRAS,3701.05.11,ESTRUCTURAS,Geobolsas de geotextil (propybag) MSR,UF1,3701,MSR 14+300,14300,14500,CAMPO,21,UND,150,1,1,150,,xls-3036
2026-06-24,10,TIERRAS,3701.02.05,EXPLANACIONES,Excavaciones en material común APROVECHABLE,UF1,3701,tm2 pk 19+000 - 20+875,19000,20875,CAMPO,21,m3,2003.02,1,1.3,1540.7846153846153,,xls-3037
2026-06-24,10,TIERRAS,3701.02.05,EXPLANACIONES,Excavaciones en material común APROVECHABLE,UF1,3701,tm2 pk 14+225 - 14+635,14225,14635,CAMPO,21,m3,964.38,1,1.3,741.8307692307692,,xls-3038
2026-06-24,12,TIERRAS,3701.02.06,EXPLANACIONES,Excavación en material común de préstamos,UF1,3701,EL DIVISO,21500,21500,CAMPO,21,m3,1898.75,1,1.3,1460.576923076923,,xls-3039
2026-06-24,10,TIERRAS,3701.02.05,EXPLANACIONES,Excavaciones en material común NO APROVECHABLE,UF1,3701,tm2 pk 20+875 - 22+650,20875,22650,CAMPO,21,m3,308,1,1.3,236.9230769230769,,xls-3040
2026-06-24,14,TIERRAS,3701.02.08,EXPLANACIONES,Conformación y disposición de sobrantes (incluye obras de adecuación),UF1,3701,RCD 15+800,15800,15800,CAMPO,21,m3,308,1,1.3,236.9230769230769,,xls-3041
2026-06-24,85,TIERRAS,3702.02.07,EXPLANACIONES,Terraplenes (solo conformación),UF2,3702,tm2 pk 34+445 - 35+700,34445,35700,CAMPO,21,m3,972.51,1,1.3,748.0846153846154,,xls-3042
2026-06-24,13,TIERRAS,3701.02.07,EXPLANACIONES,Terraplenes (solo conformación),UF1,3701,tm2 pk 20+875 - 22+650,20875,22650,CAMPO,21,m3,867.63,1,1.3,667.4076923076923,,xls-3043
2026-06-24,85,TIERRAS,3702.02.07,EXPLANACIONES,Terraplenes (solo conformación),UF2,3702,tm2 pk 37+130 - 37+655,37130,37655,CAMPO,21,m3,1866.31,1,1.3,1435.6230769230767,,xls-3044
2026-06-24,13,TIERRAS,3701.02.07,EXPLANACIONES,Terraplenes (solo conformación),UF1,3701,tm2 pk 20+875 - 22+650,20875,22650,CAMPO,21,m3,726.38,1,1.3,558.7538461538461,,xls-3045
2026-06-24,149,TIERRAS,3701.05.04,ESTRUCTURAS,Relleno para muros de tierra MSR,UF1,3701,MSR 14+300,14300,14500,CAMPO,21,M3,238,1,1,238,,xls-3046
2026-06-24,19,TIERRAS,3701.03.03,"BASES, SUBBASES Y AFIRMADOS",Base granular estabilizada con cemento (No incluye cemento),UF1,3701,tm2 pk 17+120 - 19+000,17120,19000,CAMPO,21,m3,740.38,1,1.3,569.5230769230769,,xls-3047
2026-06-25,10,TIERRAS,3701.02.05,EXPLANACIONES,Excavaciones en material común APROVECHABLE,UF1,3701,tm2 pk 19+000 - 20+875,19000,20875,CAMPO,21,m3,1435.28,1,1.3,1104.0615384615385,,xls-3048
2026-06-25,10,TIERRAS,3701.02.05,EXPLANACIONES,Excavaciones en material común APROVECHABLE,UF1,3701,tm2 pk 14+225 - 14+635,14225,14635,CAMPO,21,m3,532,1,1.3,409.2307692307692,,xls-3049
2026-06-25,10,TIERRAS,3701.02.05,EXPLANACIONES,Excavaciones en material común NO APROVECHABLE,UF1,3701,tm2 pk 20+875 - 22+650,20875,22650,CAMPO,21,m3,150,1,1.3,115.38461538461539,,xls-3050
2026-06-25,14,TIERRAS,3701.02.08,EXPLANACIONES,Conformación y disposición de sobrantes (incluye obras de adecuación),UF1,3701,RCD 15+800,15800,15800,CAMPO,21,m3,150,1,1.3,115.38461538461539,,xls-3051
2026-06-25,85,TIERRAS,3702.02.07,EXPLANACIONES,Terraplenes (solo conformación),UF2,3702,tm2 pk 37+130 - 37+655,37130,37655,CAMPO,21,m3,1435.28,1,1.3,1104.0615384615385,,xls-3052
2026-06-25,13,TIERRAS,3701.02.07,EXPLANACIONES,Terraplenes (solo conformación),UF1,3701,tm2 pk 20+875 - 22+650,20875,22650,CAMPO,21,m3,406,1,1.3,312.3076923076923,,xls-3053
2026-06-25,149,TIERRAS,3701.05.04,ESTRUCTURAS,Relleno para muros de tierra MSR,UF1,3701,MSR 14+300,14300,14500,CAMPO,21,M3,42,1,1,42,,xls-3054
2026-06-25,19,TIERRAS,3701.03.03,"BASES, SUBBASES Y AFIRMADOS",Base granular estabilizada con cemento (No incluye cemento),UF1,3701,tm2 pk 17+120 - 19+000,17120,19000,CAMPO,21,m3,731.07,1,1.3,562.3615384615384,,xls-3055
2026-06-25,6,TIERRAS,3701.02.01,EXPLANACIONES,Desmonte y limpieza en bosque,UF1,3701,tm2 pk 19+000 - 20+875,19000,20875,CAMPO,21,Ha,0.08,1,1,0.08,,xls-3056
2026-06-25,152,TIERRAS,3701.05.07,ESTRUCTURAS,Geomalla tejida uniaxial de 115 kn/m (método md),UF1,3701,MSR 14+300,14300,14500,CAMPO,21,M2,1018,1,1,1018,,xls-3057
2026-06-26,10,TIERRAS,3701.02.05,EXPLANACIONES,Excavaciones en material común APROVECHABLE,UF1,3701,tm2 pk 19+000 - 20+875,19000,20875,CAMPO,21,m3,1629.38,1,1.3,1253.3692307692309,,xls-3058
2026-06-26,10,TIERRAS,3701.02.05,EXPLANACIONES,Excavaciones en material común APROVECHABLE,UF1,3701,tm2 pk 14+225 - 14+635,14225,14635,CAMPO,21,m3,476,1,1.3,366.15384615384613,,xls-3059
2026-06-26,10,TIERRAS,3701.02.05,EXPLANACIONES,Excavaciones en material común APROVECHABLE,UF1,3701,tm2 pk 19+000 - 20+875,19000,20875,CAMPO,21,m3,1700,1,1.3,1307.6923076923076,,xls-3060
2026-06-26,85,TIERRAS,3702.02.07,EXPLANACIONES,Terraplenes (solo conformación),UF2,3702,tm2 pk 36+555 - 37+080,36555,37080,CAMPO,21,m3,748.76,1,1.3,575.9692307692308,,xls-3061
2026-06-26,85,TIERRAS,3702.02.07,EXPLANACIONES,Terraplenes (solo conformación),UF2,3702,tm2 pk 38+064 - 38+864,38064,38864,CAMPO,21,m3,880.62,1,1.3,677.4,,xls-3062
2026-06-26,13,TIERRAS,3701.02.07,EXPLANACIONES,Terraplenes (solo conformación),UF1,3701,tm2 pk 19+000 - 20+875,19000,20875,CAMPO,21,m3,1504,1,1.3,1156.923076923077,,xls-3063
2026-06-26,13,TIERRAS,3701.02.07,EXPLANACIONES,Terraplenes (solo conformación),UF1,3701,tm2 pk 20+875 - 22+650,20875,22650,CAMPO,21,m3,294,1,1.3,226.15384615384613,,xls-3064
2026-06-26,149,TIERRAS,3701.05.04,ESTRUCTURAS,Relleno para muros de tierra MSR,UF1,3701,MSR 14+300,14300,14500,CAMPO,21,M3,378,1,1,378,,xls-3065
2026-06-26,19,TIERRAS,3701.03.03,"BASES, SUBBASES Y AFIRMADOS",Base granular estabilizada con cemento (No incluye cemento),UF1,3701,tm2 pk 17+120 - 19+000,17120,19000,CAMPO,21,m3,755.31,1,1.3,581.0076923076922,,xls-3066
2026-06-26,156,TIERRAS,3701.05.11,ESTRUCTURAS,Geobolsas de geotextil (propybag) MSR,UF1,3701,MSR 14+300,14300,14500,CAMPO,21,UND,340,1,1,340,,xls-3067
2026-06-27,10,TIERRAS,3701.02.05,EXPLANACIONES,Excavaciones en material común APROVECHABLE,UF1,3701,tm2 pk 19+000 - 20+875,19000,20875,CAMPO,21,m3,950.15,1,1.3,730.8846153846154,,xls-3068
2026-06-27,10,TIERRAS,3701.02.05,EXPLANACIONES,Excavaciones en material común APROVECHABLE,UF1,3701,tm2 pk 19+000 - 20+875,19000,20875,CAMPO,21,m3,576.96,1,1.3,443.81538461538463,,xls-3069
2026-06-27,10,TIERRAS,3701.02.05,EXPLANACIONES,Excavaciones en material común APROVECHABLE,UF1,3701,tm2 pk 14+225 - 14+635,14225,14635,CAMPO,21,m3,291.9,1,1.3,224.53846153846152,,xls-3070
2026-06-27,10,TIERRAS,3701.02.05,EXPLANACIONES,Excavaciones en material común NO APROVECHABLE,UF1,3701,tm2 pk 19+000 - 20+875,19000,20875,CAMPO,21,m3,129,1,1.3,99.23076923076923,,xls-3071
2026-06-27,14,TIERRAS,3701.02.08,EXPLANACIONES,Conformación y disposición de sobrantes (incluye obras de adecuación),UF1,3701,RCD 15+800,15800,15800,CAMPO,21,m3,129,1,1.3,99.23076923076923,,xls-3072
2026-06-27,85,TIERRAS,3702.02.07,EXPLANACIONES,Terraplenes (solo conformación),UF2,3702,tm2 pk 38+064 - 38+864,38064,38864,CAMPO,21,m3,490.65,1,1.3,377.4230769230769,,xls-3073
2026-06-27,85,TIERRAS,3702.02.07,EXPLANACIONES,Terraplenes (solo conformación),UF2,3702,tm2 pk 36+555 - 37+080,36555,37080,CAMPO,21,m3,459.5,1,1.3,353.46153846153845,,xls-3074
2026-06-27,13,TIERRAS,3701.02.07,EXPLANACIONES,Terraplenes (solo conformación),UF1,3701,tm2 pk 19+000 - 20+875,19000,20875,CAMPO,21,m3,249.9,1,1.3,192.23076923076923,,xls-3075
2026-06-27,13,TIERRAS,3701.02.07,EXPLANACIONES,Terraplenes (solo conformación),UF1,3701,tm2 pk 20+875 - 22+650,20875,22650,CAMPO,21,m3,576.96,1,1.3,443.81538461538463,,xls-3076
2026-06-27,149,TIERRAS,3701.05.04,ESTRUCTURAS,Relleno para muros de tierra MSR,UF1,3701,MSR 14+300,14300,14500,CAMPO,21,M3,42,1,1,42,,xls-3077
2026-06-27,19,TIERRAS,3701.03.03,"BASES, SUBBASES Y AFIRMADOS",Base granular estabilizada con cemento (No incluye cemento),UF1,3701,tm2 pk 17+120 - 19+000,17120,19000,CAMPO,21,m3,366.31,1,1.3,281.7769230769231,,xls-3078
2026-06-27,156,TIERRAS,3701.05.11,ESTRUCTURAS,Geobolsas de geotextil (propybag) MSR,UF1,3701,MSR 14+300,14300,14500,CAMPO,21,UND,180,1,1,180,,xls-3079
2026-06-22,33,DRENAJES Y ESTRUCTURAS,3701.06.04,DRENAJE TRANSVERSAL,Acero de refuerzo Fy=420 Mpa.,UF1,3701,ODT1-050,20519,20519,CAMPO,21,kg,300,1,1,300,,xls-3080
2026-06-22,33,DRENAJES Y ESTRUCTURAS,3701.06.04,DRENAJE TRANSVERSAL,Acero de refuerzo Fy=420 Mpa.,UF1,3701,ODT1-049,20442,20442,CAMPO,21,kg,442.32,1,1,442.32,,xls-3081
2026-06-22,102,DRENAJES Y ESTRUCTURAS,3702.06.01,DRENAJE TRANSVERSAL,Excavaciones varias sin clasicar,UF2,3702,ODT2-014,35003,35003,CAMPO,21,m3,7,1,1,7,,xls-3082
2026-06-22,108,DRENAJES Y ESTRUCTURAS,3702.06.07,DRENAJE TRANSVERSAL,"Concreto clase 14 MPA (solados, estructuras)",UF2,3702,ODT2-014,35003,35003,CAMPO,21,m3,1,1,1,1,,xls-3083
2026-06-22,105,DRENAJES Y ESTRUCTURAS,3702.06.04,DRENAJE TRANSVERSAL,Acero de refuerzo Fy=420 Mpa.,UF2,3702,ODT2-014,35003,35003,CAMPO,21,kg,143.13,1,1,143.13,,xls-3084
2026-06-22,105,DRENAJES Y ESTRUCTURAS,3702.06.04,DRENAJE TRANSVERSAL,Acero de refuerzo Fy=420 Mpa.,UF2,3702,ODT2-016,35096,35096,CAMPO,21,kg,235.97,1,1,235.97,,xls-3085
2026-06-22,102,DRENAJES Y ESTRUCTURAS,3702.06.01,DRENAJE TRANSVERSAL,Excavaciones varias sin clasicar,UF2,3702,ODT2-017,35241,35241,CAMPO,21,m3,7,1,1,7,,xls-3086
2026-06-22,108,DRENAJES Y ESTRUCTURAS,3702.06.07,DRENAJE TRANSVERSAL,"Concreto clase 14 MPA (solados, estructuras)",UF2,3702,ODT2-017,35241,35241,CAMPO,21,m3,1,1,1,1,,xls-3087
2026-06-22,105,DRENAJES Y ESTRUCTURAS,3702.06.04,DRENAJE TRANSVERSAL,Acero de refuerzo Fy=420 Mpa.,UF2,3702,ODT2-017,35241,35241,CAMPO,21,kg,119.28,1,1,119.28,,xls-3088
2026-06-22,74,DRENAJES Y ESTRUCTURAS,3702.01.02,DEMOLICIONES Y REUBICACIONES,Demolición de Estructuras,UF2,3702,ODT2-017,35241,35241,CAMPO,21,m3,0.1,1,1,0.1,,xls-3089
2026-06-22,110,DRENAJES Y ESTRUCTURAS,3702.06.09,DRENAJE TRANSVERSAL,"Concreto clase  28 MPA (encoles, descoles, box, sumideros)",UF2,3702,ODT2-019,35423,35423,CAMPO,21,m3,4.5,1,1,4.5,,xls-3090
2026-06-23,38,DRENAJES Y ESTRUCTURAS,3701.06.09,DRENAJE TRANSVERSAL,"Concreto clase  28 MPA (encoles, descoles, box, sumideros)",UF1,3701,ODT1-050,20519,20519,CAMPO,21,m3,5.5,1,1,5.5,,xls-3091
2026-06-23,38,DRENAJES Y ESTRUCTURAS,3701.06.09,DRENAJE TRANSVERSAL,"Concreto clase  28 MPA (encoles, descoles, box, sumideros)",UF1,3701,ODT1-049,20442,20442,CAMPO,21,m3,4.7,1,1,4.7,,xls-3092
2026-06-23,102,DRENAJES Y ESTRUCTURAS,3702.06.01,DRENAJE TRANSVERSAL,Excavaciones varias sin clasicar,UF2,3702,ODT2-014,35003,35003,CAMPO,21,m3,0.5,1,1,0.5,,xls-3093
2026-06-23,110,DRENAJES Y ESTRUCTURAS,3702.06.09,DRENAJE TRANSVERSAL,"Concreto clase  28 MPA (encoles, descoles, box, sumideros)",UF2,3702,ODT2-014,35003,35003,CAMPO,21,m3,4.5,1,1,4.5,,xls-3094
2026-06-23,105,DRENAJES Y ESTRUCTURAS,3702.06.04,DRENAJE TRANSVERSAL,Acero de refuerzo Fy=420 Mpa.,UF2,3702,ODT2-014,35003,35003,CAMPO,21,kg,214.7,1,1,214.7,,xls-3095
2026-06-23,105,DRENAJES Y ESTRUCTURAS,3702.06.04,DRENAJE TRANSVERSAL,Acero de refuerzo Fy=420 Mpa.,UF2,3702,ODT2-017,35241,35241,CAMPO,21,kg,178.92,1,1,178.92,,xls-3096
2026-06-23,102,DRENAJES Y ESTRUCTURAS,3702.06.01,DRENAJE TRANSVERSAL,Excavaciones varias sin clasicar,UF2,3702,ODT2-021,35506,35506,CAMPO,21,m3,1,1,1,1,,xls-3097
2026-06-23,108,DRENAJES Y ESTRUCTURAS,3702.06.07,DRENAJE TRANSVERSAL,"Concreto clase 14 MPA (solados, estructuras)",UF2,3702,ODT2-021,35506,35506,CAMPO,21,m3,1,1,1,1,,xls-3098
2026-06-23,102,DRENAJES Y ESTRUCTURAS,3702.06.01,DRENAJE TRANSVERSAL,Excavaciones varias sin clasicar,UF2,3702,ODT2-023,35589,35589,CAMPO,21,m3,1,1,1,1,,xls-3099
2026-06-23,108,DRENAJES Y ESTRUCTURAS,3702.06.07,DRENAJE TRANSVERSAL,"Concreto clase 14 MPA (solados, estructuras)",UF2,3702,ODT2-023,35589,35589,CAMPO,21,m3,1,1,1,1,,xls-3100
2026-06-24,31,DRENAJES Y ESTRUCTURAS,3701.06.02,DRENAJE TRANSVERSAL,Rellenos con material seleccionado,UF1,3701,ODT1-050,20519,20519,CAMPO,21,m3,70,1,1,70,,xls-3101
2026-06-24,36,DRENAJES Y ESTRUCTURAS,3701.06.07,DRENAJE TRANSVERSAL,"Concreto clase 14 MPA (solados, estructuras)",UF1,3701,ODT1-050,20519,20519,CAMPO,21,m3,2.5,1,1,2.5,,xls-3102
2026-06-24,33,DRENAJES Y ESTRUCTURAS,3701.06.04,DRENAJE TRANSVERSAL,Acero de refuerzo Fy=420 Mpa.,UF1,3701,ODT1-050,20519,20519,CAMPO,21,kg,150,1,1,150,,xls-3103
2026-06-24,62,DRENAJES Y ESTRUCTURAS,3701.07.04,DRENAJE LONGITUDINAL,Cuneta de concreto vaciado en situ; no incluye la conformación del sitio de apoyo. (21 Mpa),UF1,3701,ODT1-036,15564,15564,CAMPO,21,m3,3,1,1,3,,xls-3104
2026-06-24,62,DRENAJES Y ESTRUCTURAS,3701.07.04,DRENAJE LONGITUDINAL,Cuneta de concreto vaciado en situ; no incluye la conformación del sitio de apoyo. (21 Mpa),UF1,3701,ODT1-036,15564,15564,CAMPO,21,m3,1,1,1,1,,xls-3105
2026-06-24,36,DRENAJES Y ESTRUCTURAS,3701.06.07,DRENAJE TRANSVERSAL,"Concreto clase 14 MPA (solados, estructuras)",UF1,3701,ODT1-070,25564,25564,CAMPO,21,m3,4,1,1,4,,xls-3106
2026-06-24,105,DRENAJES Y ESTRUCTURAS,3702.06.04,DRENAJE TRANSVERSAL,Acero de refuerzo Fy=420 Mpa.,UF2,3702,ODT2-014,35003,35003,CAMPO,21,kg,299.17,1,1,299.17,,xls-3107
2026-06-24,110,DRENAJES Y ESTRUCTURAS,3702.06.09,DRENAJE TRANSVERSAL,"Concreto clase  28 MPA (encoles, descoles, box, sumideros)",UF2,3702,ODT2-016,35096,35096,CAMPO,21,m3,4.5,1,1,4.5,,xls-3108
2026-06-24,74,DRENAJES Y ESTRUCTURAS,3702.01.02,DEMOLICIONES Y REUBICACIONES,Demolición de Estructuras,UF2,3702,ODT2-017,35241,35241,CAMPO,21,m3,0.5,1,1,0.5,,xls-3109
2026-06-24,106,DRENAJES Y ESTRUCTURAS,3702.06.05,DRENAJE TRANSVERSAL,Tubería de Concreto Reforzado de 900mm de diámetro interior (Tipo III),UF2,3702,ODT2-017,35241,35241,CAMPO,21,m,11,1,1,11,,xls-3110
2026-06-24,102,DRENAJES Y ESTRUCTURAS,3702.06.01,DRENAJE TRANSVERSAL,Excavaciones varias sin clasicar,UF2,3702,ODT2-017,35241,35241,CAMPO,21,m3,0.5,1,1,0.5,,xls-3111
2026-06-24,105,DRENAJES Y ESTRUCTURAS,3702.06.04,DRENAJE TRANSVERSAL,Acero de refuerzo Fy=420 Mpa.,UF2,3702,ODT2-017,35241,35241,CAMPO,21,kg,95.42,1,1,95.42,,xls-3112
2026-06-24,110,DRENAJES Y ESTRUCTURAS,3702.06.09,DRENAJE TRANSVERSAL,"Concreto clase  28 MPA (encoles, descoles, box, sumideros)",UF2,3702,ODT2-017,35241,35241,CAMPO,21,m3,4.5,1,1,4.5,,xls-3113
2026-06-24,105,DRENAJES Y ESTRUCTURAS,3702.06.04,DRENAJE TRANSVERSAL,Acero de refuerzo Fy=420 Mpa.,UF2,3702,ODT2-019,35423,35423,CAMPO,21,kg,298.2,1,1,298.2,,xls-3114
2026-06-25,34,DRENAJES Y ESTRUCTURAS,3701.06.05,DRENAJE TRANSVERSAL,Tubería de Concreto Reforzado de 900mm de diámetro interior (Tipo III),UF1,3701,ODT1-050,20519,20519,CAMPO,21,m,14,1,1,14,,xls-3115
2026-06-25,33,DRENAJES Y ESTRUCTURAS,3701.06.04,DRENAJE TRANSVERSAL,Acero de refuerzo Fy=420 Mpa.,UF1,3701,ODT1-036,15564,15564,CAMPO,21,kg,50,1,1,50,,xls-3116
2026-06-25,36,DRENAJES Y ESTRUCTURAS,3701.06.07,DRENAJE TRANSVERSAL,"Concreto clase 14 MPA (solados, estructuras)",UF1,3701,ODT1-071,25699,25699,CAMPO,21,m3,9,1,1,9,,xls-3117
2026-06-25,105,DRENAJES Y ESTRUCTURAS,3702.06.04,DRENAJE TRANSVERSAL,Acero de refuerzo Fy=420 Mpa.,UF2,3702,ODT2-017,35241,35241,CAMPO,21,kg,262.88,1,1,262.88,,xls-3118
2026-06-25,110,DRENAJES Y ESTRUCTURAS,3702.06.09,DRENAJE TRANSVERSAL,"Concreto clase  28 MPA (encoles, descoles, box, sumideros)",UF2,3702,ODT2-019,35423,35423,CAMPO,21,m3,4.5,1,1,4.5,,xls-3119
2026-06-26,2,DRENAJES Y ESTRUCTURAS,3701.01.02,DEMOLICIONES Y REUBICACIONES,Demolición de Estructuras,UF1,3701,ODT1-050,20519,20519,CAMPO,21,m3,5,1,1,5,,xls-3120
2026-06-26,37,DRENAJES Y ESTRUCTURAS,3701.06.08,DRENAJE TRANSVERSAL,"Concreto clase 21 MPA (atraques, cabezales)",UF1,3701,ODT1-050,20519,20519,CAMPO,21,m3,3.5,1,1,3.5,,xls-3121
2026-06-26,31,DRENAJES Y ESTRUCTURAS,3701.06.02,DRENAJE TRANSVERSAL,Rellenos con material seleccionado,UF1,3701,ODT1-050,20519,20519,CAMPO,21,m3,12,1,1,12,,xls-3122
2026-06-26,38,DRENAJES Y ESTRUCTURAS,3701.06.09,DRENAJE TRANSVERSAL,"Concreto clase  28 MPA (encoles, descoles, box, sumideros)",UF1,3701,ODT1-050,20519,20519,CAMPO,21,m3,6,1,1,6,,xls-3123
2026-06-26,33,DRENAJES Y ESTRUCTURAS,3701.06.04,DRENAJE TRANSVERSAL,Acero de refuerzo Fy=420 Mpa.,UF1,3701,ODT1-036,15564,15564,CAMPO,21,kg,50,1,1,50,,xls-3124
2026-06-26,62,DRENAJES Y ESTRUCTURAS,3701.07.04,DRENAJE LONGITUDINAL,Cuneta de concreto vaciado en situ; no incluye la conformación del sitio de apoyo. (21 Mpa),UF1,3701,ODT1-036,15564,15564,CAMPO,21,m3,1.5,1,1,1.5,,xls-3125
2026-06-26,36,DRENAJES Y ESTRUCTURAS,3701.06.07,DRENAJE TRANSVERSAL,"Concreto clase 14 MPA (solados, estructuras)",UF1,3701,ODT1-071,25699,25699,CAMPO,21,m3,10,1,1,10,,xls-3126
2026-06-26,36,DRENAJES Y ESTRUCTURAS,3701.06.07,DRENAJE TRANSVERSAL,"Concreto clase 14 MPA (solados, estructuras)",UF1,3701,ODT1-026,14354,14354,CAMPO,21,m3,3,1,1,3,Atención a aqueja social,xls-3127
2026-06-26,110,DRENAJES Y ESTRUCTURAS,3702.06.09,DRENAJE TRANSVERSAL,"Concreto clase  28 MPA (encoles, descoles, box, sumideros)",UF2,3702,ODT2-014,35003,35003,CAMPO,21,m3,4.5,1,1,4.5,,xls-3128
2026-06-26,74,DRENAJES Y ESTRUCTURAS,3702.01.02,DEMOLICIONES Y REUBICACIONES,Demolición de Estructuras,UF2,3702,ODT2-017,35241,35241,CAMPO,21,m3,1,1,1,1,,xls-3129
2026-06-26,105,DRENAJES Y ESTRUCTURAS,3702.06.04,DRENAJE TRANSVERSAL,Acero de refuerzo Fy=420 Mpa.,UF2,3702,ODT2-019,35423,35423,CAMPO,21,kg,358.8,1,1,358.8,,xls-3130
2026-06-27,105,DRENAJES Y ESTRUCTURAS,3702.06.04,DRENAJE TRANSVERSAL,Acero de refuerzo Fy=420 Mpa.,UF2,3702,ODT2-021,35506,35506,CAMPO,21,kg,298.2,1,1,298.2,,xls-3131
2026-06-27,74,DRENAJES Y ESTRUCTURAS,3702.01.02,DEMOLICIONES Y REUBICACIONES,Demolición de Estructuras,UF2,3702,ODT2-017,35241,35241,CAMPO,21,m3,0.5,1,1,0.5,,xls-3132
2026-06-29,10,TIERRAS,3701.02.05,EXPLANACIONES,Excavaciones en material común APROVECHABLE,UF1,3701,tm2 pk 19+000 - 20+875,19000,20875,CAMPO,21,m3,841.72,1,1.3,647.4769230769231,domingo,xls-3133
2026-06-29,10,TIERRAS,3701.02.05,EXPLANACIONES,Excavaciones en material común APROVECHABLE,UF1,3701,tm2 pk 14+225 - 14+635,14225,14635,CAMPO,21,m3,210,1,1.3,161.53846153846152,domingo,xls-3134
2026-06-29,10,TIERRAS,3701.02.05,EXPLANACIONES,Excavaciones en material común NO APROVECHABLE,UF1,3701,tm2 pk 25+530 - 26+612,25530,26612,CAMPO,21,m3,448,1,1.3,344.6153846153846,domingo,xls-3135
2026-06-29,14,TIERRAS,3701.02.08,EXPLANACIONES,Conformación y disposición de sobrantes (incluye obras de adecuación),UF1,3701,RCD 15+800,15800,15800,CAMPO,21,m3,448,1,1.3,344.6153846153846,domingo,xls-3136
2026-06-29,6,TIERRAS,3701.02.01,EXPLANACIONES,Desmonte y limpieza en bosque,UF1,3701,tm2 pk 25+530 - 26+612,25530,26612,CAMPO,21,Ha,0.22,1,1,0.22,domingo,xls-3137
2026-06-29,149,TIERRAS,3701.05.04,ESTRUCTURAS,Relleno para muros de tierra MSR,UF1,3701,MSR 14+300,14300,14500,CAMPO,21,M3,140,1,1,140,domingo,xls-3138
2026-06-29,13,TIERRAS,3701.02.07,EXPLANACIONES,Terraplenes (solo conformación),UF1,3701,tm2 pk 14+225 - 14+635,14225,14635,CAMPO,21,m3,70,1,1.3,53.84615384615385,domingo,xls-3139
2026-06-29,13,TIERRAS,3701.02.07,EXPLANACIONES,Terraplenes (solo conformación),UF1,3701,tm2 pk 20+875 - 22+650,20875,22650,CAMPO,21,m3,841.72,1,1.3,647.4769230769231,domingo,xls-3140
2026-06-29,156,TIERRAS,3701.05.11,ESTRUCTURAS,Geobolsas de geotextil (propybag) MSR,UF1,3701,MSR 14+300,14300,14500,CAMPO,21,UND,150,1,1,150,domingo,xls-3141
2026-06-29,10,TIERRAS,3701.02.05,EXPLANACIONES,Excavaciones en material común APROVECHABLE,UF1,3701,tm2 pk 19+000 - 20+875,19000,20875,CAMPO,21,m3,858.76,1,1.3,660.5846153846154,,xls-3142
2026-06-29,10,TIERRAS,3701.02.05,EXPLANACIONES,Excavaciones en material común APROVECHABLE,UF1,3701,tm2 pk 14+225 - 14+635,14225,14635,CAMPO,21,m3,592.32,1,1.3,455.63076923076926,,xls-3143
2026-06-29,10,TIERRAS,3701.02.05,EXPLANACIONES,Excavaciones en material común NO APROVECHABLE,UF1,3701,tm2 pk 25+530 - 26+612,25530,26612,CAMPO,21,m3,1036,1,1.3,796.9230769230769,,xls-3144
2026-06-29,14,TIERRAS,3701.02.08,EXPLANACIONES,Conformación y disposición de sobrantes (incluye obras de adecuación),UF1,3701,RCD 15+800,15800,15800,CAMPO,21,m3,1036,1,1.3,796.9230769230769,,xls-3145
2026-06-29,6,TIERRAS,3701.02.01,EXPLANACIONES,Desmonte y limpieza en bosque,UF1,3701,tm2 pk 25+530 - 26+612,25530,26612,CAMPO,21,Ha,0.29,1,1,0.29,,xls-3146
2026-06-29,13,TIERRAS,3701.02.07,EXPLANACIONES,Terraplenes (solo conformación),UF1,3701,tm2 pk 20+875 - 22+650,20875,22650,CAMPO,21,m3,858.76,1,1.3,660.5846153846154,,xls-3147
2026-06-29,13,TIERRAS,3701.02.07,EXPLANACIONES,Terraplenes (solo conformación),UF1,3701,tm2 pk 19+000 - 20+875,19000,20875,CAMPO,21,m3,396.32,1,1.3,304.86153846153843,,xls-3148
2026-06-29,13,TIERRAS,3701.02.07,EXPLANACIONES,Terraplenes (solo conformación),UF1,3701,tm2 pk 14+225 - 14+635,14225,14635,CAMPO,21,m3,196,1,1.3,150.76923076923077,,xls-3149
2026-06-29,149,TIERRAS,3701.05.04,ESTRUCTURAS,Relleno para muros de tierra MSR,UF1,3701,MSR 14+300,14300,14500,CAMPO,21,M3,98,1,1,98,,xls-3150
2026-06-29,156,TIERRAS,3701.05.11,ESTRUCTURAS,Geobolsas de geotextil (propybag) MSR,UF1,3701,MSR 14+300,14300,14500,CAMPO,21,UND,60,1,1,60,,xls-3151
2026-06-30,10,TIERRAS,3701.02.05,EXPLANACIONES,Excavaciones en material común APROVECHABLE,UF1,3701,tm2 pk 19+000 - 20+875,19000,20875,CAMPO,21,m3,2037.7,1,1.3,1567.4615384615383,,xls-3152
2026-06-30,10,TIERRAS,3701.02.05,EXPLANACIONES,Excavaciones en material común APROVECHABLE,UF1,3701,tm2 pk 14+225 - 14+635,14225,14635,CAMPO,21,m3,916.86,1,1.3,705.276923076923,,xls-3153
2026-06-30,10,TIERRAS,3701.02.05,EXPLANACIONES,Excavaciones en material común NO APROVECHABLE,UF1,3701,tm2 pk 20+875 - 22+650,20875,22650,CAMPO,21,m3,56,1,1.3,43.07692307692307,,xls-3154
2026-06-30,14,TIERRAS,3701.02.08,EXPLANACIONES,Conformación y disposición de sobrantes (incluye obras de adecuación),UF1,3701,RCD 15+800,15800,15800,CAMPO,21,m3,56,1,1.3,43.07692307692307,,xls-3155
2026-06-30,85,TIERRAS,3702.02.07,EXPLANACIONES,Terraplenes (solo conformación),UF2,3702,tm2 pk 36+555 - 37+080,36555,37080,CAMPO,21,m3,700.78,1,1.3,539.0615384615385,,xls-3156
2026-06-30,85,TIERRAS,3702.02.07,EXPLANACIONES,Terraplenes (solo conformación),UF2,3702,tm2 pk 34+445 - 35+700,34445,35700,CAMPO,21,m3,676.12,1,1.3,520.0923076923077,,xls-3157
2026-06-30,85,TIERRAS,3702.02.07,EXPLANACIONES,Terraplenes (solo conformación),UF2,3702,tm2 pk 38+064 - 38+864,38064,38864,CAMPO,21,m3,434,1,1.3,333.8461538461538,,xls-3158
2026-06-30,13,TIERRAS,3701.02.07,EXPLANACIONES,Terraplenes (solo conformación),UF1,3701,tm2 pk 20+875 - 22+650,20875,22650,CAMPO,21,m3,226.8,1,1.3,174.46153846153845,,xls-3159
2026-06-30,13,TIERRAS,3701.02.07,EXPLANACIONES,Terraplenes (solo conformación),UF1,3701,tm2 pk 19+000 - 20+875,19000,20875,CAMPO,21,m3,664.86,1,1.3,511.4307692307692,,xls-3160
2026-06-30,13,TIERRAS,3701.02.07,EXPLANACIONES,Terraplenes (solo conformación),UF1,3701,tm2 pk 14+225 - 14+635,14225,14635,CAMPO,21,m3,252,1,1.3,193.84615384615384,,xls-3161
2026-06-30,149,TIERRAS,3701.05.04,ESTRUCTURAS,Relleno para muros de tierra MSR,UF1,3701,MSR 14+300,14300,14500,CAMPO,21,M3,42,1,1,42,,xls-3162
2026-06-30,18,TIERRAS,3701.03.01,"BASES, SUBBASES Y AFIRMADOS",Subbase Granular,UF1,3701,tm2 pk 19+000 - 20+875,19000,20875,CAMPO,21,m3,155.4,1,1.3,119.53846153846153,,xls-3163
2026-06-30,147,TIERRAS,3701.05.02,ESTRUCTURAS,"Geodren planar h=0,5 m MSR",UF1,3701,MSR 14+300,14300,14500,CAMPO,21,M,350,1,1,350,,xls-3164
2026-06-30,152,TIERRAS,3701.05.07,ESTRUCTURAS,Geomalla tejida uniaxial de 115 kn/m (método md),UF1,3701,MSR 14+300,14300,14500,CAMPO,21,M2,527,1,1,527,,xls-3165
2026-06-30,151,TIERRAS,3701.05.06,ESTRUCTURAS,Geomalla tejida uniaxial de 55 kn/m (método md),UF1,3701,MSR 14+300,14300,14500,CAMPO,21,M2,175,1,1,175,,xls-3166
2026-06-30,156,TIERRAS,3701.05.11,ESTRUCTURAS,Geobolsas de geotextil (propybag) MSR,UF1,3701,MSR 14+300,14300,14500,CAMPO,21,UND,200,1,1,200,,xls-3167
2026-07-01,10,TIERRAS,3701.02.05,EXPLANACIONES,Excavaciones en material común APROVECHABLE,UF1,3701,tm2 pk 19+000 - 20+875,19000,20875,CAMPO,21,m3,1540.08,1,1.3,1184.676923076923,,xls-3168
2026-07-01,10,TIERRAS,3701.02.05,EXPLANACIONES,Excavaciones en material común APROVECHABLE,UF1,3701,tm2 pk 14+225 - 14+635,14225,14635,CAMPO,21,m3,1208.4,1,1.3,929.5384615384615,,xls-3169
2026-07-01,10,TIERRAS,3701.02.05,EXPLANACIONES,Excavaciones en material común NO APROVECHABLE,UF1,3701,tm2 pk 25+530 - 26+612,25530,26612,CAMPO,21,m3,308,1,1.3,236.9230769230769,,xls-3170
2026-07-01,14,TIERRAS,3701.02.08,EXPLANACIONES,Conformación y disposición de sobrantes (incluye obras de adecuación),UF1,3701,tm2 pk 25+530 - 26+612,25530,26612,CAMPO,21,m3,308,1,1.3,236.9230769230769,,xls-3171
2026-07-01,85,TIERRAS,3702.02.07,EXPLANACIONES,Terraplenes (solo conformación),UF2,3702,tm2 pk 38+064 - 38+864,38064,38864,CAMPO,21,m3,84,1,1.3,64.61538461538461,,xls-3172
2026-07-01,85,TIERRAS,3702.02.07,EXPLANACIONES,Terraplenes (solo conformación),UF2,3702,tm2 pk 36+555 - 37+080,36555,37080,CAMPO,21,m3,659.09,1,1.3,506.9923076923077,,xls-3173
2026-07-01,85,TIERRAS,3702.02.07,EXPLANACIONES,Terraplenes (solo conformación),UF2,3702,tm2 pk 34+445 - 35+700,34445,35700,CAMPO,21,m3,376.99,1,1.3,289.9923076923077,,xls-3174
2026-07-01,13,TIERRAS,3701.02.07,EXPLANACIONES,Terraplenes (solo conformación),UF1,3701,tm2 pk 20+875 - 22+650,20875,22650,CAMPO,21,m3,420,1,1.3,323.07692307692304,,xls-3175
2026-07-01,13,TIERRAS,3701.02.07,EXPLANACIONES,Terraplenes (solo conformación),UF1,3701,tm2 pk 19+000 - 20+875,19000,20875,CAMPO,21,m3,872.4,1,1.3,671.076923076923,,xls-3176
2026-07-01,13,TIERRAS,3701.02.07,EXPLANACIONES,Terraplenes (solo conformación),UF1,3701,tm2 pk 14+225 - 14+635,14225,14635,CAMPO,21,m3,336,1,1.3,258.46153846153845,,xls-3177
2026-07-01,149,TIERRAS,3701.05.04,ESTRUCTURAS,Relleno para muros de tierra MSR,UF1,3701,MSR 14+300,14300,14500,CAMPO,21,M3,196,1,1,196,,xls-3178
2026-07-01,18,TIERRAS,3701.03.01,"BASES, SUBBASES Y AFIRMADOS",Subbase Granular,UF1,3701,tm2 pk 19+000 - 20+875,19000,20875,CAMPO,21,m3,139.84,1,1.3,107.56923076923077,,xls-3179
2026-07-01,6,TIERRAS,3701.02.01,EXPLANACIONES,Desmonte y limpieza en bosque,UF1,3701,tm2 pk 25+530 - 26+612,25530,26612,CAMPO,21,Ha,0.15,1,1.3,0.11538461538461538,,xls-3180
2026-07-01,156,TIERRAS,3701.05.11,ESTRUCTURAS,Geobolsas de geotextil (propybag) MSR,UF1,3701,MSR 14+300,14300,14500,CAMPO,21,UND,150,1,1,150,,xls-3181
2026-07-01,152,TIERRAS,3701.05.07,ESTRUCTURAS,Geomalla tejida uniaxial de 115 kn/m (método md),UF1,3701,MSR 14+300,14300,14500,CAMPO,21,M2,246,1,1,246,,xls-3182
2026-06-30,33,DRENAJES Y ESTRUCTURAS,3701.06.04,DRENAJE TRANSVERSAL,Acero de refuerzo Fy=420 Mpa.,UF1,3701,ODT1-050,20519,20519,CAMPO,21,kg,500,1,1,500,,xls-3183
2026-06-30,105,DRENAJES Y ESTRUCTURAS,3702.06.04,DRENAJE TRANSVERSAL,Acero de refuerzo Fy=420 Mpa.,UF2,3702,ODT2-021,35506,35506,CAMPO,21,kg,71.56,1,1,71.56,,xls-3184
2026-06-30,106,DRENAJES Y ESTRUCTURAS,3702.06.05,DRENAJE TRANSVERSAL,Tubería de Concreto Reforzado de 900mm de diámetro interior (Tipo III),UF2,3702,ODT2-017,35241,35241,CAMPO,21,m,10,1,1,10,,xls-3185
2026-06-30,109,DRENAJES Y ESTRUCTURAS,3702.06.08,DRENAJE TRANSVERSAL,"Concreto clase 21 MPA (atraques, cabezales)",UF2,3702,ODT2-017,35241,35241,CAMPO,21,m3,2,1,1,2,,xls-3186
2026-07-01,33,DRENAJES Y ESTRUCTURAS,3701.06.04,DRENAJE TRANSVERSAL,Acero de refuerzo Fy=420 Mpa.,UF1,3701,ODT1-050,20519,20519,CAMPO,21,kg,100,1,1,100,,xls-3187
2026-07-01,33,DRENAJES Y ESTRUCTURAS,3701.06.04,DRENAJE TRANSVERSAL,Acero de refuerzo Fy=420 Mpa.,UF1,3701,ODT1-036,15564,15564,CAMPO,21,kg,10,1,1,10,,xls-3188
2026-07-01,110,DRENAJES Y ESTRUCTURAS,3702.06.09,DRENAJE TRANSVERSAL,"Concreto clase  28 MPA (encoles, descoles, box, sumideros)",UF2,3702,ODT2-021,35506,35506,CAMPO,21,m3,4.5,1,1,4.5,,xls-3189
2026-07-02,38,DRENAJES Y ESTRUCTURAS,3701.06.09,DRENAJE TRANSVERSAL,"Concreto clase  28 MPA (encoles, descoles, box, sumideros)",UF1,3701,ODT1-050,20519,20519,CAMPO,21,m3,5.8,1,1,5.8,,xls-3190
2026-07-02,62,DRENAJES Y ESTRUCTURAS,3701.07.04,DRENAJE LONGITUDINAL,Cuneta de concreto vaciado en situ; no incluye la conformación del sitio de apoyo. (21 Mpa),UF1,3701,ODT1-036,15564,15564,CAMPO,21,m3,0.2,1,1,0.2,,xls-3191
2026-07-02,102,DRENAJES Y ESTRUCTURAS,3702.06.01,DRENAJE TRANSVERSAL,Excavaciones varias sin clasicar,UF2,3702,ODT2-017,35241,35241,CAMPO,21,m3,0.5,1,1,0.5,,xls-3192
2026-07-02,110,DRENAJES Y ESTRUCTURAS,3702.06.09,DRENAJE TRANSVERSAL,"Concreto clase  28 MPA (encoles, descoles, box, sumideros)",UF2,3702,ODT2-019,35423,35423,CAMPO,21,m3,4.5,1,1,4.5,,xls-3193
2026-07-02,105,DRENAJES Y ESTRUCTURAS,3702.06.04,DRENAJE TRANSVERSAL,Acero de refuerzo Fy=420 Mpa.,UF2,3702,ODT2-021,35506,35506,CAMPO,21,kg,166.69,1,1,166.69,,xls-3194
2026-07-03,36,DRENAJES Y ESTRUCTURAS,3701.06.07,DRENAJE TRANSVERSAL,"Concreto clase 14 MPA (solados, estructuras)",UF1,3701,ODT1-070,25564,25564,CAMPO,21,m3,8,1,1,8,,xls-3195
2026-07-03,110,DRENAJES Y ESTRUCTURAS,3702.06.09,DRENAJE TRANSVERSAL,"Concreto clase  28 MPA (encoles, descoles, box, sumideros)",UF2,3702,ODT2-017,35241,35241,CAMPO,21,m3,4.5,1,1,4.5,,xls-3196
2026-07-03,109,DRENAJES Y ESTRUCTURAS,3702.06.08,DRENAJE TRANSVERSAL,"Concreto clase 21 MPA (atraques, cabezales)",UF2,3702,ODT2-017,35241,35241,CAMPO,21,m3,0.5,1,1,0.5,,xls-3197
2026-07-03,105,DRENAJES Y ESTRUCTURAS,3702.06.04,DRENAJE TRANSVERSAL,Acero de refuerzo Fy=420 Mpa.,UF2,3702,ODT2-021,35506,35506,CAMPO,21,kg,120.25,1,1,120.25,,xls-3198
2026-07-02,10,TIERRAS,3701.02.05,EXPLANACIONES,Excavaciones en material común APROVECHABLE,UF1,3701,tm2 pk 14+225 - 14+635,14225,14635,CAMPO,21,m3,126,1,1.3,96.92307692307692,,xls-3199
2026-07-02,10,TIERRAS,3701.02.05,EXPLANACIONES,Excavaciones en material común APROVECHABLE,UF1,3701,tm2 pk 19+000 - 20+875,19000,20875,CAMPO,21,m3,2020.87,1,1.3,1554.5153846153844,,xls-3200
2026-07-02,10,TIERRAS,3701.02.05,EXPLANACIONES,Excavaciones en material común APROVECHABLE,UF1,3701,tm2 pk 19+000 - 20+875,19000,20875,CAMPO,21,m3,700,1,1.3,538.4615384615385,,xls-3201
2026-07-02,10,TIERRAS,3701.02.05,EXPLANACIONES,Excavaciones en material común NO APROVECHABLE,UF1,3701,tm2 pk 19+000 - 20+875,19000,20875,CAMPO,21,m3,140,1,1.3,107.6923076923077,,xls-3202
2026-07-02,14,TIERRAS,3701.02.08,EXPLANACIONES,Conformación y disposición de sobrantes (incluye obras de adecuación),UF1,3701,RCD 15+800,15800,15800,CAMPO,21,m3,140,1,1.3,107.6923076923077,,xls-3203
2026-07-02,13,TIERRAS,3701.02.07,EXPLANACIONES,Terraplenes (solo conformación),UF1,3701,tm2 pk 14+225 - 14+635,14225,14635,CAMPO,21,m3,14,1,1.3,10.769230769230768,,xls-3204
2026-07-02,85,TIERRAS,3702.02.07,EXPLANACIONES,Terraplenes (solo conformación),UF2,3702,tm2 pk 34+445 - 35+700,34445,35700,CAMPO,21,m3,607.91,1,1.3,467.6230769230769,,xls-3205
2026-07-02,85,TIERRAS,3702.02.07,EXPLANACIONES,Terraplenes (solo conformación),UF2,3702,tm2 pk 36+555 - 37+080,36555,37080,CAMPO,21,m3,467.14,1,1.3,359.3384615384615,,xls-3206
2026-07-02,13,TIERRAS,3701.02.07,EXPLANACIONES,Terraplenes (solo conformación),UF1,3701,tm2 pk 20+875 - 22+650,20875,22650,CAMPO,21,m3,168,1,1.3,129.23076923076923,,xls-3207
2026-07-02,85,TIERRAS,3702.02.07,EXPLANACIONES,Terraplenes (solo conformación),UF2,3702,tm2 pk 38+064 - 38+864,38064,38864,CAMPO,21,m3,721.82,1,1.3,555.2461538461539,,xls-3208
2026-07-02,13,TIERRAS,3701.02.07,EXPLANACIONES,Terraplenes (solo conformación),UF1,3701,tm2 pk 19+000 - 20+875,19000,20875,CAMPO,21,m3,564,1,1.3,433.8461538461538,,xls-3209
2026-07-02,149,TIERRAS,3701.05.04,ESTRUCTURAS,Relleno para muros de tierra MSR,UF1,3701,MSR 14+300,14300,14500,CAMPO,21,M3,98,1,1,98,,xls-3210
2026-07-02,90,TIERRAS,3702.03.01,"BASES, SUBBASES Y AFIRMADOS",Subbase Granular,UF2,3702,tm2 pk 34+445 - 35+700,34445,35700,CAMPO,21,m3,450.32,1,1.3,346.4,,xls-3211
2026-07-02,19,TIERRAS,3701.03.03,"BASES, SUBBASES Y AFIRMADOS",Base granular estabilizada con cemento (No incluye cemento),UF1,3701,tm2 pk 19+000 - 20+875,19000,20875,CAMPO,21,m3,689.63,1,1.3,530.4846153846154,,xls-3212
2026-07-02,156,TIERRAS,3701.05.11,ESTRUCTURAS,Geobolsas de geotextil (propybag) MSR,UF1,3701,MSR 14+300,14300,14500,CAMPO,21,UND,250,1,1,250,,xls-3213
2026-07-03,10,TIERRAS,3701.02.05,EXPLANACIONES,Excavaciones en material común APROVECHABLE,UF1,3701,tm2 pk 19+000 - 20+875,19000,20875,CAMPO,21,m3,1967.86,1,1.3,1513.7384615384615,,xls-3214
2026-07-03,85,TIERRAS,3702.02.07,EXPLANACIONES,Terraplenes (solo conformación),UF2,3702,tm2 pk 36+555 - 37+080,36555,37080,CAMPO,21,m3,1022.25,1,1.3,786.3461538461538,,xls-3215
2026-07-03,85,TIERRAS,3702.02.07,EXPLANACIONES,Terraplenes (solo conformación),UF2,3702,tm2 pk 34+445 - 35+700,34445,35700,CAMPO,21,m3,126,1,1.3,96.92307692307692,,xls-3216
2026-07-03,85,TIERRAS,3702.02.07,EXPLANACIONES,Terraplenes (solo conformación),UF2,3702,tm2 pk 38+064 - 38+864,38064,38864,CAMPO,21,m3,819.61,1,1.3,630.4692307692308,,xls-3217
2026-07-03,10,TIERRAS,3701.02.05,EXPLANACIONES,Excavaciones en material común APROVECHABLE,UF1,3701,tm2 pk 14+225 - 14+635,14225,14635,CAMPO,21,m3,1016.99999999999,1,1.3,782.3076923076845,,xls-3218
2026-07-03,85,TIERRAS,3702.02.07,EXPLANACIONES,Terraplenes (solo conformación),UF2,3702,tm2 pk 34+445 - 35+700,34445,35700,CAMPO,21,m3,596.999999999999,1,1.3,459.23076923076843,,xls-3219
2026-07-03,13,TIERRAS,3701.02.07,EXPLANACIONES,Terraplenes (solo conformación),UF1,3701,tm2 pk 14+225 - 14+635,14225,14635,CAMPO,21,m3,420,1,1.3,323.07692307692304,,xls-3220
2026-07-03,10,TIERRAS,3701.02.05,EXPLANACIONES,Excavaciones en material común NO APROVECHABLE,UF1,3701,tm2 pk 25+530 - 26+612,25530,26612,CAMPO,21,m3,615,1,1.3,473.07692307692304,,xls-3221
2026-07-03,14,TIERRAS,3701.02.08,EXPLANACIONES,Conformación y disposición de sobrantes (incluye obras de adecuación),UF1,3701,RCD 15+800,15800,15800,CAMPO,21,m3,615,1,1.3,473.07692307692304,,xls-3222
2026-07-03,19,TIERRAS,3701.03.03,"BASES, SUBBASES Y AFIRMADOS",Base granular estabilizada con cemento (No incluye cemento),UF1,3701,tm2 pk 19+000 - 20+875,19000,20875,CAMPO,21,m3,731.01,1,1.3,562.3153846153846,,xls-3223
2026-07-03,10,TIERRAS,3701.02.05,EXPLANACIONES,Excavaciones en material común APROVECHABLE,UF1,3701,tm2 pk 19+000 - 20+875,19000,20875,CAMPO,21,m3,28,1,1.3,21.538461538461537,,xls-3224
2026-07-03,85,TIERRAS,3702.02.07,EXPLANACIONES,Terraplenes (solo conformación),UF2,3702,tm2 pk 34+445 - 35+700,34445,35700,CAMPO,21,m3,28,1,1.3,21.538461538461537,,xls-3225
2026-07-03,149,TIERRAS,3701.05.04,ESTRUCTURAS,Relleno para muros de tierra MSR,UF1,3701,MSR 14+300,14300,14500,CAMPO,21,M3,210,1,1,210,,xls-3226
2026-07-03,156,TIERRAS,3701.05.11,ESTRUCTURAS,Geobolsas de geotextil (propybag) MSR,UF1,3701,MSR 14+300,14300,14500,CAMPO,21,UND,100,1,1,100,,xls-3227
2026-07-04,10,TIERRAS,3701.02.05,EXPLANACIONES,Excavaciones en material común NO APROVECHABLE,UF1,3701,tm2 pk 25+530 - 26+612,25530,26612,CAMPO,21,m3,484,1,1.3,372.3076923076923,,xls-3228
2026-07-04,14,TIERRAS,3701.02.08,EXPLANACIONES,Conformación y disposición de sobrantes (incluye obras de adecuación),UF1,3701,RCD 15+800,15800,15800,CAMPO,21,m3,484,1,1.3,372.3076923076923,,xls-3229
2026-07-04,10,TIERRAS,3701.02.05,EXPLANACIONES,Excavaciones en material común NO APROVECHABLE,UF1,3701,tm2 pk 20+875 - 22+650,20875,22650,CAMPO,21,m3,42,1,1.3,32.30769230769231,,xls-3230
2026-07-04,14,TIERRAS,3701.02.08,EXPLANACIONES,Conformación y disposición de sobrantes (incluye obras de adecuación),UF1,3701,RCD 15+800,15800,15800,CAMPO,21,m3,42,1,1.3,32.30769230769231,,xls-3231
2026-07-04,10,TIERRAS,3701.02.05,EXPLANACIONES,Excavaciones en material común APROVECHABLE,UF1,3701,tm2 pk 19+000 - 20+875,19000,20875,CAMPO,21,m3,1153.47,1,1.3,887.2846153846153,,xls-3232
2026-07-04,85,TIERRAS,3702.02.07,EXPLANACIONES,Terraplenes (solo conformación),UF2,3702,tm2 pk 38+064 - 38+864,38064,38864,CAMPO,21,m3,289.45,1,1.3,222.65384615384613,,xls-3233
2026-07-04,85,TIERRAS,3702.02.07,EXPLANACIONES,Terraplenes (solo conformación),UF2,3702,tm2 pk 36+555 - 37+080,36555,37080,CAMPO,21,m3,569.38,1,1.3,437.9846153846154,,xls-3234
2026-07-04,85,TIERRAS,3702.02.07,EXPLANACIONES,Terraplenes (solo conformación),UF2,3702,tm2 pk 34+445 - 35+700,34445,35700,CAMPO,21,m3,210.64,1,1.3,162.0307692307692,,xls-3235
2026-07-04,85,TIERRAS,3702.02.07,EXPLANACIONES,Terraplenes (solo conformación),UF2,3702,tm2 pk 34+445 - 35+700,34445,35700,CAMPO,21,m3,84,1,1.3,64.61538461538461,,xls-3236
2026-07-04,90,TIERRAS,3702.03.01,"BASES, SUBBASES Y AFIRMADOS",Subbase Granular,UF2,3702,tm2 pk 34+445 - 35+700,34445,35700,CAMPO,21,m3,437.02,1,1.3,336.16923076923075,,xls-3237
2026-07-04,151,TIERRAS,3701.05.06,ESTRUCTURAS,Geomalla tejida uniaxial de 55 kn/m (método md),UF1,3701,MSR 14+300,14300,14500,CAMPO,21,M2,601,1,1,601,,xls-3238
2026-07-04,153,TIERRAS,3701.05.08,ESTRUCTURAS,Geotextil tejido uniaxial de 1480 n (método grab md),UF1,3701,MSR 14+300,14300,14500,CAMPO,21,M2,130,1,1,130,,xls-3239
2026-07-06,10,TIERRAS,3701.02.05,EXPLANACIONES,Excavaciones en material común APROVECHABLE,UF1,3701,tm2 pk 19+000 - 20+875,19000,20875,CAMPO,21,m3,1440,1,1.3,1107.6923076923076,,xls-3240
2026-07-06,85,TIERRAS,3702.02.07,EXPLANACIONES,Terraplenes (solo conformación),UF2,3702,tm2 pk 36+555 - 37+080,36555,37080,CAMPO,21,m3,964,1,1.3,741.5384615384615,,xls-3241
2026-07-06,85,TIERRAS,3702.02.07,EXPLANACIONES,Terraplenes (solo conformación),UF2,3702,tm2 pk 34+445 - 35+700,34445,35700,CAMPO,21,m3,392,1,1.3,301.53846153846155,,xls-3242
2026-07-06,10,TIERRAS,3701.02.05,EXPLANACIONES,Excavaciones en material común APROVECHABLE,UF1,3701,tm2 pk 14+225 - 14+635,14225,14635,CAMPO,21,m3,860.44,1,1.3,661.876923076923,,xls-3243
2026-07-06,13,TIERRAS,3701.02.07,EXPLANACIONES,Terraplenes (solo conformación),UF1,3701,tm2 pk 19+000 - 20+875,19000,20875,CAMPO,21,m3,594.44,1,1.3,457.26153846153846,,xls-3244
2026-07-06,13,TIERRAS,3701.02.07,EXPLANACIONES,Terraplenes (solo conformación),UF1,3701,tm2 pk 14+225 - 14+635,14225,14635,CAMPO,21,m3,674,1,1.3,518.4615384615385,,xls-3245
2026-07-06,19,TIERRAS,3701.03.03,"BASES, SUBBASES Y AFIRMADOS",Base granular estabilizada con cemento (No incluye cemento),UF1,3701,tm2 pk 19+000 - 20+875,19000,20875,CAMPO,21,m3,799.94,1,1.3,615.3384615384616,,xls-3246
2026-07-06,10,TIERRAS,3701.02.05,EXPLANACIONES,Excavaciones en material común APROVECHABLE,UF1,3701,tm2 pk 19+000 - 20+875,19000,20875,CAMPO,21,m3,392,1,1.3,301.53846153846155,,xls-3247
2026-07-06,13,TIERRAS,3701.02.07,EXPLANACIONES,Terraplenes (solo conformación),UF1,3701,tm2 pk 19+000 - 20+875,19000,20875,CAMPO,21,m3,392,1,1.3,301.53846153846155,,xls-3248
2026-07-06,10,TIERRAS,3701.02.05,EXPLANACIONES,Excavaciones en material común APROVECHABLE,UF1,3701,tm2 pk 25+530 - 26+612,25530,26612,CAMPO,21,m3,620.76,1,1.3,477.5076923076923,,xls-3249
2026-07-06,10,TIERRAS,3701.02.05,EXPLANACIONES,Excavaciones en material común NO APROVECHABLE,UF1,3701,tm2 pk 25+530 - 26+612,25530,26612,CAMPO,21,m3,980,1,1.3,753.8461538461538,,xls-3250
2026-07-06,14,TIERRAS,3701.02.08,EXPLANACIONES,Conformación y disposición de sobrantes (incluye obras de adecuación),UF1,3701,RCD 15+800,15800,15800,CAMPO,21,m3,980,1,1.3,753.8461538461538,,xls-3251
2026-07-06,90,TIERRAS,3702.03.01,"BASES, SUBBASES Y AFIRMADOS",Subbase Granular,UF2,3702,tm2 pk 34+445 - 35+700,34445,35700,CAMPO,21,m3,188,1,1.3,144.6153846153846,,xls-3252
2026-07-06,149,TIERRAS,3701.05.04,ESTRUCTURAS,Relleno para muros de tierra MSR,UF1,3701,MSR 14+300,14300,14500,CAMPO,21,M3,240,1,1,240,,xls-3253
2026-07-04,36,DRENAJES Y ESTRUCTURAS,3701.06.07,DRENAJE TRANSVERSAL,"Concreto clase 14 MPA (solados, estructuras)",UF1,3701,ODT1-057,21386,21386,CAMPO,21,m3,14,1,1,14,,xls-3254
2026-07-04,37,DRENAJES Y ESTRUCTURAS,3701.06.08,DRENAJE TRANSVERSAL,"Concreto clase 21 MPA (atraques, cabezales)",UF1,3701,ODT1-070,25564,25564,CAMPO,21,m3,2,1,1,2,,xls-3255
2026-07-05,33,DRENAJES Y ESTRUCTURAS,3701.06.04,DRENAJE TRANSVERSAL,Acero de refuerzo Fy=420 Mpa.,UF1,3701,ODT1-057,21386,21386,CAMPO,21,kg,1644,1,1,1644,,xls-3256
2026-07-06,33,DRENAJES Y ESTRUCTURAS,3701.06.04,DRENAJE TRANSVERSAL,Acero de refuerzo Fy=420 Mpa.,UF1,3701,ODT1-057,21386,21386,CAMPO,21,kg,3379.5,1,1,3379.5,,xls-3257
2026-07-06,38,DRENAJES Y ESTRUCTURAS,3701.06.09,DRENAJE TRANSVERSAL,"Concreto clase  28 MPA (encoles, descoles, box, sumideros)",UF1,3701,ODT1-057,21386,21386,CAMPO,21,m3,16.5,1,1,16.5,,xls-3258
2026-07-06,36,DRENAJES Y ESTRUCTURAS,3701.06.07,DRENAJE TRANSVERSAL,"Concreto clase 14 MPA (solados, estructuras)",UF1,3701,ODT1-072,25803,25803,CAMPO,21,m3,11,1,1,11,,xls-3259
2026-07-06,102,DRENAJES Y ESTRUCTURAS,3702.06.01,DRENAJE TRANSVERSAL,Excavaciones varias sin clasicar,UF2,3702,ODT2-016,35096,35096,CAMPO,21,m3,1,1,1,1,,xls-3260
2026-07-06,102,DRENAJES Y ESTRUCTURAS,3702.06.01,DRENAJE TRANSVERSAL,Excavaciones varias sin clasicar,UF2,3702,ODT2-019,35423,35423,CAMPO,21,m3,1,1,1,1,,xls-3261
2026-07-06,106,DRENAJES Y ESTRUCTURAS,3702.06.05,DRENAJE TRANSVERSAL,Tubería de Concreto Reforzado de 900mm de diámetro interior (Tipo III),UF2,3702,ODT2-019,35423,35423,CAMPO,21,m,1,1,1,1,,xls-3262
2026-07-06,110,DRENAJES Y ESTRUCTURAS,3702.06.09,DRENAJE TRANSVERSAL,"Concreto clase  28 MPA (encoles, descoles, box, sumideros)",UF2,3702,ODT2-021,35506,35506,CAMPO,21,m3,4.5,1,1,4.5,,xls-3263
2026-06-07,90,TIERRAS,3702.03.01,"BASES, SUBBASES Y AFIRMADOS",Subbase Granular,UF2,3702,tm2 pk 34+445 - 35+700,34445,35700,CAMPO,20,m3,390.49,1,1,390.49,,xls-3264
2026-06-07,10,TIERRAS,3701.02.05,EXPLANACIONES,Excavaciones en material común APROVECHABLE,UF1,3701,tm2 pk 19+000 - 20+875,19000,20875,CAMPO,20,m3,1575.66999999999,1,1,1575.66999999999,,xls-3265
2026-06-07,10,TIERRAS,3701.02.05,EXPLANACIONES,Excavaciones en material común NO APROVECHABLE,UF1,3701,tm2 pk 19+000 - 20+875,19000,20875,CAMPO,20,m3,84,1,1,84,,xls-3266
2026-06-07,14,TIERRAS,3701.02.08,EXPLANACIONES,Conformación y disposición de sobrantes (incluye obras de adecuación),UF1,3701,RCD 15+800,15800,15800,CAMPO,20,m3,84,1,1.3,64.61538461538461,,xls-3267
2026-06-07,85,TIERRAS,3702.02.07,EXPLANACIONES,Terraplenes (solo conformación),UF2,3702,tm2 pk 34+445 - 35+700,34445,35700,CAMPO,20,m3,1561.66999999999,1,1.3,1201.2846153846076,,xls-3268
2026-06-07,10,TIERRAS,3701.02.05,EXPLANACIONES,Excavaciones en material común APROVECHABLE,UF1,3701,tm2 pk 25+530 - 26+612,25530,26612,CAMPO,20,m3,939.22,1,1.3,722.4769230769231,,xls-3269
2026-06-07,85,TIERRAS,3702.02.07,EXPLANACIONES,Terraplenes (solo conformación),UF2,3702,tm2 pk 34+445 - 35+700,34445,35700,CAMPO,20,m3,42,1,1.3,32.30769230769231,,xls-3270
2026-06-07,85,TIERRAS,3702.02.07,EXPLANACIONES,Terraplenes (solo conformación),UF2,3702,tm2 pk 34+445 - 35+700,34445,35700,CAMPO,20,m3,897.22,1,1.3,690.1692307692308,,xls-3271
2026-06-07,6,TIERRAS,3701.02.01,EXPLANACIONES,Desmonte y limpieza en bosque,UF1,3701,tm2 pk 19+000 - 20+875,19000,20875,CAMPO,20,Ha,0.045,1,1.3,0.03461538461538461,,xls-3272
2026-06-07,10,TIERRAS,3701.02.05,EXPLANACIONES,Excavaciones en material común NO APROVECHABLE,UF1,3701,tm2 pk 19+000 - 20+875,19000,20875,CAMPO,20,m3,90,1,1.3,69.23076923076923,,xls-3273
2026-06-07,14,TIERRAS,3701.02.08,EXPLANACIONES,Conformación y disposición de sobrantes (incluye obras de adecuación),UF1,3701,RCD 15+800,15800,15800,CAMPO,20,m3,90,1,1.3,69.23076923076923,,xls-3274
2026-06-07,18,TIERRAS,3701.03.01,"BASES, SUBBASES Y AFIRMADOS",Subbase Granular,UF1,3701,tm2 pk 20+875 - 22+650,20875,22650,CAMPO,20,m3,172.34,1,1.3,132.56923076923076,,xls-3275
2026-06-07,149,TIERRAS,3701.05.04,ESTRUCTURAS,Relleno para muros de tierra MSR,UF1,3701,MSR 14+300,14300,14500,CAMPO,20,M3,84,1,1,84,,xls-3276
2026-06-07,10,TIERRAS,3701.02.05,EXPLANACIONES,Excavaciones en material común APROVECHABLE,UF1,3701,tm2 pk 14+225 - 14+635,14225,14635,CAMPO,20,m3,84,1,1.3,64.61538461538461,,xls-3277
2026-06-07,13,TIERRAS,3701.02.07,EXPLANACIONES,Terraplenes (solo conformación),UF1,3701,tm2 pk 14+225 - 14+635,14225,14635,CAMPO,20,m3,84,1,1.3,64.61538461538461,,xls-3278
2026-07-08,10,TIERRAS,3701.02.05,EXPLANACIONES,Excavaciones en material común APROVECHABLE,UF1,3701,tm2 pk 19+000 - 20+875,19000,20875,CAMPO,21,m3,1699.84,1,1.3,1307.5692307692307,,xls-3279
2026-07-08,85,TIERRAS,3702.02.07,EXPLANACIONES,Terraplenes (solo conformación),UF2,3702,tm2 pk 34+445 - 35+700,34445,35700,CAMPO,21,m3,1699.84,1,1.3,1307.5692307692307,,xls-3280
2026-07-08,10,TIERRAS,3701.02.05,EXPLANACIONES,Excavaciones en material común APROVECHABLE,UF1,3701,tm2 pk 25+530 - 26+612,25530,26612,CAMPO,21,m3,1119.08,1,1.3,860.8307692307692,,xls-3281
2026-07-08,85,TIERRAS,3702.02.07,EXPLANACIONES,Terraplenes (solo conformación),UF2,3702,tm2 pk 37+130 - 37+655,37130,37655,CAMPO,21,m3,1119.08,1,1.3,860.8307692307692,,xls-3282
2026-07-08,10,TIERRAS,3701.02.05,EXPLANACIONES,Excavaciones en material común APROVECHABLE,UF1,3701,tm2 pk 19+000 - 20+875,19000,20875,CAMPO,21,m3,1640.26,1,1.3,1261.7384615384615,,xls-3283
2026-07-08,13,TIERRAS,3701.02.07,EXPLANACIONES,Terraplenes (solo conformación),UF1,3701,tm2 pk 19+000 - 20+875,19000,20875,CAMPO,21,m3,952,1,1.3,732.3076923076923,,xls-3284
2026-07-08,18,TIERRAS,3701.03.01,"BASES, SUBBASES Y AFIRMADOS",Subbase Granular,UF1,3701,tm2 pk 20+875 - 22+650,20875,22650,CAMPO,21,m3,177.9,1,1.3,136.84615384615384,,xls-3285
2026-07-08,19,TIERRAS,3701.03.03,"BASES, SUBBASES Y AFIRMADOS",Base granular estabilizada con cemento (No incluye cemento),UF1,3701,tm2 pk 17+120 - 19+000,17120,19000,CAMPO,21,m3,622.77,1,1.3,479.0538461538461,,xls-3286
2026-07-08,85,TIERRAS,3702.02.07,EXPLANACIONES,Terraplenes (solo conformación),UF2,3702,tm2 pk 39+200 - 39+560,39200,39560,CAMPO,21,m3,687,1,1.3,528.4615384615385,,xls-3287
2026-07-07,33,DRENAJES Y ESTRUCTURAS,3701.06.04,DRENAJE TRANSVERSAL,Acero de refuerzo Fy=420 Mpa.,UF1,3701,ODT1-050,20519,20519,CAMPO,21,kg,358,1,1,358,,xls-3288
2026-07-07,33,DRENAJES Y ESTRUCTURAS,3701.06.04,DRENAJE TRANSVERSAL,Acero de refuerzo Fy=420 Mpa.,UF1,3701,ODT1-057,21386,21386,CAMPO,21,kg,1669.36,1,1,1669.36,,xls-3289
2026-07-07,38,DRENAJES Y ESTRUCTURAS,3701.06.09,DRENAJE TRANSVERSAL,"Concreto clase  28 MPA (encoles, descoles, box, sumideros)",UF1,3701,ODT1-057,21386,21386,CAMPO,21,m3,16,1,1,16,,xls-3290
2026-07-07,33,DRENAJES Y ESTRUCTURAS,3701.06.04,DRENAJE TRANSVERSAL,Acero de refuerzo Fy=420 Mpa.,UF1,3701,ODT1-057,21386,21386,CAMPO,21,kg,1400,1,1,1400,,xls-3291
2026-07-07,2,DRENAJES Y ESTRUCTURAS,3701.01.02,DEMOLICIONES Y REUBICACIONES,Demolición de Estructuras,UF1,3701,ODT1-057,21386,21386,CAMPO,21,m3,0.5,1,1,0.5,,xls-3292
2026-07-07,102,DRENAJES Y ESTRUCTURAS,3702.06.01,DRENAJE TRANSVERSAL,Excavaciones varias sin clasicar,UF2,3702,ODT2-016,35096,35096,CAMPO,21,m3,1,1,1,1,,xls-3293
2026-07-07,102,DRENAJES Y ESTRUCTURAS,3702.06.01,DRENAJE TRANSVERSAL,Excavaciones varias sin clasicar,UF2,3702,ODT2-023,35589,35589,CAMPO,21,m3,0.5,1,1,0.5,,xls-3294
2026-07-07,105,DRENAJES Y ESTRUCTURAS,3702.06.04,DRENAJE TRANSVERSAL,Acero de refuerzo Fy=420 Mpa.,UF2,3702,ODT2-023,35589,35589,CAMPO,21,kg,298.2,1,1,298.2,,xls-3295
2026-07-08,33,DRENAJES Y ESTRUCTURAS,3701.06.04,DRENAJE TRANSVERSAL,Acero de refuerzo Fy=420 Mpa.,UF1,3701,ODT1-057,21386,21386,CAMPO,21,kg,1972.88,1,1,1972.88,,xls-3296
2026-07-08,38,DRENAJES Y ESTRUCTURAS,3701.06.09,DRENAJE TRANSVERSAL,"Concreto clase  28 MPA (encoles, descoles, box, sumideros)",UF1,3701,ODT1-057,21386,21386,CAMPO,21,m3,17.5,1,1,17.5,,xls-3297
2026-07-08,33,DRENAJES Y ESTRUCTURAS,3701.06.04,DRENAJE TRANSVERSAL,Acero de refuerzo Fy=420 Mpa.,UF1,3701,ODT1-057,21386,21386,CAMPO,21,kg,291,1,1,291,,xls-3298
2026-07-08,2,DRENAJES Y ESTRUCTURAS,3701.01.02,DEMOLICIONES Y REUBICACIONES,Demolición de Estructuras,UF1,3701,ODT1-057,21386,21386,CAMPO,21,m3,0.4,1,1,0.4,,xls-3299
2026-07-08,102,DRENAJES Y ESTRUCTURAS,3702.06.01,DRENAJE TRANSVERSAL,Excavaciones varias sin clasicar,UF2,3702,ODT2-016,35096,35096,CAMPO,21,m3,1,1,1,1,,xls-3300
2026-07-08,105,DRENAJES Y ESTRUCTURAS,3702.06.04,DRENAJE TRANSVERSAL,Acero de refuerzo Fy=420 Mpa.,UF2,3702,ODT2-018,35241,35241,CAMPO,21,kg,143.13,1,1,143.13,,xls-3301
2026-07-08,105,DRENAJES Y ESTRUCTURAS,3702.06.04,DRENAJE TRANSVERSAL,Acero de refuerzo Fy=420 Mpa.,UF2,3702,ODT2-023,35589,35589,CAMPO,21,kg,59.64,1,1,59.64,,xls-3302
2026-07-08,110,DRENAJES Y ESTRUCTURAS,3702.06.09,DRENAJE TRANSVERSAL,"Concreto clase  28 MPA (encoles, descoles, box, sumideros)",UF2,3702,ODT2-023,35589,35589,CAMPO,21,m3,4.5,1,1,4.5,,xls-3303
2026-07-09,38,DRENAJES Y ESTRUCTURAS,3701.06.09,DRENAJE TRANSVERSAL,"Concreto clase  28 MPA (encoles, descoles, box, sumideros)",UF1,3701,ODT1-050,20519,20519,CAMPO,21,m3,4.5,1,1,4.5,,xls-3304
2026-07-09,30,DRENAJES Y ESTRUCTURAS,3701.06.01,DRENAJE TRANSVERSAL,Excavaciones varias sin clasicar,UF1,3701,ODT1-057,21386,21386,CAMPO,21,m3,20,1,1,20,,xls-3305
2026-07-09,31,DRENAJES Y ESTRUCTURAS,3701.06.02,DRENAJE TRANSVERSAL,Rellenos con material seleccionado,UF1,3701,ODT1-057,21386,21386,CAMPO,21,m3,3,1,1,3,,xls-3306
2026-07-09,36,DRENAJES Y ESTRUCTURAS,3701.06.07,DRENAJE TRANSVERSAL,"Concreto clase 14 MPA (solados, estructuras)",UF1,3701,ODT1-057,21386,21386,CAMPO,21,m3,2.5,1,1,2.5,,xls-3307
2026-07-09,36,DRENAJES Y ESTRUCTURAS,3701.06.07,DRENAJE TRANSVERSAL,"Concreto clase 14 MPA (solados, estructuras)",UF1,3701,ODT1-073,25888,25888,CAMPO,21,m3,13,1,1,13,,xls-3308
2026-07-09,102,DRENAJES Y ESTRUCTURAS,3702.06.01,DRENAJE TRANSVERSAL,Excavaciones varias sin clasicar,UF2,3702,ODT2-016,35096,35096,CAMPO,21,m3,2,1,1,2,,xls-3309
2026-07-09,110,DRENAJES Y ESTRUCTURAS,3702.06.09,DRENAJE TRANSVERSAL,"Concreto clase  28 MPA (encoles, descoles, box, sumideros)",UF2,3702,ODT2-016,35096,35096,CAMPO,21,m3,2.5,1,1,2.5,,xls-3310
2026-07-09,105,DRENAJES Y ESTRUCTURAS,3702.06.04,DRENAJE TRANSVERSAL,Acero de refuerzo Fy=420 Mpa.,UF2,3702,ODT2-016,35096,35096,CAMPO,21,kg,218.68,1,1,218.68,,xls-3311
2026-07-09,105,DRENAJES Y ESTRUCTURAS,3702.06.04,DRENAJE TRANSVERSAL,Acero de refuerzo Fy=420 Mpa.,UF2,3702,ODT2-023,35589,35589,CAMPO,21,kg,274.8,1,1,274.8,,xls-3312
2026-06-18,23,PAVIMENTOS,3701.04.01,PAVIMENTOS ASFALTICOS,Riego de imprimación con emulsión asfáltica,UF1,3701,tm2 pk 20+875 - 22+650,20875,22650,CAMPO,21,m2,1080,1,1,1080,,xls-3313
2026-06-26,23,PAVIMENTOS,3701.04.01,PAVIMENTOS ASFALTICOS,Riego de imprimación con emulsión asfáltica,UF1,3701,tm2 pk 17+120 - 19+000,17120,19000,CAMPO,21,m2,8040,1,1,8040,,xls-3314
2026-07-02,23,PAVIMENTOS,3701.04.01,PAVIMENTOS ASFALTICOS,Riego de imprimación con emulsión asfáltica,UF1,3701,tm2 pk 17+120 - 19+000,17120,19000,CAMPO,21,m2,3960,1,1,3960,,xls-3315
2026-07-08,134,DRENAJES Y ESTRUCTURAS,3702.07.04,DRENAJE LONGITUDINAL,Cuneta de concreto vaciado en situ; no incluye la conformación del sitio de apoyo. (21 Mpa),UF2,3702,tm2 pk 32+508 - 33+090,32508,33090,CAMPO,21,m3,11.3,1,1,11.3,,xls-3316
2026-07-08,131,DRENAJES Y ESTRUCTURAS,3702.07.01,DRENAJE LONGITUDINAL,Excavaciones varias sin clasicar ODL,UF2,3702,tm2 pk 32+508 - 33+090,32508,33090,CAMPO,21,m3,50,1,1,50,,xls-3317
2026-06-24,65,DRENAJES Y ESTRUCTURAS,3701.07.07,DRENAJE LONGITUDINAL,Concreto clase 14 MPA (Cunetas de terraza y coronación),UF1,3701,tm2 pk 15+460 - 16+210,15460,16210,CAMPO,21,m3,4.5,1,1,4.5,,xls-3318
2026-07-10,5,TIERRAS,3701.01.05,DEMOLICIONES Y REUBICACIONES,Cercas de alambre de púas con postes de concreto,UF1,3701,tm2 pk 19+000 - 20+875,19000,20875,CAMPO,21,m,575,1,1,575,,xls-3319
2026-07-10,4,TIERRAS,3701.01.04,DEMOLICIONES Y REUBICACIONES,Remoción de cercas de alambre,UF1,3701,tm2 pk 20+875 - 22+650,20875,22650,CAMPO,21,m,575,1,1,575,,xls-3320
2026-07-10,5,TIERRAS,3701.01.05,DEMOLICIONES Y REUBICACIONES,Cercas de alambre de púas con postes de concreto,UF1,3701,tm2 pk 19+000 - 20+875,19000,20875,CAMPO,21,m,225,1,1,225,,xls-3321
2026-07-10,4,TIERRAS,3701.01.04,DEMOLICIONES Y REUBICACIONES,Remoción de cercas de alambre,UF1,3701,tm2 pk 20+875 - 22+650,20875,22650,CAMPO,21,m,225,1,1,225,,xls-3322
2026-07-09,90,TIERRAS,3702.03.01,"BASES, SUBBASES Y AFIRMADOS",Subbase Granular,UF2,3702,tm2 pk 34+445 - 35+700,34445,35700,CAMPO,21,m3,30,1,1.3,23.076923076923077,,xls-3323
2026-07-09,19,TIERRAS,3701.03.03,"BASES, SUBBASES Y AFIRMADOS",Base granular estabilizada con cemento (No incluye cemento),UF1,3701,tm2 pk 17+120 - 19+000,17120,19000,CAMPO,21,m3,840.65,1,1.3,646.6538461538461,,xls-3324
2026-07-09,149,TIERRAS,3701.05.04,ESTRUCTURAS,Relleno para muros de tierra MSR,UF1,3701,MSR 14+300,14300,14500,CAMPO,21,M3,56,1,1,56,,xls-3325
2026-07-09,13,TIERRAS,3701.02.07,EXPLANACIONES,Terraplenes (solo conformación),UF1,3701,tm2 pk 14+225 - 14+635,14225,14635,CAMPO,21,m3,84,1,1.3,64.61538461538461,,xls-3326
2026-07-09,150,TIERRAS,3701.05.05,ESTRUCTURAS,Material granular drenante MSR,UF1,3701,MSR 14+300,14300,14500,CAMPO,21,M3,18,1,1,18,,xls-3327
2026-07-09,148,TIERRAS,3701.05.03,ESTRUCTURAS,"Tubería PVC d=4"" para drenaje perforada MSR",UF1,3701,MSR 14+300,14300,14500,CAMPO,21,M,6,1,1,6,,xls-3328
2026-07-09,154,TIERRAS,3701.05.09,ESTRUCTURAS,Geotextil tejido uniaxial de 2890 n (método grab md),UF1,3701,MSR 14+300,14300,14500,CAMPO,21,M2,87,1,1,87,,xls-3329
2026-07-09,156,TIERRAS,3701.05.11,ESTRUCTURAS,Geobolsas de geotextil (propybag) MSR,UF1,3701,MSR 14+300,14300,14500,CAMPO,21,UND,100,1,1,100,,xls-3330
2026-07-09,82,TIERRAS,3702.02.05,EXPLANACIONES,Excavaciones en material común NO APROVECHABLE,UF2,3702,tm2 pk 31+942 - 32+508,31942,32508,CAMPO,21,m3,882,1,1.3,678.4615384615385,,xls-3331
2026-07-09,14,TIERRAS,3701.02.08,EXPLANACIONES,Conformación y disposición de sobrantes (incluye obras de adecuación),UF1,3701,RCD 15+800,15800,15800,CAMPO,21,m3,882,1,1.3,678.4615384615385,,xls-3332
2026-07-09,10,TIERRAS,3701.02.05,EXPLANACIONES,Excavaciones en material común APROVECHABLE,UF1,3701,tm2 pk 14+225 - 14+635,14225,14635,CAMPO,21,m3,140,1,1.3,107.6923076923077,,xls-3333
2026-07-10,10,TIERRAS,3701.02.05,EXPLANACIONES,Excavaciones en material común APROVECHABLE,UF1,3701,tm2 pk 19+000 - 20+875,19000,20875,CAMPO,21,m3,450,1,1.3,346.15384615384613,,xls-3334
2026-07-10,13,TIERRAS,3701.02.07,EXPLANACIONES,Terraplenes (solo conformación),UF1,3701,tm2 pk 19+000 - 20+875,19000,20875,CAMPO,21,m3,450,1,1.3,346.15384615384613,,xls-3335
2026-07-10,90,TIERRAS,3702.03.01,"BASES, SUBBASES Y AFIRMADOS",Subbase Granular,UF2,3702,tm2 pk 34+445 - 35+700,34445,35700,CAMPO,21,m3,312,1,1.3,240,,xls-3336
2026-07-10,82,TIERRAS,3702.02.05,EXPLANACIONES,Excavaciones en material común NO APROVECHABLE,UF2,3702,tm2 pk 34+445 - 35+700,34445,35700,CAMPO,21,m3,150,1,1.3,115.38461538461539,,xls-3337
2026-07-10,86,TIERRAS,3702.02.08,EXPLANACIONES,Conformación y disposición de sobrantes (incluye obras de adecuación),UF1,3702,RCD 15+800,15800,15800,CAMPO,21,m3,150,1,1.3,115.38461538461539,,xls-3338
2026-07-10,19,TIERRAS,3701.03.03,"BASES, SUBBASES Y AFIRMADOS",Base granular estabilizada con cemento (No incluye cemento),UF1,3701,tm2 pk 17+120 - 19+000,17120,19000,CAMPO,21,m3,829.07,1,1.3,637.7461538461539,,xls-3339
2026-07-10,23,PAVIMENTOS,3701.04.01,PAVIMENTOS ASFALTICOS,Riego de imprimación con emulsión asfáltica,UF1,3701,tm2 pk 17+120 - 19+000,17120,19000,CAMPO,21,m2,4920,1,1.3,3784.6153846153843,,xls-3340
2026-07-10,10,TIERRAS,3701.02.05,EXPLANACIONES,Excavaciones en material común APROVECHABLE,UF1,3701,tm2 pk 14+635 - 15+460,14635,15460,CAMPO,21,m3,718.37,1,1.3,552.5923076923077,,xls-3341
2026-07-10,85,TIERRAS,3702.02.07,EXPLANACIONES,Terraplenes (solo conformación),UF2,3702,tm2 pk 34+445 - 35+700,34445,35700,CAMPO,21,m3,399.65,1,1.3,307.4230769230769,,xls-3342
2026-07-10,13,TIERRAS,3701.02.07,EXPLANACIONES,Terraplenes (solo conformación),UF1,3701,tm2 pk 14+225 - 14+635,14225,14635,CAMPO,21,m3,318.72,1,1.3,245.16923076923078,,xls-3343
2026-07-10,10,TIERRAS,3701.02.05,EXPLANACIONES,Excavaciones en material común APROVECHABLE,UF1,3701,tm2 pk 25+530 - 26+612,25530,26612,CAMPO,21,m3,714,1,1.3,549.2307692307692,,xls-3344
2026-07-10,85,TIERRAS,3702.02.07,EXPLANACIONES,Terraplenes (solo conformación),UF2,3702,tm2 pk 38+064 - 38+864,38064,38864,CAMPO,21,m3,686,1,1.3,527.6923076923076,,xls-3345
2026-07-10,85,TIERRAS,3702.02.07,EXPLANACIONES,Terraplenes (solo conformación),UF2,3702,tm2 pk 34+445 - 35+700,34445,35700,CAMPO,21,m3,28,1,1.3,21.538461538461537,,xls-3346
2026-07-10,10,TIERRAS,3701.02.05,EXPLANACIONES,Excavaciones en material común APROVECHABLE,UF1,3701,tm2 pk 19+000 - 20+875,19000,20875,CAMPO,21,m3,550.76,1,1.3,423.66153846153844,,xls-3347
2026-07-10,85,TIERRAS,3702.02.07,EXPLANACIONES,Terraplenes (solo conformación),UF2,3702,tm2 pk 38+064 - 38+864,38064,38864,CAMPO,21,m3,308,1,1.3,236.9230769230769,,xls-3348
2026-07-10,13,TIERRAS,3701.02.07,EXPLANACIONES,Terraplenes (solo conformación),UF1,3701,tm2 pk 19+000 - 20+875,19000,20875,CAMPO,21,m3,116.759999999999,1,1.3,89.81538461538383,,xls-3349
2026-07-10,149,TIERRAS,3701.05.04,ESTRUCTURAS,Relleno para muros de tierra MSR,UF1,3701,MSR 14+300,14300,14500,CAMPO,21,M3,360,1,1,360,,xls-3350
2026-07-10,152,TIERRAS,3701.05.07,ESTRUCTURAS,Geomalla tejida uniaxial de 115 kn/m (método md),UF1,3701,MSR 14+300,14300,14500,CAMPO,21,M2,58,1,1,58,,xls-3351
2026-07-10,156,TIERRAS,3701.05.11,ESTRUCTURAS,Geobolsas de geotextil (propybag) MSR,UF1,3701,MSR 14+300,14300,14500,CAMPO,21,UND,250,1,1,250,,xls-3352
2026-07-10,33,DRENAJES Y ESTRUCTURAS,3701.06.04,DRENAJE TRANSVERSAL,Acero de refuerzo Fy=420 Mpa.,UF1,3701,ODT1-057,21386,21386,CAMPO,21,kg,500,1,1,500,,xls-3353
2026-07-10,38,DRENAJES Y ESTRUCTURAS,3701.06.09,DRENAJE TRANSVERSAL,"Concreto clase  28 MPA (encoles, descoles, box, sumideros)",UF1,3701,ODT1-057,21386,21386,CAMPO,21,m3,13.5,1,1,13.5,,xls-3354
2026-07-10,33,DRENAJES Y ESTRUCTURAS,3701.06.04,DRENAJE TRANSVERSAL,Acero de refuerzo Fy=420 Mpa.,UF1,3701,ODT1-057,21386,21386,CAMPO,21,kg,70,1,1,70,,xls-3355
2026-07-10,105,DRENAJES Y ESTRUCTURAS,3702.06.04,DRENAJE TRANSVERSAL,Acero de refuerzo Fy=420 Mpa.,UF2,3702,ODT2-016,35096,35096,CAMPO,21,kg,263.32,1,1,263.32,,xls-3356
2026-07-10,102,DRENAJES Y ESTRUCTURAS,3702.06.01,DRENAJE TRANSVERSAL,Excavaciones varias sin clasicar,UF2,3702,ODT2-019,35423,35423,CAMPO,21,m3,1.5,1,1,1.5,,xls-3357
2026-07-10,105,DRENAJES Y ESTRUCTURAS,3702.06.04,DRENAJE TRANSVERSAL,Acero de refuerzo Fy=420 Mpa.,UF2,3702,ODT2-019,35423,35423,CAMPO,21,kg,74.55,1,1,74.55,,xls-3358
2026-07-10,38,DRENAJES Y ESTRUCTURAS,3701.06.09,DRENAJE TRANSVERSAL,"Concreto clase  28 MPA (encoles, descoles, box, sumideros)",UF1,3701,ODT1-057,21386,21386,CAMPO,21,m3,13.5,1,1,13.5,,xls-3359
2026-07-10,105,DRENAJES Y ESTRUCTURAS,3702.06.04,DRENAJE TRANSVERSAL,Acero de refuerzo Fy=420 Mpa.,UF2,3702,ODT2-019,35423,35423,CAMPO,21,kg,74.55,1,1,74.55,,xls-3360
2026-07-10,110,DRENAJES Y ESTRUCTURAS,3702.06.09,DRENAJE TRANSVERSAL,"Concreto clase  28 MPA (encoles, descoles, box, sumideros)",UF2,3702,ODT2-019,35423,35423,CAMPO,21,m3,3.8,1,1,3.8,,xls-3361
2026-07-13,33,DRENAJES Y ESTRUCTURAS,3701.06.04,DRENAJE TRANSVERSAL,Acero de refuerzo Fy=420 Mpa.,UF1,3701,ODT1-057,21386,21386,CAMPO,21,kg,80,1,1,80,,xls-3362
2026-07-13,105,DRENAJES Y ESTRUCTURAS,3702.06.04,DRENAJE TRANSVERSAL,Acero de refuerzo Fy=420 Mpa.,UF2,3702,ODT2-023,35589,35589,CAMPO,21,kg,329.48,1,1,329.48,,xls-3363
2026-07-11,10,TIERRAS,3701.02.05,EXPLANACIONES,Excavaciones en material común APROVECHABLE,UF1,3701,tm2 pk 14+635 - 15+460,14635,15460,CAMPO,21,m3,294,1,1.3,226.15384615384613,,xls-3364
2026-07-11,13,TIERRAS,3701.02.07,EXPLANACIONES,Terraplenes (solo conformación),UF1,3701,tm2 pk 14+225 - 14+635,14225,14635,CAMPO,21,m3,294,1,1.3,226.15384615384613,,xls-3365
2026-07-11,10,TIERRAS,3701.02.05,EXPLANACIONES,Excavaciones en material común APROVECHABLE,UF1,3701,tm2 pk 19+000 - 20+875,19000,20875,CAMPO,21,m3,322,1,1.3,247.69230769230768,,xls-3366
2026-07-11,85,TIERRAS,3702.02.07,EXPLANACIONES,Terraplenes (solo conformación),UF2,3702,tm2 pk 38+064 - 38+864,38064,38864,CAMPO,21,m3,322,1,1.3,247.69230769230768,,xls-3367
2026-07-11,90,TIERRAS,3702.03.01,"BASES, SUBBASES Y AFIRMADOS",Subbase Granular,UF2,3702,tm2 pk 34+445 - 35+700,34445,35700,CAMPO,21,m3,453.5,1,1.3,348.8461538461538,,xls-3368
2026-07-11,82,TIERRAS,3702.02.05,EXPLANACIONES,Excavaciones en material común NO APROVECHABLE,UF2,3702,tm2 pk 33+380 - 34+445,33380,34445,CAMPO,21,m3,150,1,1.3,115.38461538461539,,xls-3369
2026-07-11,86,TIERRAS,3702.02.08,EXPLANACIONES,Conformación y disposición de sobrantes (incluye obras de adecuación),UF2,3702,ZODME PK30,30000,30000,CAMPO,21,m3,150,1,1.3,115.38461538461539,,xls-3370
2026-07-11,10,TIERRAS,3701.02.05,EXPLANACIONES,Excavaciones en material común APROVECHABLE,UF1,3701,tm2 pk 25+530 - 26+612,25530,26612,CAMPO,21,m3,700,1,1.3,538.4615384615385,,xls-3371
2026-07-11,85,TIERRAS,3702.02.07,EXPLANACIONES,Terraplenes (solo conformación),UF2,3702,tm2 pk 34+445 - 35+700,34445,35700,CAMPO,21,m3,308,1,1.3,236.9230769230769,,xls-3372
2026-07-11,85,TIERRAS,3702.02.07,EXPLANACIONES,Terraplenes (solo conformación),UF2,3702,tm2 pk 38+064 - 38+864,38064,38864,CAMPO,21,m3,392,1,1.3,301.53846153846155,,xls-3373
2026-07-11,149,TIERRAS,3701.05.04,ESTRUCTURAS,Relleno para muros de tierra MSR,UF1,3701,MSR 14+300,14300,14500,CAMPO,21,M3,140,1,1,140,,xls-3374
2026-07-11,154,TIERRAS,3701.05.09,ESTRUCTURAS,Geotextil tejido uniaxial de 2890 n (método grab md),UF1,3701,MSR 14+300,14300,14500,CAMPO,21,M2,117,1,1,117,,xls-3375
2026-07-11,148,TIERRAS,3701.05.03,ESTRUCTURAS,"Tubería PVC d=4"" para drenaje perforada MSR",UF1,3701,MSR 14+300,14300,14500,CAMPO,21,M,6,1,1,6,,xls-3376
2026-07-11,150,TIERRAS,3701.05.05,ESTRUCTURAS,Material granular drenante MSR,UF1,3701,MSR 14+300,14300,14500,CAMPO,21,M3,18,1,1,18,,xls-3377
2026-07-11,156,TIERRAS,3701.05.11,ESTRUCTURAS,Geobolsas de geotextil (propybag) MSR,UF1,3701,MSR 14+300,14300,14500,CAMPO,21,UND,20,1,1,20,,xls-3378
2026-07-13,10,TIERRAS,3701.02.05,EXPLANACIONES,Excavaciones en material común APROVECHABLE,UF1,3701,tm2 pk 25+530 - 26+612,25530,26612,CAMPO,21,m3,196,1,1.3,150.76923076923077,,xls-3379
2026-07-13,10,TIERRAS,3701.02.05,EXPLANACIONES,Excavaciones en material común NO APROVECHABLE,UF1,3701,tm2 pk 25+530 - 26+612,25530,26612,CAMPO,21,m3,280,1,1.3,215.3846153846154,,xls-3380
2026-07-13,14,TIERRAS,3701.02.08,EXPLANACIONES,Conformación y disposición de sobrantes (incluye obras de adecuación),UF1,3701,RCD 15+800,15800,15800,CAMPO,21,m3,280,1,1.3,215.3846153846154,,xls-3381
2026-07-13,13,TIERRAS,3701.02.07,EXPLANACIONES,Terraplenes (solo conformación),UF1,3701,tm2 pk 25+530 - 26+612,25530,26612,CAMPO,21,m3,84,1,1.3,64.61538461538461,,xls-3382
2026-07-13,10,TIERRAS,3701.02.05,EXPLANACIONES,Excavaciones en material común NO APROVECHABLE,UF1,3701,tm2 pk 19+000 - 20+875,19000,20875,CAMPO,21,m3,750,1,1.3,576.9230769230769,,xls-3383
2026-07-13,14,TIERRAS,3701.02.08,EXPLANACIONES,Conformación y disposición de sobrantes (incluye obras de adecuación),UF1,3701,RCD 15+800,15800,15800,CAMPO,21,m3,750,1,1.3,576.9230769230769,,xls-3384
2026-07-07,72,TIERRAS,3701.09.02,PROTECCIÓN DE TALUDES,Protección de taludes con productos enrollados para control de erosión con biomanto,UF1,3701,tm2 pk 20+875 - 22+650,20875,22650,CAMPO,21,m2,788.1800000000001,1,1,788.1800000000001,,xls-3385
2026-07-07,72,TIERRAS,3701.09.02,PROTECCIÓN DE TALUDES,Protección de taludes con productos enrollados para control de erosión con biomanto,UF1,3701,tm2 pk 19+000 - 20+875,19000,20875,CAMPO,21,m2,1550,1,1,1550,,xls-3386
2026-07-07,72,TIERRAS,3701.09.02,PROTECCIÓN DE TALUDES,Protección de taludes con productos enrollados para control de erosión con biomanto,UF1,3701,tm2 pk 16+210 - 17+120,16210,17120,CAMPO,21,m2,862.46,1,1,862.46,,xls-3387
2026-07-04,34,DRENAJES Y ESTRUCTURAS,3701.06.05,DRENAJE TRANSVERSAL,Tubería de Concreto Reforzado de 900mm de diámetro interior (Tipo III),UF1,3701,ODT1-070,25564,25564,CAMPO,21,m,30,1,1,30,,xls-3388
2026-07-10,44,DRENAJES Y ESTRUCTURAS,3701.06.15,DRENAJE TRANSVERSAL,Box abovedados galvanizados - Incluye tornilleria 2x1,UF1,3701,ODT1-072,25803,25803,CAMPO,21,m3,20.1,1,1,20.1,,xls-3389
2026-07-11,52,DRENAJES Y ESTRUCTURAS,3701.06.24,DRENAJE TRANSVERSAL,Box abovedados galvanizados - Incluye tornilleria 3x2,UF1,3701,ODT1-073,25888,25888,CAMPO,21,m3,14.62,1,1,14.62,,xls-3390
2026-07-12,53,DRENAJES Y ESTRUCTURAS,3701.06.25,DRENAJE TRANSVERSAL,"Box abovedados galvanizados - Incluye tornilleria 2,5x2,5",UF1,3701,ODT1-071,25699,25699,CAMPO,21,m3,27.42,1,1,27.42,,xls-3391
2026-07-14,23,PAVIMENTOS,3701.04.01,PAVIMENTOS ASFALTICOS,Riego de imprimación con emulsión asfáltica,UF1,3701,tm2 pk 14+225 - 14+635,14225,14635,CAMPO,21,m2,314,1,1,314,,xls-3392
2026-07-14,23,PAVIMENTOS,3701.04.01,PAVIMENTOS ASFALTICOS,Riego de imprimación con emulsión asfáltica,UF1,3701,tm2 pk 17+120 - 19+000,17120,19000,CAMPO,21,m2,5240,1,1,5240,,xls-3393
2026-07-14,23,PAVIMENTOS,3701.04.01,PAVIMENTOS ASFALTICOS,Riego de imprimación con emulsión asfáltica,UF1,3701,tm2 pk 19+000 - 20+875,19000,20875,CAMPO,21,m2,2400,1,1,2400,,xls-3394
2026-07-14,23,PAVIMENTOS,3701.04.01,PAVIMENTOS ASFALTICOS,Riego de imprimación con emulsión asfáltica,UF1,3701,tm2 pk 20+875 - 22+650,20875,22650,CAMPO,21,m2,1480,1,1,1480,,xls-3395
2026-07-14,23,PAVIMENTOS,3701.04.01,PAVIMENTOS ASFALTICOS,Riego de imprimación con emulsión asfáltica,UF1,3701,tm2 pk 23+820 - 24+800,23820,24800,CAMPO,21,m2,5000,1,1,5000,,xls-3396
2026-07-14,23,PAVIMENTOS,3701.04.01,PAVIMENTOS ASFALTICOS,Riego de imprimación con emulsión asfáltica,UF1,3701,tm2 pk 28+303 - 29+600,28303,29600,CAMPO,21,m2,8527,1,1,8527,,xls-3397
2026-07-14,95,PAVIMENTOS,3702.04.01,PAVIMENTOS ASFALTICOS,Riego de imprimación con emulsión asfáltica,UF2,3702,tm2 pk 30+500 - 31+942,30500,31942,CAMPO,21,m2,3965,1,1,3965,,xls-3398
2026-07-14,5,TIERRAS,3701.01.05,DEMOLICIONES Y REUBICACIONES,Cercas de alambre de púas con postes de concreto,UF1,3701,tm2 pk 19+000 - 20+875,19000,20875,CAMPO,21,m,185,1,1,185,,xls-3399
2026-07-14,5,TIERRAS,3701.01.05,DEMOLICIONES Y REUBICACIONES,Cercas de alambre de púas con postes de concreto,UF1,3701,tm2 pk 20+875 - 22+650,20875,22650,CAMPO,21,m,615,1,1,615,,xls-3400
2026-07-14,5,TIERRAS,3701.01.05,DEMOLICIONES Y REUBICACIONES,Cercas de alambre de púas con postes de concreto,UF1,3701,tm2 pk 22+650 - 23+820,22650,23820,CAMPO,21,m,350,1,1,350,,xls-3401
2026-07-14,5,TIERRAS,3701.01.05,DEMOLICIONES Y REUBICACIONES,Cercas de alambre de púas con postes de concreto,UF1,3701,tm2 pk 23+820 - 24+800,23820,24800,CAMPO,21,m,800,1,1,800,,xls-3402
2026-07-14,5,TIERRAS,3701.01.05,DEMOLICIONES Y REUBICACIONES,Cercas de alambre de púas con postes de concreto,UF1,3701,tm2 pk 25+530 - 26+612,25530,26612,CAMPO,21,m,91,1,1,91,,xls-3403
2026-07-14,77,TIERRAS,3702.01.05,DEMOLICIONES Y REUBICACIONES,Cercas de alambre de púas con postes de concreto,UF2,3702,tm2 pk 32+508 - 33+090,32508,33090,CAMPO,21,m,300,1,1,300,,xls-3404
2026-07-14,77,TIERRAS,3702.01.05,DEMOLICIONES Y REUBICACIONES,Cercas de alambre de púas con postes de concreto,UF2,3702,tm2 pk 33+380 - 34+445,33380,34445,CAMPO,21,m,1045,1,1,1045,,xls-3405
2026-07-14,77,TIERRAS,3702.01.05,DEMOLICIONES Y REUBICACIONES,Cercas de alambre de púas con postes de concreto,UF2,3702,tm2 pk 34+445 - 35+700,34445,35700,CAMPO,21,m,855,1,1,855,,xls-3406
2026-07-14,77,TIERRAS,3702.01.05,DEMOLICIONES Y REUBICACIONES,Cercas de alambre de púas con postes de concreto,UF2,3702,tm2 pk 35+700 - 36+399,35700,36399,CAMPO,21,m,100,1,1,100,,xls-3407
2026-07-14,4,TIERRAS,3701.01.04,DEMOLICIONES Y REUBICACIONES,Remoción de cercas de alambre,UF1,3701,tm2 pk 19+000 - 20+875,19000,20875,CAMPO,21,m,123.33,1,1,123.33,,xls-3408
2026-07-14,4,TIERRAS,3701.01.04,DEMOLICIONES Y REUBICACIONES,Remoción de cercas de alambre,UF1,3701,tm2 pk 20+875 - 22+650,20875,22650,CAMPO,21,m,410,1,1,410,,xls-3409
2026-07-14,4,TIERRAS,3701.01.04,DEMOLICIONES Y REUBICACIONES,Remoción de cercas de alambre,UF1,3701,tm2 pk 22+650 - 23+820,22650,23820,CAMPO,21,m,233.33,1,1,233.33,,xls-3410
2026-07-14,4,TIERRAS,3701.01.04,DEMOLICIONES Y REUBICACIONES,Remoción de cercas de alambre,UF1,3701,tm2 pk 23+820 - 24+800,23820,24800,CAMPO,21,m,533.33,1,1,533.33,,xls-3411
2026-07-14,4,TIERRAS,3701.01.04,DEMOLICIONES Y REUBICACIONES,Remoción de cercas de alambre,UF1,3701,tm2 pk 25+530 - 26+612,25530,26612,CAMPO,21,m,60.67,1,1,60.67,,xls-3412
2026-07-14,76,TIERRAS,3702.01.04,DEMOLICIONES Y REUBICACIONES,Remoción de cercas de alambre,UF2,3702,tm2 pk 32+508 - 33+090,32508,33090,CAMPO,21,m,200,1,1,200,,xls-3413
2026-07-14,76,TIERRAS,3702.01.04,DEMOLICIONES Y REUBICACIONES,Remoción de cercas de alambre,UF2,3702,tm2 pk 33+380 - 34+445,33380,34445,CAMPO,21,m,696.67,1,1,696.67,,xls-3414
2026-07-14,76,TIERRAS,3702.01.04,DEMOLICIONES Y REUBICACIONES,Remoción de cercas de alambre,UF2,3702,tm2 pk 34+445 - 35+700,34445,35700,CAMPO,21,m,570,1,1,570,,xls-3415
2026-07-14,76,TIERRAS,3702.01.04,DEMOLICIONES Y REUBICACIONES,Remoción de cercas de alambre,UF2,3702,tm2 pk 35+700 - 36+399,35700,36399,CAMPO,21,m,66.67,1,1,66.67,,xls-3416
2026-07-14,10,TIERRAS,3701.02.05,EXPLANACIONES,Excavaciones en material común NO APROVECHABLE,UF1,3701,tm2 pk 25+530 - 26+612,25530,26612,CAMPO,21,m3,294,1,1.3,226.15384615384613,,xls-3417
2026-07-14,14,TIERRAS,3701.02.08,EXPLANACIONES,Conformación y disposición de sobrantes (incluye obras de adecuación),UF1,3701,RCD 15+800,15800,15800,CAMPO,21,m3,294,1,1.3,226.15384615384613,,xls-3418
2026-07-14,10,TIERRAS,3701.02.05,EXPLANACIONES,Excavaciones en material común APROVECHABLE,UF1,3701,tm2 pk 19+000 - 20+875,19000,20875,CAMPO,21,m3,1103.7,1,1.3,849,,xls-3419
2026-07-14,85,TIERRAS,3702.02.07,EXPLANACIONES,Terraplenes (solo conformación),UF2,3702,tm2 pk 34+445 - 35+700,34445,35700,CAMPO,21,m3,1045.02,1,1.3,803.8615384615384,,xls-3420
2026-07-14,18,TIERRAS,3701.03.01,"BASES, SUBBASES Y AFIRMADOS",Subbase Granular,UF1,3701,tm2 pk 19+000 - 20+875,19000,20875,CAMPO,21,m3,363.12,1,1.3,279.32307692307694,,xls-3421
2026-07-14,6,TIERRAS,3701.02.01,EXPLANACIONES,Desmonte y limpieza en bosque,UF1,3701,tm2 pk 19+000 - 20+875,19000,20875,CAMPO,21,Ha,0.15,1,1.3,0.11538461538461538,,xls-3422
2026-07-14,10,TIERRAS,3701.02.05,EXPLANACIONES,Excavaciones en material común NO APROVECHABLE,UF1,3701,tm2 pk 19+000 - 20+875,19000,20875,CAMPO,21,m3,300,1,1.3,230.76923076923077,,xls-3423
2026-07-14,14,TIERRAS,3701.02.08,EXPLANACIONES,Conformación y disposición de sobrantes (incluye obras de adecuación),UF1,3701,RCD 15+800,15800,15800,CAMPO,21,m3,300,1,1.3,230.76923076923077,,xls-3424
2026-07-14,10,TIERRAS,3701.02.05,EXPLANACIONES,Excavaciones en material común NO APROVECHABLE,UF1,3701,tm2 pk 19+000 - 20+875,19000,20875,CAMPO,21,m3,392,1,1.3,301.53846153846155,,xls-3425
2026-07-14,14,TIERRAS,3701.02.08,EXPLANACIONES,Conformación y disposición de sobrantes (incluye obras de adecuación),UF1,3701,RCD 15+800,15800,15800,CAMPO,21,m3,392,1,1.3,301.53846153846155,,xls-3426
2026-07-14,149,TIERRAS,3701.05.04,ESTRUCTURAS,Relleno para muros de tierra MSR,UF1,3701,MSR 14+300,14300,14500,CAMPO,21,M3,112,1,1,112,,xls-3427
2026-07-14,156,TIERRAS,3701.05.11,ESTRUCTURAS,Geobolsas de geotextil (propybag) MSR,UF1,3701,MSR 14+300,14300,14500,CAMPO,21,UND,330,1,1,330,,xls-3428
2026-07-14,152,TIERRAS,3701.05.07,ESTRUCTURAS,Geomalla tejida uniaxial de 115 kn/m (método md),UF1,3701,MSR 14+300,14300,14500,CAMPO,21,M2,117,1,1,117,,xls-3429
2026-07-14,151,TIERRAS,3701.05.06,ESTRUCTURAS,Geomalla tejida uniaxial de 55 kn/m (método md),UF1,3701,MSR 14+300,14300,14500,CAMPO,21,M2,990,1,1,990,,xls-3430
2026-07-14,10,TIERRAS,3701.02.05,EXPLANACIONES,Excavaciones en material común APROVECHABLE,UF1,3701,tm2 pk 14+225 - 14+635,14225,14635,CAMPO,21,m3,112,1,1.3,86.15384615384615,,xls-3431
2026-07-14,13,TIERRAS,3701.02.07,EXPLANACIONES,Terraplenes (solo conformación),UF1,3701,tm2 pk 14+225 - 14+635,14225,14635,CAMPO,21,m3,112,1,1.3,86.15384615384615,,xls-3432
2026-07-14,90,TIERRAS,3702.03.01,"BASES, SUBBASES Y AFIRMADOS",Subbase Granular,UF2,3702,tm2 pk 34+445 - 35+700,34445,35700,CAMPO,21,m3,549.03,1,1.3,422.3307692307692,,xls-3433
2026-07-15,10,TIERRAS,3701.02.05,EXPLANACIONES,Excavaciones en material común APROVECHABLE,UF1,3701,tm2 pk 19+000 - 20+875,19000,20875,CAMPO,21,m3,1745.19,1,1.3,1342.4538461538461,,xls-3434
2026-07-15,85,TIERRAS,3702.02.07,EXPLANACIONES,Terraplenes (solo conformación),UF2,3702,tm2 pk 38+064 - 38+864,38064,38864,CAMPO,21,m3,1454.26,1,1.3,1118.6615384615384,,xls-3435
2026-07-15,85,TIERRAS,3702.02.07,EXPLANACIONES,Terraplenes (solo conformación),UF2,3702,tm2 pk 36+555 - 37+080,36555,37080,CAMPO,21,m3,248.929999999999,1,1.3,191.4846153846146,,xls-3436
2026-07-15,13,TIERRAS,3701.02.07,EXPLANACIONES,Terraplenes (solo conformación),UF1,3701,tm2 pk 19+000 - 20+875,19000,20875,CAMPO,21,m3,28,1,1.3,21.538461538461537,,xls-3437
2026-07-15,10,TIERRAS,3701.02.05,EXPLANACIONES,Excavaciones en material común APROVECHABLE,UF1,3701,tm2 pk 25+530 - 26+612,25530,26612,CAMPO,21,m3,328.66,1,1.3,252.81538461538463,,xls-3438
2026-07-15,10,TIERRAS,3701.02.05,EXPLANACIONES,Excavaciones en material común NO APROVECHABLE,UF1,3701,tm2 pk 25+530 - 26+612,25530,26612,CAMPO,21,m3,850.24,1,1.3,654.0307692307692,,xls-3439
2026-07-15,86,TIERRAS,3702.02.08,EXPLANACIONES,Conformación y disposición de sobrantes (incluye obras de adecuación),UF2,3702,ZODME PK30,30000,30000,CAMPO,21,m3,850.24,1,1.3,654.0307692307692,,xls-3440
2026-07-15,85,TIERRAS,3702.02.07,EXPLANACIONES,Terraplenes (solo conformación),UF2,3702,tm2 pk 36+555 - 37+080,36555,37080,CAMPO,21,m3,328.66,1,1.3,252.81538461538463,,xls-3441
2026-07-15,90,TIERRAS,3702.03.01,"BASES, SUBBASES Y AFIRMADOS",Subbase Granular,UF2,3702,tm2 pk 34+445 - 35+700,34445,35700,CAMPO,21,m3,437.02,1,1.3,336.16923076923075,,xls-3442
2026-07-15,19,TIERRAS,3701.03.03,"BASES, SUBBASES Y AFIRMADOS",Base granular estabilizada con cemento (No incluye cemento),UF1,3701,tm2 pk 20+875 - 22+650,20875,22650,CAMPO,21,m3,658.2,1,1.3,506.3076923076923,,xls-3443
2026-07-15,18,TIERRAS,3701.03.01,"BASES, SUBBASES Y AFIRMADOS",Subbase Granular,UF1,3701,tm2 pk 20+875 - 22+650,20875,22650,CAMPO,21,m3,140.27,1,1.3,107.9,,xls-3444
2026-07-15,23,PAVIMENTOS,3701.04.01,PAVIMENTOS ASFALTICOS,Riego de imprimación con emulsión asfáltica,UF1,3701,tm2 pk 19+000 - 20+875,19000,20875,CAMPO,21,m2,4380,1,1.3,3369.230769230769,,xls-3445
2026-07-15,85,TIERRAS,3702.02.07,EXPLANACIONES,Terraplenes (solo conformación),UF2,3702,tm2 pk 39+200 - 39+560,39200,39560,CAMPO,21,m3,1093.03,1,1.3,840.7923076923076,,xls-3446
2026-07-15,149,TIERRAS,3701.05.04,ESTRUCTURAS,Relleno para muros de tierra MSR,UF1,3701,MSR 14+300,14300,14500,CAMPO,21,M3,98,1,1,98,,xls-3447
2026-07-15,156,TIERRAS,3701.05.11,ESTRUCTURAS,Geobolsas de geotextil (propybag) MSR,UF1,3701,MSR 14+300,14300,14500,CAMPO,21,UND,90,1,1,90,,xls-3448
2026-07-15,10,TIERRAS,3701.02.05,EXPLANACIONES,Excavaciones en material común APROVECHABLE,UF1,3701,tm2 pk 19+000 - 20+875,19000,20875,CAMPO,21,m3,1093.03,1,1.3,840.7923076923076,,xls-3449
2026-07-15,10,TIERRAS,3701.02.05,EXPLANACIONES,Excavaciones en material común NO APROVECHABLE,UF1,3701,tm2 pk 19+000 - 20+875,19000,20875,CAMPO,21,m3,531.079999999999,1,1.3,408.52307692307613,,xls-3450
2026-07-15,14,TIERRAS,3701.02.08,EXPLANACIONES,Conformación y disposición de sobrantes (incluye obras de adecuación),UF1,3701,RCD 15+800,15800,15800,CAMPO,21,m3,531.079999999999,1,1.3,408.52307692307613,,xls-3451
2026-07-15,10,TIERRAS,3701.02.05,EXPLANACIONES,Excavaciones en material común APROVECHABLE,UF1,3701,tm2 pk 14+225 - 14+635,14225,14635,CAMPO,21,m3,98,1,1.3,75.38461538461539,,xls-3452
2026-07-15,13,TIERRAS,3701.02.07,EXPLANACIONES,Terraplenes (solo conformación),UF1,3701,tm2 pk 14+225 - 14+635,14225,14635,CAMPO,21,m3,98,1,1.3,75.38461538461539,,xls-3453
2026-07-15,39,DRENAJES Y ESTRUCTURAS,3701.06.10,DRENAJE TRANSVERSAL,Cinta pvc para juntas,UF1,3701,ODT1-016,13376,13376,CAMPO,21,m,27.86,1,1,27.86,,xls-3454
2026-07-15,39,DRENAJES Y ESTRUCTURAS,3701.06.10,DRENAJE TRANSVERSAL,Cinta pvc para juntas,UF1,3701,ODT1-020,13942,13942,CAMPO,21,m,32.04,1,1,32.04,,xls-3455
2026-07-15,39,DRENAJES Y ESTRUCTURAS,3701.06.10,DRENAJE TRANSVERSAL,Cinta pvc para juntas,UF1,3701,ODT1-025,14363,14363,CAMPO,21,m,25.98,1,1,25.98,,xls-3456
2026-07-15,39,DRENAJES Y ESTRUCTURAS,3701.06.10,DRENAJE TRANSVERSAL,Cinta pvc para juntas,UF1,3701,ODT1-049,20442,20442,CAMPO,21,m,38.34,1,1,38.34,,xls-3457
2026-07-15,39,DRENAJES Y ESTRUCTURAS,3701.06.10,DRENAJE TRANSVERSAL,Cinta pvc para juntas,UF1,3701,ODT1-052,20755,20755,CAMPO,21,m,51.62,1,1,51.62,,xls-3458
2026-07-15,39,DRENAJES Y ESTRUCTURAS,3701.06.10,DRENAJE TRANSVERSAL,Cinta pvc para juntas,UF1,3701,ODT1-054,21060,21060,CAMPO,21,m,36.84,1,1,36.84,,xls-3459
2026-07-15,39,DRENAJES Y ESTRUCTURAS,3701.06.10,DRENAJE TRANSVERSAL,Cinta pvc para juntas,UF1,3701,ODT1-056,21676,21676,CAMPO,21,m,40.04,1,1,40.04,,xls-3460
2026-07-15,39,DRENAJES Y ESTRUCTURAS,3701.06.10,DRENAJE TRANSVERSAL,Cinta pvc para juntas,UF1,3701,ODT1-057,21386,21386,CAMPO,21,m,36.26,1,1,36.26,,xls-3461
2026-07-15,39,DRENAJES Y ESTRUCTURAS,3701.06.10,DRENAJE TRANSVERSAL,Cinta pvc para juntas,UF1,3701,ODT1-065,24008,24008,CAMPO,21,m,25.3,1,1,25.3,,xls-3462
2026-07-15,39,DRENAJES Y ESTRUCTURAS,3701.06.10,DRENAJE TRANSVERSAL,Cinta pvc para juntas,UF1,3701,ODT1-066,24878,24878,CAMPO,21,m,31.44,1,1,31.44,,xls-3463
2026-07-15,39,DRENAJES Y ESTRUCTURAS,3701.06.10,DRENAJE TRANSVERSAL,Cinta pvc para juntas,UF1,3701,ODT1-067,24929,24929,CAMPO,21,m,36.14,1,1,36.14,,xls-3464
2026-07-15,41,DRENAJES Y ESTRUCTURAS,3701.06.12,DRENAJE TRANSVERSAL,Geodrén vial h=1 m con tubería de 100 mm,UF1,3701,ODT1-049,20442,20442,CAMPO,21,m,38.34,1,1,38.34,,xls-3465
2026-07-15,41,DRENAJES Y ESTRUCTURAS,3701.06.12,DRENAJE TRANSVERSAL,Geodrén vial h=1 m con tubería de 100 mm,UF1,3701,ODT1-052,20755,20755,CAMPO,21,m,51.62,1,1,51.62,,xls-3466
2026-07-15,41,DRENAJES Y ESTRUCTURAS,3701.06.12,DRENAJE TRANSVERSAL,Geodrén vial h=1 m con tubería de 100 mm,UF1,3701,ODT1-056,21676,21676,CAMPO,21,m,40.04,1,1,40.04,,xls-3467
2026-07-15,41,DRENAJES Y ESTRUCTURAS,3701.06.12,DRENAJE TRANSVERSAL,Geodrén vial h=1 m con tubería de 100 mm,UF1,3701,ODT1-057,21386,21386,CAMPO,21,m,36.26,1,1,36.26,,xls-3468
2026-07-15,41,DRENAJES Y ESTRUCTURAS,3701.06.12,DRENAJE TRANSVERSAL,Geodrén vial h=1 m con tubería de 100 mm,UF1,3701,ODT1-082,29198,29198,CAMPO,21,m,30.34,1,1,30.34,,xls-3469
2026-07-15,39,DRENAJES Y ESTRUCTURAS,3701.06.10,DRENAJE TRANSVERSAL,Cinta pvc para juntas,UF1,3701,ODT1-079,28550,28550,CAMPO,21,m,26.66,1,1,26.66,,xls-3470
2026-07-15,39,DRENAJES Y ESTRUCTURAS,3701.06.10,DRENAJE TRANSVERSAL,Cinta pvc para juntas,UF1,3701,ODT1-081,28950,28950,CAMPO,21,m,21.38,1,1,21.38,,xls-3471
2026-07-15,39,DRENAJES Y ESTRUCTURAS,3701.06.10,DRENAJE TRANSVERSAL,Cinta pvc para juntas,UF1,3701,ODT1-082,29198,29198,CAMPO,21,m,30.34,1,1,30.34,,xls-3472
2026-07-15,39,DRENAJES Y ESTRUCTURAS,3701.06.10,DRENAJE TRANSVERSAL,Cinta pvc para juntas,UF1,3701,ODT1-083,29600,29600,CAMPO,21,m,35.02,1,1,35.02,,xls-3473
2026-07-15,42,DRENAJES Y ESTRUCTURAS,3701.06.13,DRENAJE TRANSVERSAL,Geodrén planar h=1 m,UF1,3701,ODT1-049,20442,20442,CAMPO,21,m2,76.68,1,1,76.68,,xls-3474
2026-07-15,42,DRENAJES Y ESTRUCTURAS,3701.06.13,DRENAJE TRANSVERSAL,Geodrén planar h=1 m,UF1,3701,ODT1-052,20755,20755,CAMPO,21,m2,103.24,1,1,103.24,,xls-3475
2026-07-15,42,DRENAJES Y ESTRUCTURAS,3701.06.13,DRENAJE TRANSVERSAL,Geodrén planar h=1 m,UF1,3701,ODT1-056,21676,21676,CAMPO,21,m2,80.08,1,1,80.08,,xls-3476
2026-07-15,42,DRENAJES Y ESTRUCTURAS,3701.06.13,DRENAJE TRANSVERSAL,Geodrén planar h=1 m,UF1,3701,ODT1-057,21386,21386,CAMPO,21,m2,108.78,1,1,108.78,,xls-3477
2026-07-14,30,DRENAJES Y ESTRUCTURAS,3701.06.01,DRENAJE TRANSVERSAL,Excavaciones varias sin clasicar,UF1,3701,ODT1-048,20219,20219,CAMPO,21,m3,420,1,1,420,,xls-3478
2026-07-14,33,DRENAJES Y ESTRUCTURAS,3701.06.04,DRENAJE TRANSVERSAL,Acero de refuerzo Fy=420 Mpa.,UF1,3701,ODT1-057,21386,21386,CAMPO,21,kg,280,1,1,280,,xls-3479
2026-07-14,38,DRENAJES Y ESTRUCTURAS,3701.06.09,DRENAJE TRANSVERSAL,"Concreto clase  28 MPA (encoles, descoles, box, sumideros)",UF1,3701,ODT1-057,21386,21386,CAMPO,21,m3,7.3,1,1,7.3,,xls-3480
2026-07-14,110,DRENAJES Y ESTRUCTURAS,3702.06.09,DRENAJE TRANSVERSAL,"Concreto clase  28 MPA (encoles, descoles, box, sumideros)",UF2,3702,ODT2-016,35096,35096,CAMPO,21,m3,3.5,1,1,3.5,,xls-3481
2026-07-14,110,DRENAJES Y ESTRUCTURAS,3702.06.09,DRENAJE TRANSVERSAL,"Concreto clase  28 MPA (encoles, descoles, box, sumideros)",UF2,3702,ODT2-023,35589,35589,CAMPO,21,m3,4.5,1,1,4.5,,xls-3482
2026-07-15,30,DRENAJES Y ESTRUCTURAS,3701.06.01,DRENAJE TRANSVERSAL,Excavaciones varias sin clasicar,UF1,3701,ODT1-048,20219,20219,CAMPO,21,m3,504,1,1,504,,xls-3483
2026-07-15,31,DRENAJES Y ESTRUCTURAS,3701.06.02,DRENAJE TRANSVERSAL,Rellenos con material seleccionado,UF1,3701,ODT1-048,20219,20219,CAMPO,21,m3,59,1,1,59,,xls-3484
2026-07-15,2,DRENAJES Y ESTRUCTURAS,3701.01.02,DEMOLICIONES Y REUBICACIONES,Demolición de Estructuras,UF1,3701,ODT1-057,21386,21386,CAMPO,21,m3,0.4,1,1,0.4,,xls-3485
2026-07-15,33,DRENAJES Y ESTRUCTURAS,3701.06.04,DRENAJE TRANSVERSAL,Acero de refuerzo Fy=420 Mpa.,UF1,3701,ODT1-057,21386,21386,CAMPO,21,kg,100,1,1,100,,xls-3486
2026-07-15,38,DRENAJES Y ESTRUCTURAS,3701.06.09,DRENAJE TRANSVERSAL,"Concreto clase  28 MPA (encoles, descoles, box, sumideros)",UF1,3701,ODT1-057,21386,21386,CAMPO,21,m3,11,1,1,11,,xls-3487
2026-07-15,31,DRENAJES Y ESTRUCTURAS,3701.06.02,DRENAJE TRANSVERSAL,Rellenos con material seleccionado,UF1,3701,ODT1-057,21386,21386,CAMPO,21,m3,238,1,1,238,,xls-3488
2026-07-15,33,DRENAJES Y ESTRUCTURAS,3701.06.04,DRENAJE TRANSVERSAL,Acero de refuerzo Fy=420 Mpa.,UF1,3701,ODT1-057,21386,21386,CAMPO,21,kg,50,1,1,50,,xls-3489
2026-07-15,37,DRENAJES Y ESTRUCTURAS,3701.06.08,DRENAJE TRANSVERSAL,"Concreto clase 21 MPA (atraques, cabezales)",UF1,3701,ODT1-073,25888,25888,CAMPO,21,m3,7,1,1,7,,xls-3490
2026-07-15,105,DRENAJES Y ESTRUCTURAS,3702.06.04,DRENAJE TRANSVERSAL,Acero de refuerzo Fy=420 Mpa.,UF2,3702,ODT2-018,35241,35241,CAMPO,21,kg,166.64,1,1,166.64,,xls-3491
2026-07-15,110,DRENAJES Y ESTRUCTURAS,3702.06.09,DRENAJE TRANSVERSAL,"Concreto clase  28 MPA (encoles, descoles, box, sumideros)",UF2,3702,ODT2-018,35241,35241,CAMPO,21,m3,4.5,1,1,4.5,,xls-3492
2026-07-16,30,DRENAJES Y ESTRUCTURAS,3701.06.01,DRENAJE TRANSVERSAL,Excavaciones varias sin clasicar,UF1,3701,ODT1-048,20219,20219,CAMPO,22,m3,150,1,1,150,,xls-3493
2026-07-16,36,DRENAJES Y ESTRUCTURAS,3701.06.07,DRENAJE TRANSVERSAL,"Concreto clase 14 MPA (solados, estructuras)",UF1,3701,ODT1-048,20219,20219,CAMPO,22,m3,11.5,1,1,11.5,,xls-3494
2026-07-16,30,DRENAJES Y ESTRUCTURAS,3701.06.01,DRENAJE TRANSVERSAL,Excavaciones varias sin clasicar,UF1,3701,ODT1-047,20108,20108,CAMPO,22,m3,75,1,1,75,,xls-3495
2026-07-16,38,DRENAJES Y ESTRUCTURAS,3701.06.09,DRENAJE TRANSVERSAL,"Concreto clase  28 MPA (encoles, descoles, box, sumideros)",UF1,3701,ODT1-057,21386,21386,CAMPO,22,m3,7,1,1,7,,xls-3496
2026-07-16,31,DRENAJES Y ESTRUCTURAS,3701.06.02,DRENAJE TRANSVERSAL,Rellenos con material seleccionado,UF1,3701,ODT1-057,21386,21386,CAMPO,22,m3,140,1,1,140,,xls-3497
2026-07-16,37,DRENAJES Y ESTRUCTURAS,3701.06.08,DRENAJE TRANSVERSAL,"Concreto clase 21 MPA (atraques, cabezales)",UF1,3701,ODT1-072,25803,25803,CAMPO,22,m3,12,1,1,12,,xls-3498
2026-07-16,105,DRENAJES Y ESTRUCTURAS,3702.06.04,DRENAJE TRANSVERSAL,Acero de refuerzo Fy=420 Mpa.,UF2,3702,ODT2-018,35241,35241,CAMPO,22,kg,322.23,1,1,322.23,,xls-3499
2026-07-16,102,DRENAJES Y ESTRUCTURAS,3702.06.01,DRENAJE TRANSVERSAL,Excavaciones varias sin clasicar,UF2,3702,ODT2-018,35241,35241,CAMPO,22,m3,2,1,1,2,,xls-3500
2026-07-17,30,DRENAJES Y ESTRUCTURAS,3701.06.01,DRENAJE TRANSVERSAL,Excavaciones varias sin clasicar,UF1,3701,ODT1-047,20108,20108,CAMPO,22,m3,75,1,1,75,,xls-3501
2026-07-17,38,DRENAJES Y ESTRUCTURAS,3701.06.09,DRENAJE TRANSVERSAL,"Concreto clase  28 MPA (encoles, descoles, box, sumideros)",UF1,3701,ODT1-057,21386,21386,CAMPO,22,m3,11,1,1,11,,xls-3502
2026-07-17,33,DRENAJES Y ESTRUCTURAS,3701.06.04,DRENAJE TRANSVERSAL,Acero de refuerzo Fy=420 Mpa.,UF1,3701,ODT1-057,21386,21386,CAMPO,22,kg,100,1,1,100,,xls-3503
2026-07-17,105,DRENAJES Y ESTRUCTURAS,3702.06.04,DRENAJE TRANSVERSAL,Acero de refuerzo Fy=420 Mpa.,UF2,3702,ODT2-018,35241,35241,CAMPO,22,kg,149.1,1,1,149.1,,xls-3504
2026-07-17,102,DRENAJES Y ESTRUCTURAS,3702.06.01,DRENAJE TRANSVERSAL,Excavaciones varias sin clasicar,UF2,3702,ODT2-018,35241,35241,CAMPO,22,m3,1.5,1,1,1.5,,xls-3505
2026-07-17,74,DRENAJES Y ESTRUCTURAS,3702.01.02,DEMOLICIONES Y REUBICACIONES,Demolición de Estructuras,UF2,3702,ODT2-018,35241,35241,CAMPO,22,m3,0.2,1,1,0.2,,xls-3506
2026-07-17,110,DRENAJES Y ESTRUCTURAS,3702.06.09,DRENAJE TRANSVERSAL,"Concreto clase  28 MPA (encoles, descoles, box, sumideros)",UF2,3702,ODT2-018,35241,35241,CAMPO,22,m3,3.5,1,1,3.5,,xls-3507
2026-07-17,38,DRENAJES Y ESTRUCTURAS,3701.06.09,DRENAJE TRANSVERSAL,"Concreto clase  28 MPA (encoles, descoles, box, sumideros)",UF1,3701,ODT1-019,13849,13849,CAMPO,22,m3,7,1,1,7,,xls-3508
2026-07-17,102,DRENAJES Y ESTRUCTURAS,3702.06.01,DRENAJE TRANSVERSAL,Excavaciones varias sin clasicar,UF2,3702,ODT2-041,38344,38344,CAMPO,22,m3,5,1,1,5,,xls-3509
2026-07-18,36,DRENAJES Y ESTRUCTURAS,3701.06.07,DRENAJE TRANSVERSAL,"Concreto clase 14 MPA (solados, estructuras)",UF1,3701,ODT1-047,20108,20108,CAMPO,22,m3,7.5,1,1,7.5,,xls-3510
2026-07-18,105,DRENAJES Y ESTRUCTURAS,3702.06.04,DRENAJE TRANSVERSAL,Acero de refuerzo Fy=420 Mpa.,UF2,3702,ODT2-018,35241,35241,CAMPO,22,kg,79.52,1,1,79.52,,xls-3511
2026-07-18,102,DRENAJES Y ESTRUCTURAS,3702.06.01,DRENAJE TRANSVERSAL,Excavaciones varias sin clasicar,UF2,3702,ODT2-041,38344,38344,CAMPO,22,m3,30,1,1,30,,xls-3512
2026-07-18,108,DRENAJES Y ESTRUCTURAS,3702.06.07,DRENAJE TRANSVERSAL,"Concreto clase 14 MPA (solados, estructuras)",UF2,3702,ODT2-041,38344,38344,CAMPO,22,m3,5,1,1,5,,xls-3513
2026-07-21,30,DRENAJES Y ESTRUCTURAS,3701.06.01,DRENAJE TRANSVERSAL,Excavaciones varias sin clasicar,UF1,3701,ODT1-048,20219,20219,CAMPO,22,m3,2,1,1,2,,xls-3514
2026-07-21,38,DRENAJES Y ESTRUCTURAS,3701.06.09,DRENAJE TRANSVERSAL,"Concreto clase  28 MPA (encoles, descoles, box, sumideros)",UF1,3701,ODT1-057,21386,21386,CAMPO,22,m3,8,1,1,8,,xls-3515
2026-07-21,31,DRENAJES Y ESTRUCTURAS,3701.06.02,DRENAJE TRANSVERSAL,Rellenos con material seleccionado,UF1,3701,ODT1-057,21386,21386,CAMPO,22,m3,42,1,1,42,,xls-3516
2026-07-21,33,DRENAJES Y ESTRUCTURAS,3701.06.04,DRENAJE TRANSVERSAL,Acero de refuerzo Fy=420 Mpa.,UF1,3701,ODT1-057,21386,21386,CAMPO,22,kg,200,1,1,200,,xls-3517
2026-07-21,37,DRENAJES Y ESTRUCTURAS,3701.06.08,DRENAJE TRANSVERSAL,"Concreto clase 21 MPA (atraques, cabezales)",UF1,3701,ODT1-071,25699,25699,CAMPO,22,m3,14,1,1,14,,xls-3518
2026-07-21,105,DRENAJES Y ESTRUCTURAS,3702.06.04,DRENAJE TRANSVERSAL,Acero de refuerzo Fy=420 Mpa.,UF2,3702,ODT2-018,35241,35241,CAMPO,22,kg,190.84,1,1,190.84,,xls-3519
2026-07-16,10,TIERRAS,3701.02.05,EXPLANACIONES,Excavaciones en material común NO APROVECHABLE,UF1,3701,tm2 pk 19+000 - 20+875,19000,20875,CAMPO,22,m3,238,1,1.3,183.07692307692307,,xls-3520
2026-07-16,14,TIERRAS,3701.02.08,EXPLANACIONES,Conformación y disposición de sobrantes (incluye obras de adecuación),UF1,3701,RCD 15+800,15800,15800,CAMPO,22,m3,238,1,1.3,183.07692307692307,,xls-3521
2026-07-16,10,TIERRAS,3701.02.05,EXPLANACIONES,Excavaciones en material común NO APROVECHABLE,UF1,3701,tm2 pk 25+530 - 26+612,25530,26612,CAMPO,22,m3,130,1,1.3,100,,xls-3522
2026-07-16,86,TIERRAS,3702.02.08,EXPLANACIONES,Conformación y disposición de sobrantes (incluye obras de adecuación),UF2,3702,ZODME PK30,30000,30000,CAMPO,22,m3,130,1,1.3,100,,xls-3523
2026-07-16,10,TIERRAS,3701.02.05,EXPLANACIONES,Excavaciones en material común APROVECHABLE,UF1,3701,tm2 pk 19+000 - 20+875,19000,20875,CAMPO,22,m3,194.32,1,1.3,149.47692307692307,,xls-3524
2026-07-16,85,TIERRAS,3702.02.07,EXPLANACIONES,Terraplenes (solo conformación),UF2,3702,tm2 pk 39+200 - 39+560,39200,39560,CAMPO,22,m3,194.32,1,1.3,149.47692307692307,,xls-3525
2026-07-16,10,TIERRAS,3701.02.05,EXPLANACIONES,Excavaciones en material común APROVECHABLE,UF1,3701,tm2 pk 19+000 - 20+875,19000,20875,CAMPO,22,m3,1513.77,1,1.3,1164.4384615384615,,xls-3526
2026-07-16,10,TIERRAS,3701.02.05,EXPLANACIONES,Excavaciones en material común NO APROVECHABLE,UF1,3701,tm2 pk 19+000 - 20+875,19000,20875,CAMPO,22,m3,28,1,1.3,21.538461538461537,,xls-3527
2026-07-16,14,TIERRAS,3701.02.08,EXPLANACIONES,Conformación y disposición de sobrantes (incluye obras de adecuación),UF1,3701,RCD 15+800,15800,15800,CAMPO,22,m3,28,1,1.3,21.538461538461537,,xls-3528
2026-07-16,85,TIERRAS,3702.02.07,EXPLANACIONES,Terraplenes (solo conformación),UF2,3702,tm2 pk 39+200 - 39+560,39200,39560,CAMPO,22,m3,883.769999999999,1,1.3,679.8230769230761,,xls-3529
2026-07-16,13,TIERRAS,3701.02.07,EXPLANACIONES,Terraplenes (solo conformación),UF1,3701,tm2 pk 20+875 - 22+650,20875,22650,CAMPO,22,m3,210,1,1.3,161.53846153846152,,xls-3530
2026-07-16,13,TIERRAS,3701.02.07,EXPLANACIONES,Terraplenes (solo conformación),UF1,3701,tm2 pk 19+000 - 20+875,19000,20875,CAMPO,22,m3,182,1,1.3,140,,xls-3531
2026-07-16,10,TIERRAS,3701.02.05,EXPLANACIONES,Excavaciones en material común APROVECHABLE,UF1,3701,tm2 pk 14+225 - 14+635,14225,14635,CAMPO,22,m3,238,1,1.3,183.07692307692307,,xls-3532
2026-07-16,13,TIERRAS,3701.02.07,EXPLANACIONES,Terraplenes (solo conformación),UF1,3701,tm2 pk 14+225 - 14+635,14225,14635,CAMPO,22,m3,238,1,1.3,183.07692307692307,,xls-3533
2026-07-16,19,TIERRAS,3701.03.03,"BASES, SUBBASES Y AFIRMADOS",Base granular estabilizada con cemento (No incluye cemento),UF1,3701,tm2 pk 20+875 - 22+650,20875,22650,CAMPO,22,m3,661.35,1,1.3,508.7307692307692,,xls-3534
2026-07-16,18,TIERRAS,3701.03.01,"BASES, SUBBASES Y AFIRMADOS",Subbase Granular,UF1,3701,tm2 pk 19+000 - 20+875,19000,20875,CAMPO,22,m3,262.8,1,1.3,202.15384615384616,,xls-3535
2026-07-17,149,TIERRAS,3701.05.04,ESTRUCTURAS,Relleno para muros de tierra MSR,UF1,3701,MSR 14+300,14300,14500,CAMPO,22,M3,238,1,1.3,183.07692307692307,,xls-3536
2026-07-17,156,TIERRAS,3701.05.11,ESTRUCTURAS,Geobolsas de geotextil (propybag) MSR,UF1,3701,MSR 14+300,14300,14500,CAMPO,22,UND,80,1,1,80,,xls-3537
2026-07-17,152,TIERRAS,3701.05.07,ESTRUCTURAS,Geomalla tejida uniaxial de 115 kn/m (método md),UF1,3701,MSR 14+300,14300,14500,CAMPO,22,M2,141,1,1,141,,xls-3538
2026-07-17,153,TIERRAS,3701.05.08,ESTRUCTURAS,Geotextil tejido uniaxial de 1480 n (método grab md),UF1,3701,MSR 14+300,14300,14500,CAMPO,22,M2,13,1,1,13,,xls-3539
2026-07-17,10,TIERRAS,3701.02.05,EXPLANACIONES,Excavaciones en material común APROVECHABLE,UF1,3701,tm2 pk 14+225 - 14+635,14225,14635,CAMPO,22,m3,939.77,1,1.3,722.9,,xls-3540
2026-07-17,13,TIERRAS,3701.02.07,EXPLANACIONES,Terraplenes (solo conformación),UF1,3701,tm2 pk 14+225 - 14+635,14225,14635,CAMPO,22,m3,196,1,1.3,150.76923076923077,,xls-3541
2026-07-17,85,TIERRAS,3702.02.07,EXPLANACIONES,Terraplenes (solo conformación),UF2,3702,tm2 pk 39+200 - 39+560,39200,39560,CAMPO,22,m3,494.72,1,1.3,380.55384615384617,,xls-3542
2026-07-17,10,TIERRAS,3701.02.05,EXPLANACIONES,Excavaciones en material común NO APROVECHABLE,UF1,3701,tm2 pk 19+000 - 20+875,19000,20875,CAMPO,22,m3,588,1,1.3,452.30769230769226,,xls-3543
2026-07-17,14,TIERRAS,3701.02.08,EXPLANACIONES,Conformación y disposición de sobrantes (incluye obras de adecuación),UF1,3701,RCD 15+800,15800,15800,CAMPO,22,m3,588,1,1.3,452.30769230769226,,xls-3544
2026-07-17,19,TIERRAS,3701.03.03,"BASES, SUBBASES Y AFIRMADOS",Base granular estabilizada con cemento (No incluye cemento),UF1,3701,tm2 pk 20+875 - 22+650,20875,22650,CAMPO,22,m3,284.558,1,1.3,218.89076923076922,,xls-3545
2026-07-17,10,TIERRAS,3701.02.05,EXPLANACIONES,Excavaciones en material común APROVECHABLE,UF1,3701,tm2 pk 19+000 - 20+875,19000,20875,CAMPO,22,m3,1424.2,1,1.3,1095.5384615384614,,xls-3546
2026-07-17,85,TIERRAS,3702.02.07,EXPLANACIONES,Terraplenes (solo conformación),UF2,3702,tm2 pk 39+200 - 39+560,39200,39560,CAMPO,22,m3,1096.72,1,1.3,843.6307692307693,,xls-3547
2026-07-18,149,TIERRAS,3701.05.04,ESTRUCTURAS,Relleno para muros de tierra MSR,UF1,3701,MSR 14+300,14300,14500,CAMPO,22,M3,70,1,1.3,,,xls-3548
2026-07-18,18,TIERRAS,3701.03.01,"BASES, SUBBASES Y AFIRMADOS",Subbase Granular,UF1,3701,tm2 pk 25+530 - 26+612,25530,26612,CAMPO,22,m3,952.69,1,1.3,732.8384615384615,,xls-3549
2026-07-18,10,TIERRAS,3701.02.05,EXPLANACIONES,Excavaciones en material común APROVECHABLE,UF1,3701,tm2 pk 25+530 - 26+612,25530,26612,CAMPO,22,m3,196,1,1.3,150.76923076923077,,xls-3550
2026-07-18,10,TIERRAS,3701.02.05,EXPLANACIONES,Excavaciones en material común APROVECHABLE,UF1,3701,tm2 pk 14+225 - 14+635,14225,14635,CAMPO,22,m3,757.8,1,1.3,582.9230769230769,,xls-3551
2026-07-18,13,TIERRAS,3701.02.07,EXPLANACIONES,Terraplenes (solo conformación),UF1,3701,tm2 pk 14+225 - 14+635,14225,14635,CAMPO,22,m3,98,1,1.3,75.38461538461539,,xls-3552
2026-07-18,19,TIERRAS,3701.03.03,"BASES, SUBBASES Y AFIRMADOS",Base granular estabilizada con cemento (No incluye cemento),UF1,3701,tm2 pk 19+000 - 20+875,19000,20875,CAMPO,22,m3,661.712,1,1.3,509.0092307692307,,xls-3553
2026-07-18,10,TIERRAS,3701.02.05,EXPLANACIONES,Excavaciones en material común APROVECHABLE,UF1,3701,tm2 pk 19+000 - 20+875,19000,20875,CAMPO,22,m3,547.17,1,1.3,420.9,,xls-3554
2026-07-18,85,TIERRAS,3702.02.07,EXPLANACIONES,Terraplenes (solo conformación),UF2,3702,tm2 pk 39+200 - 39+560,39200,39560,CAMPO,22,m3,439.3,1,1.3,337.9230769230769,,xls-3555
2026-07-18,85,TIERRAS,3702.02.07,EXPLANACIONES,Terraplenes (solo conformación),UF2,3702,tm2 pk 36+555 - 37+080,36555,37080,CAMPO,22,m3,303.87,1,1.3,233.74615384615385,,xls-3556
2026-07-18,149,TIERRAS,3701.05.04,ESTRUCTURAS,Relleno para muros de tierra MSR,UF1,3701,MSR 14+300,14300,14500,CAMPO,22,M3,266,1,1.3,204.6153846153846,,xls-3557
2026-07-18,156,TIERRAS,3701.05.11,ESTRUCTURAS,Geobolsas de geotextil (propybag) MSR,UF1,3701,MSR 14+300,14300,14500,CAMPO,22,UND,320,1,1,320,,xls-3558
2026-07-18,153,TIERRAS,3701.05.08,ESTRUCTURAS,Geotextil tejido uniaxial de 1480 n (método grab md),UF1,3701,MSR 14+300,14300,14500,CAMPO,22,M2,130,1,1,130,,xls-3559
2026-07-21,18,TIERRAS,3701.03.01,"BASES, SUBBASES Y AFIRMADOS",Subbase Granular,UF1,3701,tm2 pk 25+530 - 26+612,25530,26612,CAMPO,22,m3,519.46,1,1.3,399.5846153846154,,xls-3560
2026-07-21,19,TIERRAS,3701.03.03,"BASES, SUBBASES Y AFIRMADOS",Base granular estabilizada con cemento (No incluye cemento),UF1,3701,tm2 pk 19+000 - 20+875,19000,20875,CAMPO,22,m3,281.01,1,1.3,216.16153846153844,738.29,xls-3561
2026-07-21,151,TIERRAS,3701.05.06,ESTRUCTURAS,Geomalla tejida uniaxial de 55 kn/m (método md),UF1,3701,MSR 14+300,14300,14500,CAMPO,22,M2,176,1,1,176,,xls-3562
2026-07-22,10,TIERRAS,3701.02.05,EXPLANACIONES,Excavaciones en material común APROVECHABLE,UF1,3701,tm2 pk 25+530 - 26+612,25530,26612,CAMPO,22,m3,210.88,1,1.3,162.2153846153846,,xls-3563
2026-07-22,10,TIERRAS,3701.02.05,EXPLANACIONES,Excavaciones en material común NO APROVECHABLE,UF1,3701,tm2 pk 25+530 - 26+612,25530,26612,CAMPO,22,m3,14,1,1.3,10.769230769230768,,xls-3564
2026-07-22,14,TIERRAS,3701.02.08,EXPLANACIONES,Conformación y disposición de sobrantes (incluye obras de adecuación),UF1,3701,RCD 15+800,15800,15800,CAMPO,22,m3,14,1,1.3,10.769230769230768,,xls-3565
2026-07-22,85,TIERRAS,3702.02.07,EXPLANACIONES,Terraplenes (solo conformación),UF2,3702,tm2 pk 34+445 - 35+700,34445,35700,CAMPO,22,m3,210.88,1,1.3,162.2153846153846,,xls-3566
2026-07-22,10,TIERRAS,3701.02.05,EXPLANACIONES,Excavaciones en material común APROVECHABLE,UF1,3701,tm2 pk 14+225 - 14+635,14225,14635,CAMPO,22,m3,1266.71,1,1.3,974.3923076923077,,xls-3567
2026-07-22,85,TIERRAS,3702.02.07,EXPLANACIONES,Terraplenes (solo conformación),UF2,3702,tm2 pk 34+445 - 35+700,34445,35700,CAMPO,22,m3,383.51,1,1.3,295.0076923076923,,xls-3568
2026-07-22,13,TIERRAS,3701.02.07,EXPLANACIONES,Terraplenes (solo conformación),UF1,3701,tm2 pk 14+225 - 14+635,14225,14635,CAMPO,22,m3,336,1,1.3,258.46153846153845,,xls-3569
2026-07-22,85,TIERRAS,3702.02.07,EXPLANACIONES,Terraplenes (solo conformación),UF2,3702,tm2 pk 37+130 - 37+655,37130,37655,CAMPO,22,m3,28,1,1.3,21.538461538461537,,xls-3570
2026-07-22,8,TIERRAS,3701.02.03,EXPLANACIONES,Desmonte y limpieza en zonas no boscosas,UF1,3701,tm2 pk 19+000 - 20+875,19000,20875,CAMPO,22,Ha,0.021,1,1.3,0.016153846153846154,,xls-3571
2026-07-22,10,TIERRAS,3701.02.05,EXPLANACIONES,Excavaciones en material común NO APROVECHABLE,UF1,3701,tm2 pk 19+000 - 20+875,19000,20875,CAMPO,22,m3,42,1,1.3,32.30769230769231,,xls-3572
2026-07-22,14,TIERRAS,3701.02.08,EXPLANACIONES,Conformación y disposición de sobrantes (incluye obras de adecuación),UF1,3701,RCD 15+800,15800,15800,CAMPO,22,m3,42,1,1.3,32.30769230769231,,xls-3573
2026-07-22,10,TIERRAS,3701.02.05,EXPLANACIONES,Excavaciones en material común APROVECHABLE,UF1,3701,tm2 pk 19+000 - 20+875,19000,20875,CAMPO,22,m3,1365.61,1,1.3,1050.4692307692308,,xls-3574
2026-07-22,85,TIERRAS,3702.02.07,EXPLANACIONES,Terraplenes (solo conformación),UF2,3702,tm2 pk 37+130 - 37+655,37130,37655,CAMPO,22,m3,1225.61,1,1.3,942.7769230769229,,xls-3575
2026-07-22,13,TIERRAS,3701.02.07,EXPLANACIONES,Terraplenes (solo conformación),UF1,3701,tm2 pk 25+530 - 26+612,25530,26612,CAMPO,22,m3,140,1,1.3,107.6923076923077,,xls-3576
2026-07-22,18,TIERRAS,3701.03.01,"BASES, SUBBASES Y AFIRMADOS",Subbase Granular,UF1,3701,tm2 pk 25+530 - 26+612,25530,26612,CAMPO,22,m3,258.7,1,1.3,198.99999999999997,,xls-3577
2026-07-22,19,TIERRAS,3701.03.03,"BASES, SUBBASES Y AFIRMADOS",Base granular estabilizada con cemento (No incluye cemento),UF1,3701,tm2 pk 25+530 - 26+612,25530,26612,CAMPO,22,m3,403.02,1,1.3,310.0153846153846,,xls-3578
2026-07-22,23,PAVIMENTOS,3701.04.01,PAVIMENTOS ASFALTICOS,Riego de imprimación con emulsión asfáltica,UF1,3701,tm2 pk 19+000 - 20+875,19000,20875,CAMPO,22,m2,4745,1,1,4745,,xls-3579
2026-07-22,149,TIERRAS,3701.05.04,ESTRUCTURAS,Relleno para muros de tierra MSR,UF1,3701,MSR 14+300,14300,14500,CAMPO,22,M3,140,1,1.3,107.6923076923077,,xls-3580
2026-07-22,34,DRENAJES Y ESTRUCTURAS,3701.06.05,DRENAJE TRANSVERSAL,Tubería de Concreto Reforzado de 900mm de diámetro interior (Tipo III),UF1,3701,ODT1-048,20219,20219,CAMPO,22,m,20,1,1,20,,xls-3581
2026-07-22,34,DRENAJES Y ESTRUCTURAS,3701.06.05,DRENAJE TRANSVERSAL,Tubería de Concreto Reforzado de 900mm de diámetro interior (Tipo III),UF1,3701,ODT1-043B,19362,19362,CAMPO,22,m,26,1,1,26,,xls-3582
2026-07-22,36,DRENAJES Y ESTRUCTURAS,3701.06.07,DRENAJE TRANSVERSAL,"Concreto clase 14 MPA (solados, estructuras)",UF1,3701,ODT1-043B,19362,19362,CAMPO,22,m3,4.5,1,1,4.5,,xls-3583
2026-07-22,31,DRENAJES Y ESTRUCTURAS,3701.06.02,DRENAJE TRANSVERSAL,Rellenos con material seleccionado,UF1,3701,ODT1-057,21386,21386,CAMPO,22,m3,60,1,1,60,,xls-3584
2026-07-22,37,DRENAJES Y ESTRUCTURAS,3701.06.08,DRENAJE TRANSVERSAL,"Concreto clase 21 MPA (atraques, cabezales)",UF1,3701,ODT1-071,25699,25699,CAMPO,22,m3,3,1,1,3,,xls-3585
2026-07-22,110,DRENAJES Y ESTRUCTURAS,3702.06.09,DRENAJE TRANSVERSAL,"Concreto clase  28 MPA (encoles, descoles, box, sumideros)",UF2,3702,ODT2-018,35241,35241,CAMPO,22,m3,4.5,1,1,4.5,,xls-3586
2026-07-22,105,DRENAJES Y ESTRUCTURAS,3702.06.04,DRENAJE TRANSVERSAL,Acero de refuerzo Fy=420 Mpa.,UF2,3702,ODT2-018,35241,35241,CAMPO,22,kg,160.32,1,1,160.32,,xls-3587
2026-07-22,105,DRENAJES Y ESTRUCTURAS,3702.06.04,DRENAJE TRANSVERSAL,Acero de refuerzo Fy=420 Mpa.,UF2,3702,ODT2-019,35423,35423,CAMPO,22,kg,212.71,1,1,212.71,,xls-3588
2026-07-22,102,DRENAJES Y ESTRUCTURAS,3702.06.01,DRENAJE TRANSVERSAL,Excavaciones varias sin clasicar,UF2,3702,ODT2-033,36702,36702,CAMPO,22,m3,1,1,1,1,,xls-3589
2026-07-22,102,DRENAJES Y ESTRUCTURAS,3702.06.01,DRENAJE TRANSVERSAL,Excavaciones varias sin clasicar,UF2,3702,ODT2-041,38344,38344,CAMPO,22,m3,45,1,1,45,,xls-3590
2026-07-23,19,TIERRAS,3701.03.03,"BASES, SUBBASES Y AFIRMADOS",Base granular estabilizada con cemento (No incluye cemento),UF1,3701,tm2 pk 25+530 - 26+612,25530,26612,CAMPO,22,m3,414.22,1,1.3,318.63076923076926,,xls-3591
2026-07-23,23,PAVIMENTOS,3701.04.01,PAVIMENTOS ASFALTICOS,Riego de imprimación con emulsión asfáltica,UF1,3701,tm2 pk 20+875 - 22+650,20875,22650,CAMPO,22,m2,7440,1,1,7440,,xls-3592
2026-07-24,10,TIERRAS,3701.02.05,EXPLANACIONES,Excavaciones en material común APROVECHABLE,UF1,3701,tm2 pk 14+225 - 14+635,14225,14635,CAMPO,22,m3,1003.56,1,1.3,771.9692307692306,,xls-3593
2026-07-24,85,TIERRAS,3702.02.07,EXPLANACIONES,Terraplenes (solo conformación),UF2,3702,tm2 pk 34+445 - 35+700,34445,35700,CAMPO,22,m3,574.14,1,1.3,441.6461538461538,,xls-3594
2026-07-24,13,TIERRAS,3701.02.07,EXPLANACIONES,Terraplenes (solo conformación),UF1,3701,tm2 pk 14+225 - 14+635,14225,14635,CAMPO,22,m3,28,1,1.3,21.538461538461537,,xls-3595
2026-07-24,85,TIERRAS,3702.02.07,EXPLANACIONES,Terraplenes (solo conformación),UF2,3702,tm2 pk 37+130 - 37+655,37130,37655,CAMPO,22,m3,84,1,1.3,64.61538461538461,,xls-3596
2026-07-24,10,TIERRAS,3701.02.05,EXPLANACIONES,Excavaciones en material común APROVECHABLE,UF1,3701,tm2 pk 19+000 - 20+875,19000,20875,CAMPO,22,m3,1577.92,1,1.3,1213.7846153846153,,xls-3597
2026-07-24,85,TIERRAS,3702.02.07,EXPLANACIONES,Terraplenes (solo conformación),UF2,3702,tm2 pk 37+130 - 37+655,37130,37655,CAMPO,22,m3,1577.92,1,1.3,1213.7846153846153,,xls-3598
2026-07-24,19,TIERRAS,3701.03.03,"BASES, SUBBASES Y AFIRMADOS",Base granular estabilizada con cemento (No incluye cemento),UF1,3701,tm2 pk 25+530 - 26+612,25530,26612,CAMPO,22,m3,319.74,1,1.3,245.95384615384614,,xls-3599
2026-07-23,36,DRENAJES Y ESTRUCTURAS,3701.06.07,DRENAJE TRANSVERSAL,"Concreto clase 14 MPA (solados, estructuras)",UF1,3701,ODT1-043A,19362,19362,CAMPO,22,m3,4,1,1,4,,xls-3600
2026-07-23,38,DRENAJES Y ESTRUCTURAS,3701.06.09,DRENAJE TRANSVERSAL,"Concreto clase  28 MPA (encoles, descoles, box, sumideros)",UF1,3701,ODT1-057,21386,21386,CAMPO,22,m3,10.7,1,1,10.7,,xls-3601
2026-07-23,33,DRENAJES Y ESTRUCTURAS,3701.06.04,DRENAJE TRANSVERSAL,Acero de refuerzo Fy=420 Mpa.,UF1,3701,ODT1-057,21386,21386,CAMPO,22,kg,50,1,1,50,,xls-3602
2026-07-23,2,DRENAJES Y ESTRUCTURAS,3701.01.02,DEMOLICIONES Y REUBICACIONES,Demolición de Estructuras,UF1,3701,ODT1-057,21386,21386,CAMPO,22,m3,0.4,1,1,0.4,,xls-3603
2026-07-23,102,DRENAJES Y ESTRUCTURAS,3702.06.01,DRENAJE TRANSVERSAL,Excavaciones varias sin clasicar,UF2,3702,ODT2-033,36702,36702,CAMPO,22,m3,20,1,1,20,,xls-3604
2026-07-23,108,DRENAJES Y ESTRUCTURAS,3702.06.07,DRENAJE TRANSVERSAL,"Concreto clase 14 MPA (solados, estructuras)",UF2,3702,ODT2-033,36702,36702,CAMPO,22,m3,0.7,1,1,0.7,,xls-3605
2026-07-23,102,DRENAJES Y ESTRUCTURAS,3702.06.01,DRENAJE TRANSVERSAL,Excavaciones varias sin clasicar,UF2,3702,ODT2-033,36702,36702,CAMPO,22,m3,22,1,1,22,,xls-3606
2026-07-23,108,DRENAJES Y ESTRUCTURAS,3702.06.07,DRENAJE TRANSVERSAL,"Concreto clase 14 MPA (solados, estructuras)",UF2,3702,ODT2-033,36702,36702,CAMPO,22,m3,1.3,1,1,1.3,,xls-3607
2026-07-23,102,DRENAJES Y ESTRUCTURAS,3702.06.01,DRENAJE TRANSVERSAL,Excavaciones varias sin clasicar,UF2,3702,ODT2-034,36817,36817,CAMPO,22,m3,20,1,1,20,,xls-3608
2026-07-23,102,DRENAJES Y ESTRUCTURAS,3702.06.01,DRENAJE TRANSVERSAL,Excavaciones varias sin clasicar,UF2,3702,ODT2-041,38344,38344,CAMPO,22,m3,80,1,1,80,,xls-3609
2026-07-23,103,DRENAJES Y ESTRUCTURAS,3702.06.02,DRENAJE TRANSVERSAL,Rellenos con material seleccionado,UF2,3702,ODT2-041,38344,38344,CAMPO,22,m3,60,1,1,60,,xls-3610
2026-07-23,108,DRENAJES Y ESTRUCTURAS,3702.06.07,DRENAJE TRANSVERSAL,"Concreto clase 14 MPA (solados, estructuras)",UF2,3702,ODT2-041,38344,38344,CAMPO,22,m3,8,1,1,8,,xls-3611
2026-07-24,37,DRENAJES Y ESTRUCTURAS,3701.06.08,DRENAJE TRANSVERSAL,"Concreto clase 21 MPA (atraques, cabezales)",UF1,3701,ODT1-048,20219,20219,CAMPO,22,m3,5,1,1,5,,xls-3612
2026-07-24,34,DRENAJES Y ESTRUCTURAS,3701.06.05,DRENAJE TRANSVERSAL,Tubería de Concreto Reforzado de 900mm de diámetro interior (Tipo III),UF1,3701,ODT1-048,20219,20219,CAMPO,22,m,14,1,1,14,,xls-3613
2026-07-24,2,DRENAJES Y ESTRUCTURAS,3701.01.02,DEMOLICIONES Y REUBICACIONES,Demolición de Estructuras,UF1,3701,ODT1-057,21386,21386,CAMPO,22,m3,0.3,1,1,0.3,,xls-3614
2026-07-24,110,DRENAJES Y ESTRUCTURAS,3702.06.09,DRENAJE TRANSVERSAL,"Concreto clase  28 MPA (encoles, descoles, box, sumideros)",UF2,3702,ODT2-018,35241,35241,CAMPO,22,m3,7,1,1,7,,xls-3615
2026-07-24,105,DRENAJES Y ESTRUCTURAS,3702.06.04,DRENAJE TRANSVERSAL,Acero de refuerzo Fy=420 Mpa.,UF2,3702,ODT2-019,35423,35423,CAMPO,22,kg,149.1,1,1,149.1,,xls-3616
2026-07-24,102,DRENAJES Y ESTRUCTURAS,3702.06.01,DRENAJE TRANSVERSAL,Excavaciones varias sin clasicar,UF2,3702,ODT2-034,36817,36817,CAMPO,22,m3,15,1,1,15,,xls-3617
2026-07-24,108,DRENAJES Y ESTRUCTURAS,3702.06.07,DRENAJE TRANSVERSAL,"Concreto clase 14 MPA (solados, estructuras)",UF2,3702,ODT2-034,36817,36817,CAMPO,22,m3,1,1,1,1,,xls-3618
2026-07-24,103,DRENAJES Y ESTRUCTURAS,3702.06.02,DRENAJE TRANSVERSAL,Rellenos con material seleccionado,UF2,3702,ODT2-034,36817,36817,CAMPO,22,m3,1,1,1,1,,xls-3619
2026-07-24,108,DRENAJES Y ESTRUCTURAS,3702.06.07,DRENAJE TRANSVERSAL,"Concreto clase 14 MPA (solados, estructuras)",UF2,3702,ODT2-034,36817,36817,CAMPO,22,m3,2,1,1,2,,xls-3620
2026-07-24,102,DRENAJES Y ESTRUCTURAS,3702.06.01,DRENAJE TRANSVERSAL,Excavaciones varias sin clasicar,UF2,3702,ODT2-036,37036,37036,CAMPO,22,m3,16,1,1,16,,xls-3621
2026-07-25,38,DRENAJES Y ESTRUCTURAS,3701.06.09,DRENAJE TRANSVERSAL,"Concreto clase  28 MPA (encoles, descoles, box, sumideros)",UF1,3701,ODT1-057,21386,21386,CAMPO,22,m3,9,1,1,9,,xls-3622
2026-07-25,102,DRENAJES Y ESTRUCTURAS,3702.06.01,DRENAJE TRANSVERSAL,Excavaciones varias sin clasicar,UF2,3702,ODT2-035,36992,36992,CAMPO,22,m3,20,1,1,20,,xls-3623
2026-07-25,103,DRENAJES Y ESTRUCTURAS,3702.06.02,DRENAJE TRANSVERSAL,Rellenos con material seleccionado,UF2,3702,ODT2-035,36992,36992,CAMPO,22,m3,30.48,1,1,30.48,,xls-3624
2026-07-25,108,DRENAJES Y ESTRUCTURAS,3702.06.07,DRENAJE TRANSVERSAL,"Concreto clase 14 MPA (solados, estructuras)",UF2,3702,ODT2-035,36992,36992,CAMPO,22,m3,1,1,1,1,,xls-3625
2026-07-25,102,DRENAJES Y ESTRUCTURAS,3702.06.01,DRENAJE TRANSVERSAL,Excavaciones varias sin clasicar,UF2,3702,ODT2-035,36992,36992,CAMPO,22,m3,22,1,1,22,,xls-3626
2026-07-25,103,DRENAJES Y ESTRUCTURAS,3702.06.02,DRENAJE TRANSVERSAL,Rellenos con material seleccionado,UF2,3702,ODT2-035,36992,36992,CAMPO,22,m3,32.49,1,1,32.49,,xls-3627
2026-07-25,108,DRENAJES Y ESTRUCTURAS,3702.06.07,DRENAJE TRANSVERSAL,"Concreto clase 14 MPA (solados, estructuras)",UF2,3702,ODT2-035,36992,36992,CAMPO,22,m3,1,1,1,1,,xls-3628
2026-07-25,102,DRENAJES Y ESTRUCTURAS,3702.06.01,DRENAJE TRANSVERSAL,Excavaciones varias sin clasicar,UF2,3702,ODT2-036,37036,37036,CAMPO,22,m3,17,1,1,17,,xls-3629
2026-07-25,108,DRENAJES Y ESTRUCTURAS,3702.06.07,DRENAJE TRANSVERSAL,"Concreto clase 14 MPA (solados, estructuras)",UF2,3702,ODT2-036,37036,37036,CAMPO,22,m3,1,1,1,1,,xls-3630
2026-07-25,108,DRENAJES Y ESTRUCTURAS,3702.06.07,DRENAJE TRANSVERSAL,"Concreto clase 14 MPA (solados, estructuras)",UF2,3702,ODT2-036,37036,37036,CAMPO,22,m3,1,1,1,1,,xls-3631
2026-07-25,105,DRENAJES Y ESTRUCTURAS,3702.06.04,DRENAJE TRANSVERSAL,Acero de refuerzo Fy=420 Mpa.,UF2,3702,ODT2-041,38344,38344,CAMPO,22,kg,25,1,1,25,,xls-3632
2026-07-25,149,TIERRAS,3701.05.04,ESTRUCTURAS,Relleno para muros de tierra MSR,UF1,3701,MSR 14+300,14300,14500,CAMPO,22,M3,28,1,1,28,,xls-3633
2026-07-25,156,TIERRAS,3701.05.11,ESTRUCTURAS,Geobolsas de geotextil (propybag) MSR,UF1,3701,MSR 14+300,14300,14500,CAMPO,22,UND,60,1,1,60,,xls-3634
2026-07-25,10,TIERRAS,3701.02.05,EXPLANACIONES,Excavaciones en material común APROVECHABLE,UF1,3701,tm2 pk 19+000 - 20+875,19000,20875,CAMPO,22,m3,1104.63,1,1.3,849.7153846153847,,xls-3635
2026-07-25,85,TIERRAS,3702.02.07,EXPLANACIONES,Terraplenes (solo conformación),UF2,3702,tm2 pk 34+445 - 35+700,34445,35700,CAMPO,22,m3,1104.63,1,1.3,849.7153846153847,,xls-3636
2026-07-25,23,PAVIMENTOS,3701.04.01,PAVIMENTOS ASFALTICOS,Riego de imprimación con emulsión asfáltica,UF1,3701,tm2 pk 25+530 - 26+612,25530,26612,CAMPO,22,m2,2400,1,1.3,1846.1538461538462,,xls-3637
2026-07-25,10,TIERRAS,3701.02.05,EXPLANACIONES,Excavaciones en material común APROVECHABLE,UF1,3701,tm2 pk 14+225 - 14+635,14225,14635,CAMPO,22,m3,940.92,1,1.3,723.7846153846153,,xls-3638
2026-07-25,13,TIERRAS,3701.02.07,EXPLANACIONES,Terraplenes (solo conformación),UF1,3701,tm2 pk 25+530 - 26+612,25530,26612,CAMPO,22,m3,378.059999999999,1,1.3,290.81538461538383,,xls-3639
2026-07-25,13,TIERRAS,3701.02.07,EXPLANACIONES,Terraplenes (solo conformación),UF1,3701,tm2 pk 14+225 - 14+635,14225,14635,CAMPO,22,m3,168,1,1.3,129.23076923076923,,xls-3640
2026-07-27,10,TIERRAS,3701.02.05,EXPLANACIONES,Excavaciones en material común APROVECHABLE,UF1,3701,tm2 pk 14+225 - 14+635,14225,14635,CAMPO,22,m3,480,1,1.3,369.2307692307692,,xls-3641
2026-07-27,13,TIERRAS,3701.02.07,EXPLANACIONES,Terraplenes (solo conformación),UF1,3701,tm2 pk 14+225 - 14+635,14225,14635,CAMPO,22,m3,420,1,1.3,323.07692307692304,,xls-3642
2026-07-27,10,TIERRAS,3701.02.05,EXPLANACIONES,Excavaciones en material común APROVECHABLE,UF1,3701,tm2 pk 19+000 - 20+875,19000,20875,CAMPO,22,m3,238,1,1.3,183.07692307692307,,xls-3643
2026-07-27,13,TIERRAS,3701.02.07,EXPLANACIONES,Terraplenes (solo conformación),UF1,3701,tm2 pk 14+225 - 14+635,14225,14635,CAMPO,22,m3,238,1,1.3,183.07692307692307,,xls-3644
2026-07-27,18,TIERRAS,3701.03.01,"BASES, SUBBASES Y AFIRMADOS",Subbase Granular,UF1,3701,tm2 pk 25+530 - 26+612,25530,26612,CAMPO,22,m3,683.1,1,1.3,525.4615384615385,,xls-3645
2026-07-27,23,PAVIMENTOS,3701.04.01,PAVIMENTOS ASFALTICOS,Riego de imprimación con emulsión asfáltica,UF1,3701,tm2 pk 25+530 - 26+612,25530,26612,CAMPO,22,m2,840,1,1,840,,xls-3646
2026-07-27,149,TIERRAS,3701.05.04,ESTRUCTURAS,Relleno para muros de tierra MSR,UF1,3701,MSR 14+300,14300,14500,CAMPO,22,M3,280,1,1,280,,xls-3647
2026-07-27,153,TIERRAS,3701.05.08,ESTRUCTURAS,Geotextil tejido uniaxial de 1480 n (método grab md),UF1,3701,MSR 14+300,14300,14500,CAMPO,22,M2,150,1,1,150,,xls-3648
2026-07-27,156,TIERRAS,3701.05.11,ESTRUCTURAS,Geobolsas de geotextil (propybag) MSR,UF1,3701,MSR 14+300,14300,14500,CAMPO,22,UND,360,1,1,360,,xls-3649
2026-07-27,151,TIERRAS,3701.05.06,ESTRUCTURAS,Geomalla tejida uniaxial de 55 kn/m (método md),UF1,3701,MSR 14+300,14300,14500,CAMPO,22,M2,105,1,1,105,,xls-3650
2026-07-28,10,TIERRAS,3701.02.05,EXPLANACIONES,Excavaciones en material común APROVECHABLE,UF1,3701,tm2 pk 14+225 - 14+635,14225,14635,CAMPO,22,m3,56,1,1.3,43.07692307692307,,xls-3651
2026-07-28,13,TIERRAS,3701.02.07,EXPLANACIONES,Terraplenes (solo conformación),UF1,3701,tm2 pk 25+530 - 26+612,25530,26612,CAMPO,22,m3,14,1,1.3,10.769230769230768,,xls-3652
2026-07-28,10,TIERRAS,3701.02.05,EXPLANACIONES,Excavaciones en material común APROVECHABLE,UF1,3701,tm2 pk 19+000 - 20+875,19000,20875,CAMPO,22,m3,833.8,1,1.3,641.3846153846154,,xls-3653
2026-07-28,85,TIERRAS,3702.02.07,EXPLANACIONES,Terraplenes (solo conformación),UF2,3702,tm2 pk 34+445 - 35+700,34445,35700,CAMPO,22,m3,245.82,1,1.3,189.09230769230768,,xls-3654
2026-07-28,85,TIERRAS,3702.02.07,EXPLANACIONES,Terraplenes (solo conformación),UF2,3702,tm2 pk 39+200 - 39+560,39200,39560,CAMPO,22,m3,260.26,1,1.3,200.2,,xls-3655
2026-07-28,85,TIERRAS,3702.02.07,EXPLANACIONES,Terraplenes (solo conformación),UF2,3702,tm2 pk 36+555 - 37+080,36555,37080,CAMPO,22,m3,327.72,1,1.3,252.0923076923077,,xls-3656
2026-07-28,10,TIERRAS,3701.02.05,EXPLANACIONES,Excavaciones en material común APROVECHABLE,UF1,3701,tm2 pk 19+000 - 20+875,19000,20875,CAMPO,22,m3,672,1,1.3,516.9230769230769,,xls-3657
2026-07-28,85,TIERRAS,3702.02.07,EXPLANACIONES,Terraplenes (solo conformación),UF2,3702,tm2 pk 39+200 - 39+560,39200,39560,CAMPO,22,m3,168,1,1.3,129.23076923076923,,xls-3658
2026-07-28,85,TIERRAS,3702.02.07,EXPLANACIONES,Terraplenes (solo conformación),UF2,3702,tm2 pk 34+445 - 35+700,34445,35700,CAMPO,22,m3,112,1,1.3,86.15384615384615,,xls-3659
2026-07-28,85,TIERRAS,3702.02.07,EXPLANACIONES,Terraplenes (solo conformación),UF2,3702,tm2 pk 36+555 - 37+080,36555,37080,CAMPO,22,m3,154,1,1.3,118.46153846153845,,xls-3660
2026-07-28,13,TIERRAS,3701.02.07,EXPLANACIONES,Terraplenes (solo conformación),UF1,3701,tm2 pk 25+530 - 26+612,25530,26612,CAMPO,22,m3,238,1,1.3,183.07692307692307,,xls-3661
2026-07-28,90,TIERRAS,3702.03.01,"BASES, SUBBASES Y AFIRMADOS",Subbase Granular,UF2,3702,tm2 pk 36+555 - 37+080,36555,37080,CAMPO,22,m3,559.76,1,1.3,430.58461538461535,,xls-3662
2026-07-28,18,TIERRAS,3701.03.01,"BASES, SUBBASES Y AFIRMADOS",Subbase Granular,UF1,3701,tm2 pk 25+530 - 26+612,25530,26612,CAMPO,22,m3,513.77,1,1.3,395.2076923076923,,xls-3663
2026-07-28,13,TIERRAS,3701.02.07,EXPLANACIONES,Terraplenes (solo conformación),UF1,3701,tm2 pk 25+530 - 26+612,25530,26612,CAMPO,22,m3,79.18,1,1.3,60.90769230769231,,xls-3664
2026-07-28,149,TIERRAS,3701.05.04,ESTRUCTURAS,Relleno para muros de tierra MSR,UF1,3701,MSR 14+300,14300,14500,CAMPO,22,M3,65,1,1,65,,xls-3665
2026-07-28,156,TIERRAS,3701.05.11,ESTRUCTURAS,Geobolsas de geotextil (propybag) MSR,UF1,3701,MSR 14+300,14300,14500,CAMPO,22,UND,300,1,1,300,,xls-3666
2026-07-27,37,DRENAJES Y ESTRUCTURAS,3701.06.08,DRENAJE TRANSVERSAL,"Concreto clase 21 MPA (atraques, cabezales)",UF1,3701,ODT1-043B,19362,19362,CAMPO,22,m3,4,1,1,4,,xls-3667
2026-07-27,37,DRENAJES Y ESTRUCTURAS,3701.06.08,DRENAJE TRANSVERSAL,"Concreto clase 21 MPA (atraques, cabezales)",UF1,3701,ODT1-048,20219,20219,CAMPO,22,m3,4.5,1,1,4.5,,xls-3668
2026-07-27,105,DRENAJES Y ESTRUCTURAS,3702.06.04,DRENAJE TRANSVERSAL,Acero de refuerzo Fy=420 Mpa.,UF2,3702,ODT2-041,38344,38344,CAMPO,22,kg,3500,1,1,3500,,xls-3669
2026-07-27,105,DRENAJES Y ESTRUCTURAS,3702.06.04,DRENAJE TRANSVERSAL,Acero de refuerzo Fy=420 Mpa.,UF2,3702,ODT2-018,35241,35241,CAMPO,22,kg,149.1,1,1,149.1,,xls-3670
2026-07-28,33,DRENAJES Y ESTRUCTURAS,3701.06.04,DRENAJE TRANSVERSAL,Acero de refuerzo Fy=420 Mpa.,UF1,3701,ODT1-057,21386,21386,CAMPO,22,kg,130,1,1,130,,xls-3671
2026-07-28,105,DRENAJES Y ESTRUCTURAS,3702.06.04,DRENAJE TRANSVERSAL,Acero de refuerzo Fy=420 Mpa.,UF2,3702,ODT2-041,38344,38344,CAMPO,22,kg,2300,1,1,2300,,xls-3672
2026-07-28,30,DRENAJES Y ESTRUCTURAS,3701.06.01,DRENAJE TRANSVERSAL,Excavaciones varias sin clasicar,UF1,3701,ODT1-048,20219,20219,CAMPO,22,m3,10,1,1,10,,xls-3673
2026-07-28,34,DRENAJES Y ESTRUCTURAS,3701.06.05,DRENAJE TRANSVERSAL,Tubería de Concreto Reforzado de 900mm de diámetro interior (Tipo III),UF1,3701,ODT1-048,20219,20219,CAMPO,22,m,7,1,1,7,,xls-3674
2026-07-28,30,DRENAJES Y ESTRUCTURAS,3701.06.01,DRENAJE TRANSVERSAL,Excavaciones varias sin clasicar,UF1,3701,ODT1-048,20219,20219,CAMPO,22,m3,110,1,1,110,,xls-3675
2026-07-28,105,DRENAJES Y ESTRUCTURAS,3702.06.04,DRENAJE TRANSVERSAL,Acero de refuerzo Fy=420 Mpa.,UF2,3702,ODT2-033,36702,36702,CAMPO,22,kg,345.9,1,1,345.9,,xls-3676
2026-07-28,105,DRENAJES Y ESTRUCTURAS,3702.06.04,DRENAJE TRANSVERSAL,Acero de refuerzo Fy=420 Mpa.,UF2,3702,ODT2-034,36817,36817,CAMPO,22,kg,298.2,1,1,298.2,,xls-3677
2026-07-28,105,DRENAJES Y ESTRUCTURAS,3702.06.04,DRENAJE TRANSVERSAL,Acero de refuerzo Fy=420 Mpa.,UF2,3702,ODT2-036,37036,37036,CAMPO,22,kg,298.2,1,1,298.2,,xls-3678
2026-07-28,36,DRENAJES Y ESTRUCTURAS,3701.06.07,DRENAJE TRANSVERSAL,"Concreto clase 14 MPA (solados, estructuras)",UF1,3701,ODT1-043A,19362,19362,CAMPO,22,m3,2,1,1,2,,xls-3679
2026-07-28,37,DRENAJES Y ESTRUCTURAS,3701.06.08,DRENAJE TRANSVERSAL,"Concreto clase 21 MPA (atraques, cabezales)",UF1,3701,ODT1-048,20219,20219,CAMPO,22,m3,6.5,1,1,6.5,,xls-3680
2026-07-29,37,DRENAJES Y ESTRUCTURAS,3701.06.08,DRENAJE TRANSVERSAL,"Concreto clase 21 MPA (atraques, cabezales)",UF1,3701,ODT1-043A,19362,19362,CAMPO,22,m3,3,1,1,3,,xls-3681
2026-07-29,38,DRENAJES Y ESTRUCTURAS,3701.06.09,DRENAJE TRANSVERSAL,"Concreto clase  28 MPA (encoles, descoles, box, sumideros)",UF1,3701,ODT1-057,21386,21386,CAMPO,22,m3,2.5,1,1,2.5,,xls-3682
2026-07-29,110,DRENAJES Y ESTRUCTURAS,3702.06.09,DRENAJE TRANSVERSAL,"Concreto clase  28 MPA (encoles, descoles, box, sumideros)",UF2,3702,ODT2-019,35423,35423,CAMPO,22,m3,5,1,1,5,,xls-3683
2026-07-29,110,DRENAJES Y ESTRUCTURAS,3702.06.09,DRENAJE TRANSVERSAL,"Concreto clase  28 MPA (encoles, descoles, box, sumideros)",UF2,3702,ODT2-033,36702,36702,CAMPO,22,m3,2,1,1,2,,xls-3684
2026-07-29,110,DRENAJES Y ESTRUCTURAS,3702.06.09,DRENAJE TRANSVERSAL,"Concreto clase  28 MPA (encoles, descoles, box, sumideros)",UF2,3702,ODT2-036,37036,37036,CAMPO,22,m3,4.5,1,1,4.5,,xls-3685
2026-07-29,34,DRENAJES Y ESTRUCTURAS,3701.06.05,DRENAJE TRANSVERSAL,Tubería de Concreto Reforzado de 900mm de diámetro interior (Tipo III),UF1,3701,ODT1-043A,19362,19362,CAMPO,22,m,27,1,1,27,,xls-3686
2026-07-29,34,DRENAJES Y ESTRUCTURAS,3701.06.05,DRENAJE TRANSVERSAL,Tubería de Concreto Reforzado de 900mm de diámetro interior (Tipo III),UF1,3701,ODT1-048,20219,20219,CAMPO,22,m,11,1,1,11,,xls-3687
2026-07-29,34,DRENAJES Y ESTRUCTURAS,3701.06.05,DRENAJE TRANSVERSAL,Tubería de Concreto Reforzado de 900mm de diámetro interior (Tipo III),UF1,3701,ODT1-047,20108,20108,CAMPO,22,m,15,1,1,15,,xls-3688
2026-07-29,10,TIERRAS,3701.02.05,EXPLANACIONES,Excavaciones en material común APROVECHABLE,UF1,3701,tm2 pk 19+000 - 20+875,19000,20875,CAMPO,22,m3,1296.4,1,1.3,997.2307692307693,,xls-3689
2026-07-29,85,TIERRAS,3702.02.07,EXPLANACIONES,Terraplenes (solo conformación),UF2,3702,tm2 pk 34+445 - 35+700,34445,35700,CAMPO,22,m3,135.98,1,1.3,104.6,,xls-3690
2026-07-29,85,TIERRAS,3702.02.07,EXPLANACIONES,Terraplenes (solo conformación),UF2,3702,tm2 pk 36+555 - 37+080,36555,37080,CAMPO,22,m3,344.63,1,1.3,265.09999999999997,,xls-3691
2026-07-29,85,TIERRAS,3702.02.07,EXPLANACIONES,Terraplenes (solo conformación),UF2,3702,tm2 pk 39+200 - 39+560,39200,39560,CAMPO,22,m3,393.11,1,1.3,302.39230769230767,,xls-3692
2026-07-29,13,TIERRAS,3701.02.07,EXPLANACIONES,Terraplenes (solo conformación),UF1,3701,tm2 pk 25+530 - 26+612,25530,26612,CAMPO,22,m3,406,1,1.3,312.3076923076923,,xls-3693
2026-07-29,90,TIERRAS,3702.03.01,"BASES, SUBBASES Y AFIRMADOS",Subbase Granular,UF2,3702,tm2 pk 36+555 - 37+080,36555,37080,CAMPO,22,m3,968.3100000000001,1,1.3,744.8538461538461,,xls-3694
2026-07-29,18,TIERRAS,3701.03.01,"BASES, SUBBASES Y AFIRMADOS",Subbase Granular,UF1,3701,tm2 pk 25+530 - 26+612,25530,26612,CAMPO,22,m3,416.83000000000004,1,1.3,320.63846153846157,,xls-3695
2026-07-29,10,TIERRAS,3701.02.05,EXPLANACIONES,Excavaciones en material común APROVECHABLE,UF1,3701,tm2 pk 14+225 - 14+635,14225,14635,CAMPO,22,m3,660.68,1,1.3,508.21538461538455,,xls-3696
2026-07-29,85,TIERRAS,3702.02.07,EXPLANACIONES,Terraplenes (solo conformación),UF2,3702,tm2 pk 38+064 - 38+864,38064,38864,CAMPO,22,m3,44.68,1,1.3,34.36923076923077,,xls-3697
2026-07-29,13,TIERRAS,3701.02.07,EXPLANACIONES,Terraplenes (solo conformación),UF1,3701,tm2 pk 25+530 - 26+612,25530,26612,CAMPO,22,m3,28,1,1.3,21.538461538461537,,xls-3698
2026-07-29,13,TIERRAS,3701.02.07,EXPLANACIONES,Terraplenes (solo conformación),UF1,3701,tm2 pk 14+225 - 14+635,14225,14635,CAMPO,22,m3,588,1,1.3,452.30769230769226,,xls-3699
2026-07-29,149,TIERRAS,3701.05.04,ESTRUCTURAS,Relleno para muros de tierra MSR,UF1,3701,MSR 14+300,14300,14500,CAMPO,22,M3,420,1,1,420,,xls-3700
2026-07-29,151,TIERRAS,3701.05.06,ESTRUCTURAS,Geomalla tejida uniaxial de 55 kn/m (método md),UF1,3701,MSR 14+300,14300,14500,CAMPO,22,M2,35.1,1,1,35.1,,xls-3701
2026-07-29,148,TIERRAS,3701.05.03,ESTRUCTURAS,"Tubería PVC d=4"" para drenaje perforada MSR",UF1,3701,MSR 14+300,14300,14500,CAMPO,22,M,11,1,1,11,,xls-3702
2026-07-29,150,TIERRAS,3701.05.05,ESTRUCTURAS,Material granular drenante MSR,UF1,3701,MSR 14+300,14300,14500,CAMPO,22,M3,28,1,1,28,,xls-3703
2026-07-29,153,TIERRAS,3701.05.08,ESTRUCTURAS,Geotextil tejido uniaxial de 1480 n (método grab md),UF1,3701,MSR 14+300,14300,14500,CAMPO,22,M2,175.5,1,1,175.5,,xls-3704
2026-07-30,37,DRENAJES Y ESTRUCTURAS,3701.06.08,DRENAJE TRANSVERSAL,"Concreto clase 21 MPA (atraques, cabezales)",UF1,3701,ODT1-044A,70,70,CAMPO,22,m3,3,1,1,3,,xls-3705
2026-07-30,110,DRENAJES Y ESTRUCTURAS,3702.06.09,DRENAJE TRANSVERSAL,"Concreto clase  28 MPA (encoles, descoles, box, sumideros)",UF2,3702,ODT2-033,36702,36702,CAMPO,22,m3,3.7,1,1,3.7,,xls-3706
2026-07-30,110,DRENAJES Y ESTRUCTURAS,3702.06.09,DRENAJE TRANSVERSAL,"Concreto clase  28 MPA (encoles, descoles, box, sumideros)",UF2,3702,ODT2-041,38344,38344,CAMPO,22,m3,31.5,1,1,31.5,,xls-3707
2026-07-30,33,DRENAJES Y ESTRUCTURAS,3701.06.04,DRENAJE TRANSVERSAL,Acero de refuerzo Fy=420 Mpa.,UF1,3701,ODT1-057,21386,21386,CAMPO,22,kg,50,1,1,50,,xls-3708
2026-07-30,105,DRENAJES Y ESTRUCTURAS,3702.06.04,DRENAJE TRANSVERSAL,Acero de refuerzo Fy=420 Mpa.,UF2,3702,ODT2-041,38344,38344,CAMPO,22,kg,300,1,1,300,,xls-3709
2026-07-30,30,DRENAJES Y ESTRUCTURAS,3701.06.01,DRENAJE TRANSVERSAL,Excavaciones varias sin clasicar,UF1,3701,ODT1-048,20219,20219,CAMPO,22,m3,20,1,1,20,,xls-3710
2026-07-30,34,DRENAJES Y ESTRUCTURAS,3701.06.05,DRENAJE TRANSVERSAL,Tubería de Concreto Reforzado de 900mm de diámetro interior (Tipo III),UF1,3701,ODT1-047,20108,20108,CAMPO,22,m,12,1,1,12,,xls-3711
2026-07-30,59,DRENAJES Y ESTRUCTURAS,3701.07.01,DRENAJE LONGITUDINAL,Excavaciones varias sin clasicar ODL,UF1,3701,tm2 pk 19+000 - 20+875,19000,20875,CAMPO,22,m3,30,0.5,1,15,,xls-3712
2026-07-30,10,TIERRAS,3701.02.05,EXPLANACIONES,Excavaciones en material común APROVECHABLE,UF1,3701,tm2 pk 19+000 - 20+875,19000,20875,CAMPO,22,m3,1052.99,1,1.3,809.9923076923077,,xls-3713
2026-07-30,10,TIERRAS,3701.02.05,EXPLANACIONES,Excavaciones en material común NO APROVECHABLE,UF1,3701,tm2 pk 19+000 - 20+875,19000,20875,CAMPO,22,m3,711.01,1,1.3,546.9307692307692,,xls-3714
2026-07-30,85,TIERRAS,3702.02.07,EXPLANACIONES,Terraplenes (solo conformación),UF2,3702,tm2 pk 36+555 - 37+080,36555,37080,CAMPO,22,m3,84,1,1.3,64.61538461538461,,xls-3715
2026-07-30,13,TIERRAS,3701.02.07,EXPLANACIONES,Terraplenes (solo conformación),UF1,3701,tm2 pk 14+225 - 14+635,14225,14635,CAMPO,22,m3,140,1,1.3,107.6923076923077,,xls-3716
2026-07-30,85,TIERRAS,3702.02.07,EXPLANACIONES,Terraplenes (solo conformación),UF2,3702,tm2 pk 39+200 - 39+560,39200,39560,CAMPO,22,m3,42,1,1.3,32.30769230769231,,xls-3717
2026-07-30,13,TIERRAS,3701.02.07,EXPLANACIONES,Terraplenes (solo conformación),UF1,3701,tm2 pk 25+530 - 26+612,25530,26612,CAMPO,22,m3,708.55,1,1.3,545.0384615384614,,xls-3718
2026-07-30,10,TIERRAS,3701.02.05,EXPLANACIONES,Excavaciones en material común APROVECHABLE,UF1,3701,tm2 pk 19+000 - 20+875,19000,20875,CAMPO,22,m3,1052.99,1,1.3,809.9923076923077,,xls-3719
2026-07-30,14,TIERRAS,3701.02.08,EXPLANACIONES,Conformación y disposición de sobrantes (incluye obras de adecuación),UF1,3701,RCD 15+800,15800,15800,CAMPO,22,m3,711.01,1,1.3,546.9307692307692,,xls-3720
2026-07-30,85,TIERRAS,3702.02.07,EXPLANACIONES,Terraplenes (solo conformación),UF2,3702,tm2 pk 36+555 - 37+080,36555,37080,CAMPO,22,m3,84,1,1.3,64.61538461538461,,xls-3721
2026-07-30,13,TIERRAS,3701.02.07,EXPLANACIONES,Terraplenes (solo conformación),UF1,3701,tm2 pk 14+225 - 14+635,14225,14635,CAMPO,22,m3,140,1,1.3,107.6923076923077,,xls-3722
2026-07-30,85,TIERRAS,3702.02.07,EXPLANACIONES,Terraplenes (solo conformación),UF2,3702,tm2 pk 39+200 - 39+560,39200,39560,CAMPO,22,m3,42,1,1.3,32.30769230769231,,xls-3723
2026-07-30,13,TIERRAS,3701.02.07,EXPLANACIONES,Terraplenes (solo conformación),UF1,3701,tm2 pk 25+530 - 26+612,25530,26612,CAMPO,22,m3,708.55,1,1.3,545.0384615384614,,xls-3724
2026-07-30,149,TIERRAS,3701.05.04,ESTRUCTURAS,Relleno para muros de tierra MSR,UF1,3701,MSR 14+300,14300,14500,CAMPO,22,M3,42,1,1,42,,xls-3725
2026-07-30,156,TIERRAS,3701.05.11,ESTRUCTURAS,Geobolsas de geotextil (propybag) MSR,UF1,3701,MSR 14+300,14300,14500,CAMPO,22,UND,200,1,1,200,,xls-3726
2026-07-30,155,TIERRAS,3701.05.10,ESTRUCTURAS,Geodrén planar h=1 m MSR,UF1,3701,MSR 14+300,14300,14500,CAMPO,22,M,50,1,1,50,,xls-3727
2026-07-31,10,TIERRAS,3701.02.05,EXPLANACIONES,Excavaciones en material común NO APROVECHABLE,UF1,3701,tm2 pk 14+225 - 14+635,14225,14635,CAMPO,22,m3,728.22,1,1.3,560.1692307692308,,xls-3728
2026-07-31,14,TIERRAS,3701.02.08,EXPLANACIONES,Conformación y disposición de sobrantes (incluye obras de adecuación),UF1,3701,RCD 15+800,15800,15800,CAMPO,22,m3,728.22,1,1.3,560.1692307692308,,xls-3729
2026-07-31,10,TIERRAS,3701.02.05,EXPLANACIONES,Excavaciones en material común NO APROVECHABLE,UF1,3701,tm2 pk 20+875 - 22+650,20875,22650,CAMPO,22,m3,548.099999999999,1,1.3,421.61538461538385,cargue para paisajismo,xls-3730
2026-07-31,14,TIERRAS,3701.02.08,EXPLANACIONES,Conformación y disposición de sobrantes (incluye obras de adecuación),UF1,3701,RCD 15+800,15800,15800,CAMPO,22,m3,548.099999999999,1,1.3,421.61538461538385,,xls-3731
2026-07-31,10,TIERRAS,3701.02.05,EXPLANACIONES,Excavaciones en material común APROVECHABLE,UF1,3701,tm2 pk 19+000 - 20+875,19000,20875,CAMPO,22,m3,739.31,1,1.3,568.6999999999999,,xls-3732
2026-07-31,10,TIERRAS,3701.02.05,EXPLANACIONES,Excavaciones en material común NO APROVECHABLE,UF1,3701,tm2 pk 19+000 - 20+875,19000,20875,CAMPO,22,m3,498.49,1,1.3,383.45384615384614,,xls-3733
2026-07-31,14,TIERRAS,3701.02.08,EXPLANACIONES,Conformación y disposición de sobrantes (incluye obras de adecuación),UF1,3701,RCD 15+800,15800,15800,CAMPO,22,m3,498.49,1,1.3,383.45384615384614,,xls-3734
2026-07-31,13,TIERRAS,3701.02.07,EXPLANACIONES,Terraplenes (solo conformación),UF1,3701,tm2 pk 25+530 - 26+612,25530,26612,CAMPO,22,m3,709.199999999999,1,1.3,545.5384615384608,,xls-3735
2026-07-31,85,TIERRAS,3702.02.07,EXPLANACIONES,Terraplenes (solo conformación),UF2,3702,tm2 pk 39+200 - 39+560,39200,39560,CAMPO,22,m3,14,1,1.3,10.769230769230768,,xls-3736
2026-07-31,90,TIERRAS,3702.03.01,"BASES, SUBBASES Y AFIRMADOS",Subbase Granular,UF2,3702,tm2 pk 39+200 - 39+560,39200,39560,CAMPO,22,m3,313.68,1,1.3,241.2923076923077,,xls-3737
2026-07-31,90,TIERRAS,3702.03.01,"BASES, SUBBASES Y AFIRMADOS",Subbase Granular,UF2,3702,tm2 pk 36+555 - 37+080,36555,37080,CAMPO,22,m3,274.41,1,1.3,211.0846153846154,,xls-3738
2026-07-31,18,TIERRAS,3701.03.01,"BASES, SUBBASES Y AFIRMADOS",Subbase Granular,UF1,3701,tm2 pk 24+800 - 25+530,24800,25530,CAMPO,22,m3,193.64800000000002,1,1.3,148.96,,xls-3739
2026-07-31,18,TIERRAS,3701.03.01,"BASES, SUBBASES Y AFIRMADOS",Subbase Granular,UF1,3701,tm2 pk 25+530 - 26+612,25530,26612,CAMPO,22,m3,239.68200000000002,1,1.3,184.37076923076924,,xls-3740
2026-08-01,10,TIERRAS,3701.02.05,EXPLANACIONES,Excavaciones en material común NO APROVECHABLE,UF1,3701,tm2 pk 22+650 - 23+820,22650,23820,CAMPO,22,m3,760.67,1,1.3,585.1307692307691,cargue para paisajismo,xls-3741
2026-08-01,14,TIERRAS,3701.02.08,EXPLANACIONES,Conformación y disposición de sobrantes (incluye obras de adecuación),UF1,3701,RCD 15+800,15800,15800,CAMPO,22,m3,760.67,1,1.3,585.1307692307691,,xls-3742
2026-08-01,10,TIERRAS,3701.02.05,EXPLANACIONES,Excavaciones en material común APROVECHABLE,UF1,3701,tm2 pk 19+000 - 20+875,19000,20875,CAMPO,22,m3,291.08,1,1.3,223.9076923076923,,xls-3743
2026-08-01,13,TIERRAS,3701.02.07,EXPLANACIONES,Terraplenes (solo conformación),UF1,3701,tm2 pk 25+530 - 26+612,25530,26612,CAMPO,22,m3,277.08,1,1.3,213.1384615384615,,xls-3744
2026-08-01,13,TIERRAS,3701.02.07,EXPLANACIONES,Terraplenes (solo conformación),UF1,3701,tm2 pk 25+530 - 26+612,25530,26612,CAMPO,22,m3,112,1,1.3,86.15384615384615,,xls-3745
2026-08-03,10,TIERRAS,3701.02.05,EXPLANACIONES,Excavaciones en material común APROVECHABLE,UF1,3701,tm2 pk 19+000 - 20+875,19000,20875,CAMPO,22,m3,891.399999999999,1,1.3,685.6923076923068,,xls-3746
2026-08-03,10,TIERRAS,3701.02.05,EXPLANACIONES,Excavaciones en material común NO APROVECHABLE,UF1,3701,tm2 pk 19+000 - 20+875,19000,20875,CAMPO,22,m3,371.2,1,1.3,285.53846153846155,,xls-3747
2026-08-03,14,TIERRAS,3701.02.08,EXPLANACIONES,Conformación y disposición de sobrantes (incluye obras de adecuación),UF1,3701,RCD 15+800,15800,15800,CAMPO,22,m3,371.2,1,1.3,285.53846153846155,,xls-3748
2026-08-03,13,TIERRAS,3701.02.07,EXPLANACIONES,Terraplenes (solo conformación),UF1,3701,tm2 pk 25+530 - 26+612,25530,26612,CAMPO,22,m3,877.4,1,1.3,674.9230769230769,,xls-3749
2026-08-03,10,TIERRAS,3701.02.05,EXPLANACIONES,Excavaciones en material común APROVECHABLE,UF1,3701,tm2 pk 14+225 - 14+635,14225,14635,CAMPO,22,m3,322,1,1.3,247.69230769230768,,xls-3750
2026-08-03,13,TIERRAS,3701.02.07,EXPLANACIONES,Terraplenes (solo conformación),UF1,3701,tm2 pk 14+225 - 14+635,14225,14635,CAMPO,22,m3,280,1,1.3,215.3846153846154,,xls-3751
2026-08-03,13,TIERRAS,3701.02.07,EXPLANACIONES,Terraplenes (solo conformación),UF1,3701,tm2 pk 25+530 - 26+612,25530,26612,CAMPO,22,m3,122,1,1.3,93.84615384615384,,xls-3752
2026-08-03,13,TIERRAS,3701.02.07,EXPLANACIONES,Terraplenes (solo conformación),UF1,3701,tm2 pk 25+530 - 26+612,25530,26612,CAMPO,22,m3,70,1,1.3,53.84615384615385,,xls-3753
2026-08-03,149,TIERRAS,3701.05.04,ESTRUCTURAS,Relleno para muros de tierra MSR,UF1,3701,MSR 14+300,14300,14500,CAMPO,22,M3,280,1,1,280,,xls-3754
2026-08-03,156,TIERRAS,3701.05.11,ESTRUCTURAS,Geobolsas de geotextil (propybag) MSR,UF1,3701,MSR 14+300,14300,14500,CAMPO,22,UND,400,1,1,400,,xls-3755
2026-08-03,152,TIERRAS,3701.05.07,ESTRUCTURAS,Geomalla tejida uniaxial de 115 kn/m (método md),UF1,3701,MSR 14+300,14300,14500,CAMPO,22,M2,36,1,1,36,,xls-3756
2026-08-04,10,TIERRAS,3701.02.05,EXPLANACIONES,Excavaciones en material común APROVECHABLE,UF1,3701,tm2 pk 19+000 - 20+875,19000,20875,CAMPO,22,m3,398.7,1,1.3,306.6923076923077,,xls-3757
2026-08-04,10,TIERRAS,3701.02.05,EXPLANACIONES,Excavaciones en material común NO APROVECHABLE,UF1,3701,tm2 pk 19+000 - 20+875,19000,20875,CAMPO,22,m3,533.589999999999,1,1.3,410.4538461538454,,xls-3758
2026-08-04,14,TIERRAS,3701.02.08,EXPLANACIONES,Conformación y disposición de sobrantes (incluye obras de adecuación),UF1,3701,RCD 15+800,15800,15800,CAMPO,22,m3,533.589999999999,1,1.3,410.4538461538454,,xls-3759
2026-08-04,13,TIERRAS,3701.02.07,EXPLANACIONES,Terraplenes (solo conformación),UF1,3701,tm2 pk 25+530 - 26+612,25530,26612,CAMPO,22,m3,398.7,1,1.3,306.6923076923077,,xls-3760
2026-08-04,10,TIERRAS,3701.02.05,EXPLANACIONES,Excavaciones en material común APROVECHABLE,UF1,3701,tm2 pk 14+225 - 14+635,14225,14635,CAMPO,22,m3,574,1,1.3,441.53846153846155,,xls-3761
2026-08-04,13,TIERRAS,3701.02.07,EXPLANACIONES,Terraplenes (solo conformación),UF1,3701,tm2 pk 14+225 - 14+635,14225,14635,CAMPO,22,m3,518,1,1.3,398.46153846153845,,xls-3762
2026-08-04,13,TIERRAS,3701.02.07,EXPLANACIONES,Terraplenes (solo conformación),UF1,3701,tm2 pk 25+530 - 26+612,25530,26612,CAMPO,22,m3,56,1,1.3,43.07692307692307,,xls-3763
2026-08-04,80,TIERRAS,3702.02.03,EXPLANACIONES,Desmonte y limpieza en zonas no boscosas,UF2,3702,tm2 pk 34+445 - 35+700,34445,35700,CAMPO,22,Ha,0.062,0,1,0,,xls-3764
2026-08-04,82,TIERRAS,3702.02.05,EXPLANACIONES,Excavaciones en material común NO APROVECHABLE,UF2,3702,tm2 pk 34+445 - 35+700,34445,35700,CAMPO,22,m3,124,1,1.3,95.38461538461539,cargue para paisajismo,xls-3765
2026-08-04,14,TIERRAS,3701.02.08,EXPLANACIONES,Conformación y disposición de sobrantes (incluye obras de adecuación),UF1,3701,RCD 15+800,15800,15800,CAMPO,22,m3,124,1,1.3,95.38461538461539,,xls-3766
2026-07-31,105,DRENAJES Y ESTRUCTURAS,3702.06.04,DRENAJE TRANSVERSAL,Acero de refuerzo Fy=420 Mpa.,UF2,3702,ODT2-018,35241,35241,CAMPO,22,kg,154.33,1,1,154.33,,xls-3767
2026-07-31,103,DRENAJES Y ESTRUCTURAS,3702.06.02,DRENAJE TRANSVERSAL,Rellenos con material seleccionado,UF2,3702,ODT2-018,35241,35241,CAMPO,22,m3,32,1,1,32,,xls-3768
2026-07-31,65,DRENAJES Y ESTRUCTURAS,3701.07.07,DRENAJE LONGITUDINAL,Concreto clase 14 MPA (Cunetas de terraza y coronación),UF1,3701,tm2 pk 19+000 - 20+875,19000,20875,CAMPO,22,m3,4,1,1,4,,xls-3769
2026-07-31,38,DRENAJES Y ESTRUCTURAS,3701.06.09,DRENAJE TRANSVERSAL,"Concreto clase  28 MPA (encoles, descoles, box, sumideros)",UF1,3701,ODT1-048,20219,20219,CAMPO,22,m3,3.8,1,1,3.8,,xls-3770
2026-07-31,38,DRENAJES Y ESTRUCTURAS,3701.06.09,DRENAJE TRANSVERSAL,"Concreto clase  28 MPA (encoles, descoles, box, sumideros)",UF1,3701,ODT1-057,21386,21386,CAMPO,22,m3,1.5,1,1,1.5,,xls-3771
2026-07-31,110,DRENAJES Y ESTRUCTURAS,3702.06.09,DRENAJE TRANSVERSAL,"Concreto clase  28 MPA (encoles, descoles, box, sumideros)",UF2,3702,ODT2-034,36817,36817,CAMPO,22,m3,4.5,1,1,4.5,,xls-3772
2026-07-31,34,DRENAJES Y ESTRUCTURAS,3701.06.05,DRENAJE TRANSVERSAL,Tubería de Concreto Reforzado de 900mm de diámetro interior (Tipo III),UF1,3701,ODT1-047,20108,20108,CAMPO,22,m,5,1,1,5,,xls-3773
2026-07-31,105,DRENAJES Y ESTRUCTURAS,3702.06.04,DRENAJE TRANSVERSAL,Acero de refuerzo Fy=420 Mpa.,UF2,3702,ODT2-041,38344,38344,CAMPO,22,kg,100,1,1,100,,xls-3774
2026-08-01,33,DRENAJES Y ESTRUCTURAS,3701.06.04,DRENAJE TRANSVERSAL,Acero de refuerzo Fy=420 Mpa.,UF1,3701,ODT1-048,20219,20219,CAMPO,22,kg,120,1,1,120,,xls-3775
2026-08-01,36,DRENAJES Y ESTRUCTURAS,3701.06.07,DRENAJE TRANSVERSAL,"Concreto clase 14 MPA (solados, estructuras)",UF1,3701,ODT1-072,25803,25803,CAMPO,22,m3,2,1,1,2,,xls-3776
2026-08-01,105,DRENAJES Y ESTRUCTURAS,3702.06.04,DRENAJE TRANSVERSAL,Acero de refuerzo Fy=420 Mpa.,UF2,3702,ODT2-033,36702,36702,CAMPO,22,kg,329.89,1,1,329.89,,xls-3777
2026-08-01,105,DRENAJES Y ESTRUCTURAS,3702.06.04,DRENAJE TRANSVERSAL,Acero de refuerzo Fy=420 Mpa.,UF2,3702,ODT2-034,36817,36817,CAMPO,22,kg,239.39,1,1,239.39,,xls-3778
2026-08-03,33,DRENAJES Y ESTRUCTURAS,3701.06.04,DRENAJE TRANSVERSAL,Acero de refuerzo Fy=420 Mpa.,UF1,3701,ODT1-048,20219,20219,CAMPO,22,kg,180,1,1,180,,xls-3779
2026-08-03,65,DRENAJES Y ESTRUCTURAS,3701.07.07,DRENAJE LONGITUDINAL,Concreto clase 14 MPA (Cunetas de terraza y coronación),UF1,3701,tm2 pk 19+000 - 20+875,19000,20875,CAMPO,22,m3,4,1,1,4,,xls-3780
2026-08-03,37,DRENAJES Y ESTRUCTURAS,3701.06.08,DRENAJE TRANSVERSAL,"Concreto clase 21 MPA (atraques, cabezales)",UF1,3701,ODT1-047,20108,20108,CAMPO,22,m3,6.6,1,1,6.6,,xls-3781
2026-08-03,110,DRENAJES Y ESTRUCTURAS,3702.06.09,DRENAJE TRANSVERSAL,"Concreto clase  28 MPA (encoles, descoles, box, sumideros)",UF2,3702,ODT2-018,35241,35241,CAMPO,22,m3,2.5,1,1,2.5,,xls-3782
2026-08-03,110,DRENAJES Y ESTRUCTURAS,3702.06.09,DRENAJE TRANSVERSAL,"Concreto clase  28 MPA (encoles, descoles, box, sumideros)",UF2,3702,ODT2-041,38344,38344,CAMPO,22,m3,7,1,1,7,,xls-3783
2026-08-04,37,DRENAJES Y ESTRUCTURAS,3701.06.08,DRENAJE TRANSVERSAL,"Concreto clase 21 MPA (atraques, cabezales)",UF1,3701,ODT1-047,20108,20108,CAMPO,22,m3,5,1,1,5,,xls-3784
2026-08-04,38,DRENAJES Y ESTRUCTURAS,3701.06.09,DRENAJE TRANSVERSAL,"Concreto clase  28 MPA (encoles, descoles, box, sumideros)",UF1,3701,ODT1-033,15447,15447,CAMPO,22,m3,3.5,1,1,3.5,,xls-3785
2026-08-04,105,DRENAJES Y ESTRUCTURAS,3702.06.04,DRENAJE TRANSVERSAL,Acero de refuerzo Fy=420 Mpa.,UF2,3702,ODT2-034,36817,36817,CAMPO,22,kg,198.8,1,1,198.8,,xls-3786
2026-08-04,31,DRENAJES Y ESTRUCTURAS,3701.06.02,DRENAJE TRANSVERSAL,Rellenos con material seleccionado,UF1,3701,ODT1-073,25888,25888,CAMPO,22,m3,112,1,1,112,,xls-3787
2026-08-04,59,DRENAJES Y ESTRUCTURAS,3701.07.01,DRENAJE LONGITUDINAL,Excavaciones varias sin clasicar ODL,UF1,3701,tm2 pk 19+000 - 20+875,19000,20875,CAMPO,22,m3,21,0.5,1,10.5,,xls-3788
2026-08-05,10,TIERRAS,3701.02.05,EXPLANACIONES,Excavaciones en material común APROVECHABLE,UF1,3701,tm2 pk 19+000 - 20+875,19000,20875,CAMPO,22,m3,448,1,1.3,344.6153846153846,,xls-3789
2026-08-05,13,TIERRAS,3701.02.07,EXPLANACIONES,Terraplenes (solo conformación),UF1,3701,tm2 pk 19+000 - 20+875,19000,20875,CAMPO,22,m3,434,1,1.3,333.8461538461538,,xls-3790
2026-08-05,13,TIERRAS,3701.02.07,EXPLANACIONES,Terraplenes (solo conformación),UF1,3701,tm2 pk 14+225 - 14+635,14225,14635,CAMPO,22,m3,14,1,1.3,10.769230769230768,,xls-3791
2026-08-05,10,TIERRAS,3701.02.05,EXPLANACIONES,Excavaciones en material común APROVECHABLE,UF1,3701,tm2 pk 19+000 - 20+875,19000,20875,CAMPO,22,m3,460,1,1.3,353.8461538461538,,xls-3792
2026-08-05,13,TIERRAS,3701.02.07,EXPLANACIONES,Terraplenes (solo conformación),UF1,3701,tm2 pk 19+000 - 20+875,19000,20875,CAMPO,22,m3,460,1,1.3,353.8461538461538,,xls-3793
2026-08-05,80,TIERRAS,3702.02.03,EXPLANACIONES,Desmonte y limpieza en zonas no boscosas,UF2,3702,tm2 pk 34+445 - 35+700,34445,35700,CAMPO,22,Ha,0.08,1,1.3,0.061538461538461535,,xls-3794
2026-08-05,82,TIERRAS,3702.02.05,EXPLANACIONES,Excavaciones en material común NO APROVECHABLE,UF2,3702,tm2 pk 34+445 - 35+700,34445,35700,CAMPO,22,m3,160,1,1.3,123.07692307692307,,xls-3795
2026-08-05,14,TIERRAS,3701.02.08,EXPLANACIONES,Conformación y disposición de sobrantes (incluye obras de adecuación),UF1,3701,RCD 15+800,15800,15800,CAMPO,22,m3,160,1,1.3,123.07692307692307,,xls-3796
2026-08-05,19,TIERRAS,3701.03.03,"BASES, SUBBASES Y AFIRMADOS",Base granular estabilizada con cemento (No incluye cemento),UF1,3701,tm2 pk 25+530 - 26+612,25530,26612,CAMPO,22,m3,441.79,1,1.3,339.83846153846156,,xls-3797
2026-08-04,90,TIERRAS,3702.03.01,"BASES, SUBBASES Y AFIRMADOS",Subbase Granular,UF2,3702,tm2 pk 39+200 - 39+560,39200,39560,CAMPO,22,m3,162.03,1,1.3,124.63846153846154,,xls-3798
2026-08-05,18,TIERRAS,3701.03.01,"BASES, SUBBASES Y AFIRMADOS",Subbase Granular,UF1,3701,tm2 pk 25+530 - 26+612,25530,26612,CAMPO,22,m3,304.91,1,1.3,234.54615384615386,,xls-3799
2026-08-05,105,DRENAJES Y ESTRUCTURAS,3702.06.04,DRENAJE TRANSVERSAL,Acero de refuerzo Fy=420 Mpa.,UF2,3702,ODT2-041,38344,38344,CAMPO,22,kg,100,1,1,100,,xls-3800
2026-08-05,110,DRENAJES Y ESTRUCTURAS,3702.06.09,DRENAJE TRANSVERSAL,"Concreto clase  28 MPA (encoles, descoles, box, sumideros)",UF2,3702,ODT2-034,36817,36817,CAMPO,22,m3,7,1,1,7,,xls-3801
2026-08-05,110,DRENAJES Y ESTRUCTURAS,3702.06.09,DRENAJE TRANSVERSAL,"Concreto clase  28 MPA (encoles, descoles, box, sumideros)",UF2,3702,ODT2-041,38344,38344,CAMPO,22,m3,7.3,1,1,7.3,,xls-3802
2026-08-05,105,DRENAJES Y ESTRUCTURAS,3702.06.04,DRENAJE TRANSVERSAL,Acero de refuerzo Fy=420 Mpa.,UF2,3702,ODT2-033,36702,36702,CAMPO,22,kg,107.49,1,1,107.49,,xls-3803
2026-08-05,105,DRENAJES Y ESTRUCTURAS,3702.06.04,DRENAJE TRANSVERSAL,Acero de refuerzo Fy=420 Mpa.,UF2,3702,ODT2-034,36817,36817,CAMPO,22,kg,99.2,1,1,99.2,,xls-3804
2026-08-05,105,DRENAJES Y ESTRUCTURAS,3702.06.04,DRENAJE TRANSVERSAL,Acero de refuerzo Fy=420 Mpa.,UF2,3702,ODT2-036,37036,37036,CAMPO,22,kg,91,1,1,91,,xls-3805
2026-08-05,59,DRENAJES Y ESTRUCTURAS,3701.07.01,DRENAJE LONGITUDINAL,Excavaciones varias sin clasicar ODL,UF1,3701,tm2 pk 19+000 - 20+875,19000,20875,CAMPO,22,m3,2,1,1,2,,xls-3806
2026-08-05,33,DRENAJES Y ESTRUCTURAS,3701.06.04,DRENAJE TRANSVERSAL,Acero de refuerzo Fy=420 Mpa.,UF1,3701,ODT1-072,25803,25803,CAMPO,22,kg,978,1,1,978,,xls-3807
2026-08-06,10,TIERRAS,3701.02.05,EXPLANACIONES,Excavaciones en material común APROVECHABLE,UF1,3701,tm2 pk 19+000 - 20+875,19000,20875,CAMPO,22,m3,28,1,1.3,21.538461538461537,,xls-3808
2026-08-06,19,TIERRAS,3701.03.03,"BASES, SUBBASES Y AFIRMADOS",Base granular estabilizada con cemento (No incluye cemento),UF1,3701,tm2 pk 25+530 - 26+612,25530,26612,CAMPO,22,m3,799.68,1,1.3,615.1384615384615,,xls-3809
2026-08-06,82,TIERRAS,3702.02.05,EXPLANACIONES,Excavaciones en material común NO APROVECHABLE,UF2,3702,tm2 pk 34+445 - 35+700,34445,35700,CAMPO,22,m3,168,1,1.3,129.23076923076923,cargue para paisajismo,xls-3810
2026-08-06,86,TIERRAS,3702.02.08,EXPLANACIONES,Conformación y disposición de sobrantes (incluye obras de adecuación),UF2,3702,ZODME PK30,30000,30000,CAMPO,22,m3,168,1,1.3,129.23076923076923,,xls-3811
2026-08-06,10,TIERRAS,3701.02.05,EXPLANACIONES,Excavaciones en material común APROVECHABLE,UF1,3701,tm2 pk 19+000 - 20+875,19000,20875,CAMPO,22,m3,1700,1,1.3,1307.6923076923076,,xls-3812
2026-08-06,13,TIERRAS,3701.02.07,EXPLANACIONES,Terraplenes (solo conformación),UF1,3701,tm2 pk 19+000 - 20+875,19000,20875,CAMPO,22,m3,1700,1,1.3,1307.6923076923076,,xls-3813
2026-08-07,10,TIERRAS,3701.02.05,EXPLANACIONES,Excavaciones en material común APROVECHABLE,UF1,3701,tm2 pk 19+000 - 20+875,19000,20875,CAMPO,22,m3,140,1,1.3,107.6923076923077,,xls-3814
2026-08-07,13,TIERRAS,3701.02.07,EXPLANACIONES,Terraplenes (solo conformación),UF1,3701,tm2 pk 14+225 - 14+635,14225,14635,CAMPO,22,m3,140,1,1.3,107.6923076923077,,xls-3815
2026-08-07,82,TIERRAS,3702.02.05,EXPLANACIONES,Excavaciones en material común NO APROVECHABLE,UF2,3702,tm2 pk 34+445 - 35+700,34445,35700,CAMPO,22,m3,705.349999999999,1,1.3,542.5769230769223,cargue para paisajismo,xls-3816
2026-08-07,86,TIERRAS,3702.02.08,EXPLANACIONES,Conformación y disposición de sobrantes (incluye obras de adecuación),UF2,3702,ZODME PK30,30000,30000,CAMPO,22,m3,705.349999999999,1,1.3,542.5769230769223,,xls-3817
2026-08-07,82,TIERRAS,3702.02.05,EXPLANACIONES,Excavaciones en material común NO APROVECHABLE,UF2,3702,tm2 pk 34+445 - 35+700,34445,35700,CAMPO,22,m3,710.26,1,1.3,546.3538461538461,cargue para paisajismo,xls-3818
2026-08-07,86,TIERRAS,3702.02.08,EXPLANACIONES,Conformación y disposición de sobrantes (incluye obras de adecuación),UF2,3702,ZODME PK30,30000,30000,CAMPO,22,m3,710.26,1,1.3,546.3538461538461,,xls-3819
2026-08-07,19,TIERRAS,3701.03.03,"BASES, SUBBASES Y AFIRMADOS",Base granular estabilizada con cemento (No incluye cemento),UF1,3701,tm2 pk 25+530 - 26+612,25530,26612,CAMPO,22,m3,375.98,1,1.3,289.2153846153846,,xls-3820
2026-08-07,19,TIERRAS,3701.03.03,"BASES, SUBBASES Y AFIRMADOS",Base granular estabilizada con cemento (No incluye cemento),UF1,3701,tm2 pk 25+530 - 26+612,25530,26612,CAMPO,22,m3,51.3,1,1.3,39.46153846153846,,xls-3821
2026-08-07,18,TIERRAS,3701.03.01,"BASES, SUBBASES Y AFIRMADOS",Subbase Granular,UF1,3701,tm2 pk 25+530 - 26+612,25530,26612,CAMPO,22,m3,183.13000000000002,1,1.3,140.8692307692308,,xls-3822
2026-08-07,90,TIERRAS,3702.03.01,"BASES, SUBBASES Y AFIRMADOS",Subbase Granular,UF2,3702,tm2 pk 37+130 - 37+655,37130,37655,CAMPO,22,m3,952.19,1,1.3,732.4538461538461,,xls-3823
2026-08-07,90,TIERRAS,3702.03.01,"BASES, SUBBASES Y AFIRMADOS",Subbase Granular,UF2,3702,tm2 pk 34+445 - 35+700,34445,35700,CAMPO,22,m3,668.68,1,1.3,514.3692307692307,,xls-3824
2026-08-07,13,TIERRAS,3701.02.07,EXPLANACIONES,Terraplenes (solo conformación),UF1,3701,tm2 pk 19+000 - 20+875,19000,20875,CAMPO,22,m3,806.2,1,1.3,620.1538461538462,,xls-3825
2026-08-07,10,TIERRAS,3701.02.05,EXPLANACIONES,Excavaciones en material común APROVECHABLE,UF1,3701,tm2 pk 19+000 - 20+875,19000,20875,CAMPO,22,m3,806.5,1,1.3,620.3846153846154,,xls-3826
2026-08-07,10,TIERRAS,3701.02.05,EXPLANACIONES,Excavaciones en material común APROVECHABLE,UF1,3701,tm2 pk 19+000 - 20+875,19000,20875,CAMPO,22,m3,42,1,1.3,32.30769230769231,,xls-3827
2026-08-08,10,TIERRAS,3701.02.05,EXPLANACIONES,Excavaciones en material común APROVECHABLE,UF1,3701,tm2 pk 19+000 - 20+875,19000,20875,CAMPO,22,m3,74.49,1,1.3,57.3,,xls-3828
2026-08-08,10,TIERRAS,3701.02.05,EXPLANACIONES,Excavaciones en material común NO APROVECHABLE,UF1,3701,tm2 pk 25+530 - 26+612,25530,26612,CAMPO,22,m3,713.24,1,1.3,548.6461538461539,cargue para paisajismo,xls-3829
2026-08-08,14,TIERRAS,3701.02.08,EXPLANACIONES,Conformación y disposición de sobrantes (incluye obras de adecuación),UF1,3701,RCD 15+800,15800,15800,CAMPO,22,m3,713.24,1,1.3,548.6461538461539,,xls-3830
2026-08-08,13,TIERRAS,3701.02.07,EXPLANACIONES,Terraplenes (solo conformación),UF1,3701,tm2 pk 14+225 - 14+635,14225,14635,CAMPO,22,m3,74.49,1,1.3,57.3,,xls-3831
2026-08-08,82,TIERRAS,3702.02.05,EXPLANACIONES,Excavaciones en material común NO APROVECHABLE,UF2,3702,tm2 pk 32+508 - 33+090,32508,33090,CAMPO,22,m3,358.78,1,1.3,275.9846153846154,cargue para paisajismo,xls-3832
2026-08-08,14,TIERRAS,3701.02.08,EXPLANACIONES,Conformación y disposición de sobrantes (incluye obras de adecuación),UF1,3701,RCD 15+800,15800,15800,CAMPO,22,m3,358.78,1,1.3,275.9846153846154,,xls-3833
2026-08-08,90,TIERRAS,3702.03.01,"BASES, SUBBASES Y AFIRMADOS",Subbase Granular,UF2,3702,tm2 pk 34+445 - 35+700,34445,35700,CAMPO,22,m3,234.26,1,1.3,180.2,,xls-3834
2026-08-08,18,TIERRAS,3701.03.01,"BASES, SUBBASES Y AFIRMADOS",Subbase Granular,UF1,3701,tm2 pk 25+530 - 26+612,25530,26612,CAMPO,22,m3,163.27,1,1.3,125.5923076923077,,xls-3835
2026-08-09,10,TIERRAS,3701.02.05,EXPLANACIONES,Excavaciones en material común APROVECHABLE,UF1,3701,tm2 pk 19+000 - 20+875,19000,20875,CAMPO,22,m3,28,1,1.3,21.538461538461537,,xls-3836
2026-08-09,10,TIERRAS,3701.02.05,EXPLANACIONES,Excavaciones en material común NO APROVECHABLE,UF1,3701,tm2 pk 25+530 - 26+612,25530,26612,CAMPO,22,m3,424.42,1,1.3,326.4769230769231,cargue para paisajismo,xls-3837
2026-08-09,14,TIERRAS,3701.02.08,EXPLANACIONES,Conformación y disposición de sobrantes (incluye obras de adecuación),UF1,3701,RCD 15+800,15800,15800,CAMPO,22,m3,424.42,1,1.3,326.4769230769231,,xls-3838
2026-08-09,13,TIERRAS,3701.02.07,EXPLANACIONES,Terraplenes (solo conformación),UF1,3701,tm2 pk 14+225 - 14+635,14225,14635,CAMPO,22,m3,28,1,1.3,21.538461538461537,,xls-3839
2026-08-09,82,TIERRAS,3702.02.05,EXPLANACIONES,Excavaciones en material común NO APROVECHABLE,UF2,3702,tm2 pk 32+508 - 33+090,32508,33090,CAMPO,22,m3,490,1,1.3,376.9230769230769,cargue para paisajismo,xls-3840
2026-08-09,86,TIERRAS,3702.02.08,EXPLANACIONES,Conformación y disposición de sobrantes (incluye obras de adecuación),UF2,3702,ZODME PK30,30000,30000,CAMPO,22,m3,490,1,1.3,376.9230769230769,,xls-3841
2026-08-10,152,TIERRAS,3701.05.07,ESTRUCTURAS,Geomalla tejida uniaxial de 115 kn/m (método md),UF1,3701,MSR 14+300,14300,14500,CAMPO,22,M2,35.1,1,1,35.1,,xls-3842
2026-08-10,151,TIERRAS,3701.05.06,ESTRUCTURAS,Geomalla tejida uniaxial de 55 kn/m (método md),UF1,3701,MSR 14+300,14300,14500,CAMPO,22,M2,140.4,1,1,140.4,,xls-3843
2026-08-10,151,TIERRAS,3701.05.06,ESTRUCTURAS,Geomalla tejida uniaxial de 55 kn/m (método md),UF1,3701,MSR 14+300,14300,14500,CAMPO,22,M2,842.4,1,1,842.4,,xls-3844
2026-08-10,10,TIERRAS,3701.02.05,EXPLANACIONES,Excavaciones en material común APROVECHABLE,UF1,3701,tm2 pk 14+225 - 14+635,14225,14635,CAMPO,22,m3,882.52,1,1.3,678.8615384615384,,xls-3845
2026-08-10,13,TIERRAS,3701.02.07,EXPLANACIONES,Terraplenes (solo conformación),UF1,3701,tm2 pk 14+225 - 14+635,14225,14635,CAMPO,22,m3,714.52,1,1.3,549.6307692307691,,xls-3846
2026-08-10,85,TIERRAS,3702.02.07,EXPLANACIONES,Terraplenes (solo conformación),UF2,3702,tm2 pk 37+130 - 37+655,37130,37655,CAMPO,22,m3,168,1,1.3,129.23076923076923,,xls-3847
2026-08-10,10,TIERRAS,3701.02.05,EXPLANACIONES,Excavaciones en material común NO APROVECHABLE,UF1,3701,tm2 pk 25+530 - 26+612,25530,26612,CAMPO,22,m3,322.02,1,1.3,247.7076923076923,cargue para paisajismo,xls-3848
2026-08-10,14,TIERRAS,3701.02.08,EXPLANACIONES,Conformación y disposición de sobrantes (incluye obras de adecuación),UF1,3701,RCD 15+800,15800,15800,CAMPO,22,m3,322.02,1,1.3,247.7076923076923,,xls-3849
2026-08-10,18,TIERRAS,3701.03.01,"BASES, SUBBASES Y AFIRMADOS",Subbase Granular,UF1,3701,tm2 pk 25+530 - 26+612,25530,26612,CAMPO,22,m3,445.59,1,1.3,342.7615384615384,,xls-3850
2026-08-10,82,TIERRAS,3702.02.05,EXPLANACIONES,Excavaciones en material común NO APROVECHABLE,UF2,3702,tm2 pk 36+555 - 37+080,36555,37080,CAMPO,22,m3,356,1,1.3,273.8461538461538,cargue para paisajismo,xls-3851
2026-08-06,105,DRENAJES Y ESTRUCTURAS,3702.06.04,DRENAJE TRANSVERSAL,Acero de refuerzo Fy=420 Mpa.,UF2,3702,ODT2-036,37036,37036,CAMPO,22,kg,312.08,1,1,312.08,,xls-3852
2026-08-06,110,DRENAJES Y ESTRUCTURAS,3702.06.09,DRENAJE TRANSVERSAL,"Concreto clase  28 MPA (encoles, descoles, box, sumideros)",UF2,3702,ODT2-036,37036,37036,CAMPO,22,m3,4.5,1,1,4.5,,xls-3853
2026-08-06,38,DRENAJES Y ESTRUCTURAS,3701.06.09,DRENAJE TRANSVERSAL,"Concreto clase  28 MPA (encoles, descoles, box, sumideros)",UF1,3701,ODT1-048,20219,20219,CAMPO,22,m3,4,1,1,4,,xls-3854
2026-08-06,2,DRENAJES Y ESTRUCTURAS,3701.01.02,DEMOLICIONES Y REUBICACIONES,Demolición de Estructuras,UF1,3701,ODT1-048,20219,20219,CAMPO,22,m3,2.3,1.5,0.3,1.035,,xls-3855
2026-08-06,33,DRENAJES Y ESTRUCTURAS,3701.06.04,DRENAJE TRANSVERSAL,Acero de refuerzo Fy=420 Mpa.,UF1,3701,ODT1-048,20219,20219,CAMPO,22,kg,40,1,1,40,,xls-3856
2026-08-06,37,DRENAJES Y ESTRUCTURAS,3701.06.08,DRENAJE TRANSVERSAL,"Concreto clase 21 MPA (atraques, cabezales)",UF1,3701,ODT1-043A,19362,19362,CAMPO,22,m3,6,1,1,6,,xls-3857
2026-08-06,30,DRENAJES Y ESTRUCTURAS,3701.06.01,DRENAJE TRANSVERSAL,Excavaciones varias sin clasicar,UF1,3701,ODT1-044A,70,70,CAMPO,22,m3,180,1,1,180,,xls-3858
2026-08-07,59,DRENAJES Y ESTRUCTURAS,3701.07.01,DRENAJE LONGITUDINAL,Excavaciones varias sin clasicar ODL,UF1,3701,tm2 pk 19+000 - 20+875,19000,20875,CAMPO,22,m3,3,1,1,3,,xls-3859
2026-08-07,105,DRENAJES Y ESTRUCTURAS,3702.06.04,DRENAJE TRANSVERSAL,Acero de refuerzo Fy=420 Mpa.,UF2,3702,ODT2-033,36702,36702,CAMPO,22,kg,99.4,1,1,99.4,,xls-3860
2026-08-07,105,DRENAJES Y ESTRUCTURAS,3702.06.04,DRENAJE TRANSVERSAL,Acero de refuerzo Fy=420 Mpa.,UF2,3702,ODT2-036,37036,37036,CAMPO,22,kg,463.4,1,1,463.4,,xls-3861
2026-08-07,33,DRENAJES Y ESTRUCTURAS,3701.06.04,DRENAJE TRANSVERSAL,Acero de refuerzo Fy=420 Mpa.,UF1,3701,ODT1-048,20219,20219,CAMPO,22,kg,140.58,1,1,140.58,,xls-3862
2026-08-07,105,DRENAJES Y ESTRUCTURAS,3702.06.04,DRENAJE TRANSVERSAL,Acero de refuerzo Fy=420 Mpa.,UF2,3702,ODT2-035,36992,36992,CAMPO,22,kg,100,1,1,100,,xls-3863
2026-08-08,110,DRENAJES Y ESTRUCTURAS,3702.06.09,DRENAJE TRANSVERSAL,"Concreto clase  28 MPA (encoles, descoles, box, sumideros)",UF2,3702,ODT2-033,36702,36702,CAMPO,22,m3,3,1,1,3,,xls-3864
2026-08-08,105,DRENAJES Y ESTRUCTURAS,3702.06.04,DRENAJE TRANSVERSAL,Acero de refuerzo Fy=420 Mpa.,UF2,3702,ODT2-034,36817,36817,CAMPO,22,kg,250.26,1,1,250.26,,xls-3865
2026-08-08,36,DRENAJES Y ESTRUCTURAS,3701.06.07,DRENAJE TRANSVERSAL,"Concreto clase 14 MPA (solados, estructuras)",UF1,3701,ODT1-048,20219,20219,CAMPO,22,m3,2,1,1,2,,xls-3866
2026-08-09,105,DRENAJES Y ESTRUCTURAS,3702.06.04,DRENAJE TRANSVERSAL,Acero de refuerzo Fy=420 Mpa.,UF2,3702,ODT2-035,36992,36992,CAMPO,22,kg,100,1,1,100,,xls-3867
2026-08-10,30,DRENAJES Y ESTRUCTURAS,3701.06.01,DRENAJE TRANSVERSAL,Excavaciones varias sin clasicar,UF1,3701,ODT1-044B,30,30,CAMPO,22,m3,2,1,1,2,,xls-3868
2026-08-10,38,DRENAJES Y ESTRUCTURAS,3701.06.09,DRENAJE TRANSVERSAL,"Concreto clase  28 MPA (encoles, descoles, box, sumideros)",UF1,3701,ODT1-072,25803,25803,CAMPO,22,m3,5,1,1,5,,xls-3869
2026-08-10,33,DRENAJES Y ESTRUCTURAS,3701.06.04,DRENAJE TRANSVERSAL,Acero de refuerzo Fy=420 Mpa.,UF1,3701,ODT1-048,20219,20219,CAMPO,22,kg,207.31,1,1,207.31,,xls-3870
2026-08-10,33,DRENAJES Y ESTRUCTURAS,3701.06.04,DRENAJE TRANSVERSAL,Acero de refuerzo Fy=420 Mpa.,UF1,3701,ODT1-047,20108,20108,CAMPO,22,kg,140,1,1,140,,xls-3871
2026-08-10,110,DRENAJES Y ESTRUCTURAS,3702.06.09,DRENAJE TRANSVERSAL,"Concreto clase  28 MPA (encoles, descoles, box, sumideros)",UF2,3702,ODT2-035,36992,36992,CAMPO,22,m3,5,1,1,5,,xls-3872
2026-08-10,105,DRENAJES Y ESTRUCTURAS,3702.06.04,DRENAJE TRANSVERSAL,Acero de refuerzo Fy=420 Mpa.,UF2,3702,ODT2-035,36992,36992,CAMPO,22,kg,200,1,1,200,,xls-3873
2026-08-10,110,DRENAJES Y ESTRUCTURAS,3702.06.09,DRENAJE TRANSVERSAL,"Concreto clase  28 MPA (encoles, descoles, box, sumideros)",UF2,3702,ODT2-034,36817,36817,CAMPO,22,m3,4,1,1,4,,xls-3874
2026-08-10,110,DRENAJES Y ESTRUCTURAS,3702.06.09,DRENAJE TRANSVERSAL,"Concreto clase  28 MPA (encoles, descoles, box, sumideros)",UF2,3702,ODT2-036,37036,37036,CAMPO,22,m3,4.5,1,1,4.5,,xls-3875
2026-08-11,82,TIERRAS,3702.02.05,EXPLANACIONES,Excavaciones en material común NO APROVECHABLE,UF2,3702,tm2 pk 36+555 - 37+080,36555,37080,CAMPO,22,m3,1946.74,1,1.3,1497.4923076923076,cargue para paisajismo,xls-3876
2026-08-11,86,TIERRAS,3702.02.08,EXPLANACIONES,Conformación y disposición de sobrantes (incluye obras de adecuación),UF2,3702,ZODME PK30,30000,30000,CAMPO,22,m3,1946.74,1,1.3,1497.4923076923076,,xls-3877
2026-08-11,82,TIERRAS,3702.02.05,EXPLANACIONES,Excavaciones en material común NO APROVECHABLE,UF2,3702,tm2 pk 36+555 - 37+080,36555,37080,CAMPO,22,m3,364,1,1.3,280,cargue para paisajismo,xls-3878
2026-08-11,23,PAVIMENTOS,3701.04.01,PAVIMENTOS ASFALTICOS,Riego de imprimación con emulsión asfáltica,UF1,3701,tm2 pk 25+530 - 26+612,25530,26612,CAMPO,22,m2,1080,1,1,1080,,xls-3879
2026-08-11,23,PAVIMENTOS,3701.04.01,PAVIMENTOS ASFALTICOS,Riego de imprimación con emulsión asfáltica,UF1,3701,tm2 pk 25+530 - 26+612,25530,26612,CAMPO,22,m2,3720,1,1,3720,,xls-3880
2026-08-11,10,TIERRAS,3701.02.05,EXPLANACIONES,Excavaciones en material común APROVECHABLE,UF1,3701,tm2 pk 14+225 - 14+635,14225,14635,CAMPO,22,m3,439.55,1,1.3,338.1153846153846,,xls-3881
2026-08-11,13,TIERRAS,3701.02.07,EXPLANACIONES,Terraplenes (solo conformación),UF1,3701,tm2 pk 14+225 - 14+635,14225,14635,CAMPO,22,m3,439.55,1,1.3,338.1153846153846,,xls-3882
2026-08-11,90,TIERRAS,3702.03.01,"BASES, SUBBASES Y AFIRMADOS",Subbase Granular,UF2,3702,tm2 pk 37+130 - 37+655,37130,37655,CAMPO,22,m3,85.85,1,1.3,66.03846153846153,,xls-3883
2026-08-11,78,TIERRAS,3702.02.01,EXPLANACIONES,Desmonte y limpieza en bosque,UF2,3702,tm2 pk 30+500 - 31+942,30500,31942,CAMPO,22,Ha,0.01,1,1,0.01,,xls-3884
2026-08-11,82,TIERRAS,3702.02.05,EXPLANACIONES,Excavaciones en material común NO APROVECHABLE,UF2,3702,tm2 pk 30+500 - 31+942,30500,31942,CAMPO,22,m3,50,1,1.3,38.46153846153846,cargue para paisajismo,xls-3885
2026-08-11,14,TIERRAS,3701.02.08,EXPLANACIONES,Conformación y disposición de sobrantes (incluye obras de adecuación),UF1,3701,RCD 15+800,15800,15800,CAMPO,22,m3,50,1,1.3,38.46153846153846,,xls-3886
2026-08-12,82,TIERRAS,3702.02.05,EXPLANACIONES,Excavaciones en material común NO APROVECHABLE,UF2,3702,tm2 pk 36+555 - 37+080,36555,37080,CAMPO,22,m3,461.23,1,1.3,354.7923076923077,cargue para paisajismo,xls-3887
2026-08-12,14,TIERRAS,3701.02.08,EXPLANACIONES,Conformación y disposición de sobrantes (incluye obras de adecuación),UF1,3701,RCD 15+800,15800,15800,CAMPO,22,m3,461.23,1,1.3,354.7923076923077,,xls-3888
2026-08-12,90,TIERRAS,3702.03.01,"BASES, SUBBASES Y AFIRMADOS",Subbase Granular,UF2,3702,tm2 pk 38+064 - 38+864,38064,38864,CAMPO,22,m3,105,1,1.3,80.76923076923076,,xls-3889
2026-08-12,8,TIERRAS,3701.02.03,EXPLANACIONES,Desmonte y limpieza en zonas no boscosas,UF1,3701,tm2 pk 15+460 - 16+210,15460,16210,CAMPO,22,Ha,0.005,1,1.3,0.003846153846153846,,xls-3890
2026-08-12,18,TIERRAS,3701.03.01,"BASES, SUBBASES Y AFIRMADOS",Subbase Granular,UF1,3701,tm2 pk 25+530 - 26+612,25530,26612,CAMPO,22,m3,322.74,1,1.3,248.26153846153846,,xls-3891
2026-08-12,10,TIERRAS,3701.02.05,EXPLANACIONES,Excavaciones en material común APROVECHABLE,UF1,3701,tm2 pk 14+225 - 14+635,14225,14635,CAMPO,22,m3,476,1,1.3,366.15384615384613,,xls-3892
2026-08-12,13,TIERRAS,3701.02.07,EXPLANACIONES,Terraplenes (solo conformación),UF1,3701,tm2 pk 14+225 - 14+635,14225,14635,CAMPO,22,m3,476,1,1.3,366.15384615384613,,xls-3893
2026-08-11,33,DRENAJES Y ESTRUCTURAS,3701.06.04,DRENAJE TRANSVERSAL,Acero de refuerzo Fy=420 Mpa.,UF1,3701,ODT1-047,20108,20108,CAMPO,22,kg,120,1,1,120,[Clima: Soleado],xls-3894
2026-08-11,33,DRENAJES Y ESTRUCTURAS,3701.06.04,DRENAJE TRANSVERSAL,Acero de refuerzo Fy=420 Mpa.,UF1,3701,ODT1-043B,19362,19362,CAMPO,22,kg,250,1,1,250,,xls-3895
2026-08-11,110,DRENAJES Y ESTRUCTURAS,3702.06.09,DRENAJE TRANSVERSAL,"Concreto clase  28 MPA (encoles, descoles, box, sumideros)",UF2,3702,ODT2-033,36702,36702,CAMPO,22,m3,2.3,1,1,2.3,,xls-3896
2026-08-11,105,DRENAJES Y ESTRUCTURAS,3702.06.04,DRENAJE TRANSVERSAL,Acero de refuerzo Fy=420 Mpa.,UF2,3702,ODT2-034,36817,36817,CAMPO,22,kg,99.4,1,1,99.4,,xls-3897
2026-08-11,105,DRENAJES Y ESTRUCTURAS,3702.06.04,DRENAJE TRANSVERSAL,Acero de refuerzo Fy=420 Mpa.,UF2,3702,ODT2-035,36992,36992,CAMPO,22,kg,200,1,1,200,,xls-3898
2026-08-11,110,DRENAJES Y ESTRUCTURAS,3702.06.09,DRENAJE TRANSVERSAL,"Concreto clase  28 MPA (encoles, descoles, box, sumideros)",UF2,3702,ODT2-035,36992,36992,CAMPO,22,m3,4.8,1,1,4.8,,xls-3899
2026-08-11,38,DRENAJES Y ESTRUCTURAS,3701.06.09,DRENAJE TRANSVERSAL,"Concreto clase  28 MPA (encoles, descoles, box, sumideros)",UF1,3701,ODT1-047,20108,20108,CAMPO,22,m3,2,1,1,2,,xls-3900
2026-08-11,59,DRENAJES Y ESTRUCTURAS,3701.07.01,DRENAJE LONGITUDINAL,Excavaciones varias sin clasicar ODL,UF1,3701,tm2 pk 19+000 - 20+875,19000,20875,CAMPO,22,m3,3,1,1,3,,xls-3901
2026-08-12,38,DRENAJES Y ESTRUCTURAS,3701.06.09,DRENAJE TRANSVERSAL,"Concreto clase  28 MPA (encoles, descoles, box, sumideros)",UF1,3701,ODT1-048,20219,20219,CAMPO,22,m3,4.1,1,1,4.1,[Clima: Soleado],xls-3902
2026-08-12,33,DRENAJES Y ESTRUCTURAS,3701.06.04,DRENAJE TRANSVERSAL,Acero de refuerzo Fy=420 Mpa.,UF1,3701,ODT1-047,20108,20108,CAMPO,22,kg,60,1,1,60,,xls-3903
2026-08-12,105,DRENAJES Y ESTRUCTURAS,3702.06.04,DRENAJE TRANSVERSAL,Acero de refuerzo Fy=420 Mpa.,UF2,3702,ODT2-035,36992,36992,CAMPO,22,kg,400,1,1,400,,xls-3904
2026-08-12,65,DRENAJES Y ESTRUCTURAS,3701.07.07,DRENAJE LONGITUDINAL,Concreto clase 14 MPA (Cunetas de terraza y coronación),UF1,3701,tm2 pk 19+000 - 20+875,19000,20875,CAMPO,22,m3,7.8,1,1,7.8,,xls-3905
2026-08-13,10,TIERRAS,3701.02.05,EXPLANACIONES,Excavaciones en material común APROVECHABLE,UF1,3701,tm2 pk 14+225 - 14+635,14225,14635,CAMPO,22,m3,641.56,1,1.3,493.50769230769225,[Clima: Soleado],xls-3906
2026-08-13,10,TIERRAS,3701.02.05,EXPLANACIONES,Excavaciones en material común NO APROVECHABLE,UF1,3701,tm2 pk 14+225 - 14+635,14225,14635,CAMPO,22,m3,208.06,1,1.3,160.04615384615386,,xls-3907
2026-08-13,14,TIERRAS,3701.02.08,EXPLANACIONES,Conformación y disposición de sobrantes (incluye obras de adecuación),UF1,3701,RCD 15+800,15800,15800,CAMPO,22,m3,208.06,1,1.3,160.04615384615386,,xls-3908
2026-08-13,13,TIERRAS,3701.02.07,EXPLANACIONES,Terraplenes (solo conformación),UF1,3701,tm2 pk 14+225 - 14+635,14225,14635,CAMPO,22,m3,204.04,1,1.3,156.95384615384614,,xls-3909
2026-08-13,85,TIERRAS,3702.02.07,EXPLANACIONES,Terraplenes (solo conformación),UF2,3702,tm2 pk 38+064 - 38+864,38064,38864,CAMPO,22,m3,437.52,1,1.3,336.5538461538461,,xls-3910
2026-08-13,13,TIERRAS,3701.02.07,EXPLANACIONES,Terraplenes (solo conformación),UF1,3701,tm2 pk 14+225 - 14+635,14225,14635,CAMPO,22,m3,158.23,1,1.3,121.71538461538461,,xls-3911
2026-08-13,82,TIERRAS,3702.02.05,EXPLANACIONES,Excavaciones en material común NO APROVECHABLE,UF2,3702,tm2 pk 34+445 - 35+700,34445,35700,CAMPO,22,m3,260,1,1.3,200,,xls-3912
2026-08-13,86,TIERRAS,3702.02.08,EXPLANACIONES,Conformación y disposición de sobrantes (incluye obras de adecuación),UF2,3702,ZODME PK30,30000,30000,CAMPO,22,m3,260,1,1.3,200,,xls-3913
2026-08-13,90,TIERRAS,3702.03.01,"BASES, SUBBASES Y AFIRMADOS",Subbase Granular,UF2,3702,tm2 pk 34+445 - 35+700,34445,35700,CAMPO,22,m3,106.69999999999999,1,1.3,82.07692307692307,,xls-3914
2026-08-13,18,TIERRAS,3701.03.01,"BASES, SUBBASES Y AFIRMADOS",Subbase Granular,UF1,3701,tm2 pk 25+530 - 26+612,25530,26612,CAMPO,22,m3,283.5,1,1.3,218.07692307692307,,xls-3915
2026-08-14,90,TIERRAS,3702.03.01,"BASES, SUBBASES Y AFIRMADOS",Subbase Granular,UF2,3702,tm2 pk 34+445 - 35+700,34445,35700,CAMPO,22,m3,52.46,1,1.3,40.353846153846156,,xls-3916
2026-08-13,149,TIERRAS,3701.05.04,ESTRUCTURAS,Relleno para muros de tierra MSR,UF1,3701,MSR 14+300,14300,14500,CAMPO,22,M3,350,1,1,350,,xls-3917
2026-08-13,151,TIERRAS,3701.05.06,ESTRUCTURAS,Geomalla tejida uniaxial de 55 kn/m (método md),UF1,3701,MSR 14+300,14300,14500,CAMPO,22,M2,395,1,1,395,,xls-3918
2026-08-13,156,TIERRAS,3701.05.11,ESTRUCTURAS,Geobolsas de geotextil (propybag) MSR,UF1,3701,MSR 14+300,14300,14500,CAMPO,22,UND,280,1,1,280,,xls-3919
2026-08-13,110,DRENAJES Y ESTRUCTURAS,3702.06.09,DRENAJE TRANSVERSAL,"Concreto clase  28 MPA (encoles, descoles, box, sumideros)",UF2,3702,ODT2-034,36817,36817,CAMPO,22,m3,3.3,1,1,3.3,,xls-3920
2026-08-13,33,DRENAJES Y ESTRUCTURAS,3701.06.04,DRENAJE TRANSVERSAL,Acero de refuerzo Fy=420 Mpa.,UF1,3701,ODT1-048,20219,20219,CAMPO,22,kg,80,1,1,80,,xls-3921
2026-08-13,33,DRENAJES Y ESTRUCTURAS,3701.06.04,DRENAJE TRANSVERSAL,Acero de refuerzo Fy=420 Mpa.,UF1,3701,ODT1-047,20108,20108,CAMPO,22,kg,120,1,1,120,,xls-3922
2026-08-13,105,DRENAJES Y ESTRUCTURAS,3702.06.04,DRENAJE TRANSVERSAL,Acero de refuerzo Fy=420 Mpa.,UF2,3702,ODT2-035,36992,36992,CAMPO,22,kg,200,1,1,200,,xls-3923
2026-08-14,110,DRENAJES Y ESTRUCTURAS,3702.06.09,DRENAJE TRANSVERSAL,"Concreto clase  28 MPA (encoles, descoles, box, sumideros)",UF2,3702,ODT2-035,36992,36992,CAMPO,22,m3,4.5,1,1,4.5,[Clima: Lluvias parciales],xls-3924
2026-08-14,110,DRENAJES Y ESTRUCTURAS,3702.06.09,DRENAJE TRANSVERSAL,"Concreto clase  28 MPA (encoles, descoles, box, sumideros)",UF2,3702,ODT2-036,37036,37036,CAMPO,22,m3,4.5,1,1,4.5,,xls-3925
2026-08-14,33,DRENAJES Y ESTRUCTURAS,3701.06.04,DRENAJE TRANSVERSAL,Acero de refuerzo Fy=420 Mpa.,UF1,3701,ODT1-047,20108,20108,CAMPO,22,kg,100,1,1,100,,xls-3926
2026-08-14,105,DRENAJES Y ESTRUCTURAS,3702.06.04,DRENAJE TRANSVERSAL,Acero de refuerzo Fy=420 Mpa.,UF2,3702,ODT2-041,38344,38344,CAMPO,22,kg,100,1,1,100,,xls-3927
2026-08-14,10,TIERRAS,3701.02.05,EXPLANACIONES,Excavaciones en material común NO APROVECHABLE,UF1,3701,tm2 pk 14+225 - 14+635,14225,14635,CAMPO,22,m3,518,1,1.3,398.46153846153845,,xls-3928
2026-08-14,14,TIERRAS,3701.02.08,EXPLANACIONES,Conformación y disposición de sobrantes (incluye obras de adecuación),UF1,3701,RCD 15+800,15800,15800,CAMPO,22,m3,518,1,1.3,398.46153846153845,,xls-3929
2026-08-14,10,TIERRAS,3701.02.05,EXPLANACIONES,Excavaciones en material común APROVECHABLE,UF1,3701,tm2 pk 19+000 - 20+875,19000,20875,CAMPO,22,m3,963.66,1,1.3,741.276923076923,,xls-3930
2026-08-14,85,TIERRAS,3702.02.07,EXPLANACIONES,Terraplenes (solo conformación),UF2,3702,tm2 pk 38+064 - 38+864,38064,38864,CAMPO,22,m3,253.54,1,1.3,195.0307692307692,,xls-3931
2026-08-14,85,TIERRAS,3702.02.07,EXPLANACIONES,Terraplenes (solo conformación),UF2,3702,tm2 pk 34+445 - 35+700,34445,35700,CAMPO,22,m3,250.44,1,1.3,192.64615384615385,,xls-3932
2026-08-14,13,TIERRAS,3701.02.07,EXPLANACIONES,Terraplenes (solo conformación),UF1,3701,tm2 pk 19+000 - 20+875,19000,20875,CAMPO,22,m3,459.68,1,1.3,353.59999999999997,,xls-3933
2026-08-14,149,TIERRAS,3701.05.04,ESTRUCTURAS,Relleno para muros de tierra MSR,UF1,3701,MSR 14+300,14300,14500,CAMPO,22,M3,126,1,1,126,,xls-3934
2026-08-14,10,TIERRAS,3701.02.05,EXPLANACIONES,Excavaciones en material común APROVECHABLE,UF1,3701,tm2 pk 14+225 - 14+635,14225,14635,CAMPO,22,m3,126,1,1.3,96.92307692307692,,xls-3935
2026-08-14,147,TIERRAS,3701.05.02,ESTRUCTURAS,"Geodren planar h=0,5 m MSR",UF1,3701,MSR 14+300,14300,14500,CAMPO,22,M,150,1,1,150,,xls-3936
2026-08-15,59,DRENAJES Y ESTRUCTURAS,3701.07.01,DRENAJE LONGITUDINAL,Excavaciones varias sin clasicar ODL,UF1,3701,tm2 pk 19+000 - 20+875,19000,20875,CAMPO,22,m3,3,1,1,3,[Clima: Lluvias parciales],xls-3937
2026-08-15,67,DRENAJES Y ESTRUCTURAS,3701.07.08,DRENAJE LONGITUDINAL,Acero de refuerzo Fy=420 Mpa. ODL,UF1,3701,ODT1-043B,19362,19362,CAMPO,22,kg,130,1,1,130,,xls-3938
2026-08-15,33,DRENAJES Y ESTRUCTURAS,3701.06.04,DRENAJE TRANSVERSAL,Acero de refuerzo Fy=420 Mpa.,UF1,3701,ODT1-048,20219,20219,CAMPO,22,kg,100,1,1,100,,xls-3939
2026-08-15,10,TIERRAS,3701.02.05,EXPLANACIONES,Excavaciones en material común APROVECHABLE,UF1,3701,tm2 pk 19+000 - 20+875,19000,20875,CAMPO,22,m3,230.44,1,1.3,177.26153846153846,,xls-3940
2026-08-15,10,TIERRAS,3701.02.05,EXPLANACIONES,Excavaciones en material común NO APROVECHABLE,UF1,3701,tm2 pk 19+000 - 20+875,19000,20875,CAMPO,22,m3,14,1,1.3,10.769230769230768,,xls-3941
2026-08-15,14,TIERRAS,3701.02.08,EXPLANACIONES,Conformación y disposición de sobrantes (incluye obras de adecuación),UF1,3701,RCD 15+800,15800,15800,CAMPO,22,m3,14,1,1.3,10.769230769230768,,xls-3942
2026-08-15,85,TIERRAS,3702.02.07,EXPLANACIONES,Terraplenes (solo conformación),UF2,3702,tm2 pk 34+445 - 35+700,34445,35700,CAMPO,22,m3,230.44,1,1.3,177.26153846153846,,xls-3943
2026-08-15,13,TIERRAS,3701.02.07,EXPLANACIONES,Terraplenes (solo conformación),UF1,3701,tm2 pk 14+225 - 14+635,14225,14635,CAMPO,22,m3,74,1,1.3,56.92307692307692,,xls-3944
2026-08-15,10,TIERRAS,3701.02.05,EXPLANACIONES,Excavaciones en material común APROVECHABLE,UF1,3701,tm2 pk 14+225 - 14+635,14225,14635,CAMPO,22,m3,74,1,1.3,56.92307692307692,,xls-3945
2026-08-15,4,TIERRAS,3701.01.04,DEMOLICIONES Y REUBICACIONES,Remoción de cercas de alambre,UF1,3701,tm2 pk 16+210 - 17+120,16210,17120,CAMPO,22,m,156,1,1,156,,xls-3946
2026-08-15,5,TIERRAS,3701.01.05,DEMOLICIONES Y REUBICACIONES,Cercas de alambre de púas con postes de concreto,UF1,3701,tm2 pk 16+210 - 17+120,16210,17120,CAMPO,22,m,156,1,1,156,,xls-3947
2026-08-15,76,TIERRAS,3702.01.04,DEMOLICIONES Y REUBICACIONES,Remoción de cercas de alambre,UF2,3702,tm2 pk 35+700 - 36+399,35700,36399,CAMPO,22,m,86,1,1,86,,xls-3948
2026-08-15,77,TIERRAS,3702.01.05,DEMOLICIONES Y REUBICACIONES,Cercas de alambre de púas con postes de concreto,UF2,3702,tm2 pk 35+700 - 36+399,35700,36399,CAMPO,22,m,162,1,1,162,,xls-3949
2026-08-15,76,TIERRAS,3702.01.04,DEMOLICIONES Y REUBICACIONES,Remoción de cercas de alambre,UF2,3702,tm2 pk 36+555 - 37+080,36555,37080,CAMPO,22,m,260,1,1,260,,xls-3950
2026-08-15,77,TIERRAS,3702.01.05,DEMOLICIONES Y REUBICACIONES,Cercas de alambre de púas con postes de concreto,UF2,3702,tm2 pk 36+555 - 37+080,36555,37080,CAMPO,22,m,504,1,1,504,,xls-3951
2026-08-15,76,TIERRAS,3702.01.04,DEMOLICIONES Y REUBICACIONES,Remoción de cercas de alambre,UF2,3702,tm2 pk 37+130 - 37+655,37130,37655,CAMPO,22,m,213,1,1,213,,xls-3952
2026-08-15,77,TIERRAS,3702.01.05,DEMOLICIONES Y REUBICACIONES,Cercas de alambre de púas con postes de concreto,UF2,3702,tm2 pk 37+130 - 37+655,37130,37655,CAMPO,22,m,213,1,1,213,,xls-3953
2026-08-15,76,TIERRAS,3702.01.04,DEMOLICIONES Y REUBICACIONES,Remoción de cercas de alambre,UF2,3702,tm2 pk 38+064 - 38+864,38064,38864,CAMPO,22,m,306,1,1,306,,xls-3954
2026-08-15,77,TIERRAS,3702.01.05,DEMOLICIONES Y REUBICACIONES,Cercas de alambre de púas con postes de concreto,UF2,3702,tm2 pk 38+064 - 38+864,38064,38864,CAMPO,22,m,306,1,1,306,,xls-3955
2026-08-15,76,TIERRAS,3702.01.04,DEMOLICIONES Y REUBICACIONES,Remoción de cercas de alambre,UF2,3702,tm2 pk 39+200 - 39+560,39200,39560,CAMPO,22,m,210,1,1,210,,xls-3956
2026-08-15,77,TIERRAS,3702.01.05,DEMOLICIONES Y REUBICACIONES,Cercas de alambre de púas con postes de concreto,UF2,3702,tm2 pk 39+200 - 39+560,39200,39560,CAMPO,22,m,210,1,1,210,,xls-3957
2026-08-13,65,DRENAJES Y ESTRUCTURAS,3701.07.07,DRENAJE LONGITUDINAL,Concreto clase 14 MPA (Cunetas de terraza y coronación),UF1,3701,ODT1-043A,19362,19362,CAMPO,22,m3,3.5,1,1,3.5,,xls-3958
2026-08-13,38,DRENAJES Y ESTRUCTURAS,3701.06.09,DRENAJE TRANSVERSAL,"Concreto clase  28 MPA (encoles, descoles, box, sumideros)",UF1,3701,ODT1-043A,19362,19362,CAMPO,22,m3,2.5,1,1,2.5,,xls-3959
2026-08-13,110,DRENAJES Y ESTRUCTURAS,3702.06.09,DRENAJE TRANSVERSAL,"Concreto clase  28 MPA (encoles, descoles, box, sumideros)",UF2,3702,ODT2-035,36992,36992,CAMPO,22,m3,4.5,1,1,4.5,,xls-3960
2026-08-18,33,DRENAJES Y ESTRUCTURAS,3701.06.04,DRENAJE TRANSVERSAL,Acero de refuerzo Fy=420 Mpa.,UF1,3701,ODT1-057,21386,21386,CAMPO,23,kg,500,1,1,500,[Clima: lluvias],xls-3961
2026-08-18,103,DRENAJES Y ESTRUCTURAS,3702.06.02,DRENAJE TRANSVERSAL,Rellenos con material seleccionado,UF2,3702,ODT2-036,37036,37036,CAMPO,23,m3,28,1,1,28,,xls-3962
2026-08-18,33,DRENAJES Y ESTRUCTURAS,3701.06.04,DRENAJE TRANSVERSAL,Acero de refuerzo Fy=420 Mpa.,UF1,3701,ODT1-070,25564,25564,CAMPO,23,kg,270,1,1,270,,xls-3963
2026-08-19,59,DRENAJES Y ESTRUCTURAS,3701.07.01,DRENAJE LONGITUDINAL,Excavaciones varias sin clasicar ODL,UF1,3701,tm2 pk 19+000 - 20+875,19000,20875,CAMPO,23,m3,2,1,1,2,[Clima: lluvias parciales],xls-3964
2026-08-19,33,DRENAJES Y ESTRUCTURAS,3701.06.04,DRENAJE TRANSVERSAL,Acero de refuerzo Fy=420 Mpa.,UF1,3701,ODT1-048,20219,20219,CAMPO,23,kg,150,1,1,150,,xls-3965
2026-08-19,30,DRENAJES Y ESTRUCTURAS,3701.06.01,DRENAJE TRANSVERSAL,Excavaciones varias sin clasicar,UF1,3701,ODT1-047,20108,20108,CAMPO,23,m3,3,1,1,3,,xls-3966
2026-08-19,33,DRENAJES Y ESTRUCTURAS,3701.06.04,DRENAJE TRANSVERSAL,Acero de refuerzo Fy=420 Mpa.,UF1,3701,ODT1-057,21386,21386,CAMPO,23,kg,2000,1,1,2000,,xls-3967
2026-08-19,38,DRENAJES Y ESTRUCTURAS,3701.06.09,DRENAJE TRANSVERSAL,"Concreto clase  28 MPA (encoles, descoles, box, sumideros)",UF1,3701,ODT1-072,25803,25803,CAMPO,23,m3,3.5,1,1,3.5,,xls-3968
2026-08-19,33,DRENAJES Y ESTRUCTURAS,3701.06.04,DRENAJE TRANSVERSAL,Acero de refuerzo Fy=420 Mpa.,UF1,3701,ODT1-070,25564,25564,CAMPO,23,kg,270,1,1,270,,xls-3969
2026-08-19,30,DRENAJES Y ESTRUCTURAS,3701.06.01,DRENAJE TRANSVERSAL,Excavaciones varias sin clasicar,UF1,3701,ODT1-070,25564,25564,CAMPO,23,m3,26,1,1,26,,xls-3970
2026-08-18,33,DRENAJES Y ESTRUCTURAS,3701.06.04,DRENAJE TRANSVERSAL,Acero de refuerzo Fy=420 Mpa.,UF1,3701,ODT1-070,25564,25564,CAMPO,23,kg,270,1,1,270,,xls-3971
2026-08-18,10,TIERRAS,3701.02.05,EXPLANACIONES,Excavaciones en material común APROVECHABLE,UF1,3701,tm2 pk 14+225 - 14+635,14225,14635,CAMPO,23,m3,1,1,1.3,0.7692307692307692,,xls-3972
2026-08-19,156,TIERRAS,3701.05.11,ESTRUCTURAS,Geobolsas de geotextil (propybag) MSR,UF1,3701,MSR 14+300,14300,14500,CAMPO,23,UND,10,1,1,10,,xls-3973
2026-08-19,10,TIERRAS,3701.02.05,EXPLANACIONES,Excavaciones en material común APROVECHABLE,UF1,3701,tm2 pk 14+225 - 14+635,14225,14635,CAMPO,23,m3,336,1,1.3,258.46153846153845,,xls-3974
2026-08-19,10,TIERRAS,3701.02.05,EXPLANACIONES,Excavaciones en material común NO APROVECHABLE,UF1,3701,tm2 pk 14+225 - 14+635,14225,14635,CAMPO,23,m3,1066.31,1,1.3,820.2384615384615,,xls-3975
2026-08-19,14,TIERRAS,3701.02.08,EXPLANACIONES,Conformación y disposición de sobrantes (incluye obras de adecuación),UF1,3701,RCD 15+800,15800,15800,CAMPO,23,m3,1066.31,1,1.3,820.2384615384615,,xls-3976
2026-08-19,85,TIERRAS,3702.02.07,EXPLANACIONES,Terraplenes (solo conformación),UF2,3702,tm2 pk 34+445 - 35+700,34445,35700,CAMPO,23,m3,70,1,1.3,53.84615384615385,,xls-3977
2026-08-19,85,TIERRAS,3702.02.07,EXPLANACIONES,Terraplenes (solo conformación),UF2,3702,tm2 pk 36+555 - 37+080,36555,37080,CAMPO,23,m3,112,1,1.3,86.15384615384615,,xls-3978
2026-08-19,85,TIERRAS,3702.02.07,EXPLANACIONES,Terraplenes (solo conformación),UF2,3702,tm2 pk 38+064 - 38+864,38064,38864,CAMPO,23,m3,154,1,1.3,118.46153846153845,,xls-3979
2026-08-19,90,TIERRAS,3702.03.01,"BASES, SUBBASES Y AFIRMADOS",Subbase Granular,UF2,3702,tm2 pk 36+555 - 37+080,36555,37080,CAMPO,23,m3,276.2,1,1.3,212.46153846153845,,xls-3980
2026-08-20,30,DRENAJES Y ESTRUCTURAS,3701.06.01,DRENAJE TRANSVERSAL,Excavaciones varias sin clasicar,UF1,3701,ODT1-070,25564,25564,CAMPO,23,m3,6,1,1,6,[Clima: Soleado],xls-3981
2026-08-20,31,DRENAJES Y ESTRUCTURAS,3701.06.02,DRENAJE TRANSVERSAL,Rellenos con material seleccionado,UF1,3701,ODT1-070,25564,25564,CAMPO,23,m3,16,1,1,16,,xls-3982
2026-08-20,33,DRENAJES Y ESTRUCTURAS,3701.06.04,DRENAJE TRANSVERSAL,Acero de refuerzo Fy=420 Mpa.,UF1,3701,ODT1-070,25564,25564,CAMPO,23,kg,100,1,1,100,,xls-3983
2026-08-20,38,DRENAJES Y ESTRUCTURAS,3701.06.09,DRENAJE TRANSVERSAL,"Concreto clase  28 MPA (encoles, descoles, box, sumideros)",UF1,3701,ODT1-070,25564,25564,CAMPO,23,m3,5.5,1,1,5.5,,xls-3984
2026-08-20,33,DRENAJES Y ESTRUCTURAS,3701.06.04,DRENAJE TRANSVERSAL,Acero de refuerzo Fy=420 Mpa.,UF1,3701,ODT1-048,20219,20219,CAMPO,23,kg,213.15,1,1,213.15,,xls-3985
2026-08-20,30,DRENAJES Y ESTRUCTURAS,3701.06.01,DRENAJE TRANSVERSAL,Excavaciones varias sin clasicar,UF1,3701,ODT1-047,20108,20108,CAMPO,23,m3,5,1,1,5,,xls-3986
2026-08-20,30,DRENAJES Y ESTRUCTURAS,3701.06.01,DRENAJE TRANSVERSAL,Excavaciones varias sin clasicar,UF1,3701,ODT1-070,25564,25564,CAMPO,23,m3,0.5,1,1,0.5,,xls-3987
2026-08-20,33,DRENAJES Y ESTRUCTURAS,3701.06.04,DRENAJE TRANSVERSAL,Acero de refuerzo Fy=420 Mpa.,UF1,3701,ODT1-057,21386,21386,CAMPO,23,kg,3000,1,1,3000,,xls-3988
2026-08-20,19,TIERRAS,3701.03.03,"BASES, SUBBASES Y AFIRMADOS",Base granular estabilizada con cemento (No incluye cemento),UF1,3701,tm2 pk 25+530 - 26+612,25530,26612,CAMPO,23,m3,390,1,1.3,300,[Clima: Soleado],xls-3989
2026-08-20,19,TIERRAS,3701.03.03,"BASES, SUBBASES Y AFIRMADOS",Base granular estabilizada con cemento (No incluye cemento),UF1,3701,tm2 pk 25+530 - 26+612,25530,26612,CAMPO,23,m3,383.15000000000003,1,1.3,294.7307692307692,,xls-3990
2026-08-20,90,TIERRAS,3702.03.01,"BASES, SUBBASES Y AFIRMADOS",Subbase Granular,UF2,3702,tm2 pk 36+555 - 37+080,36555,37080,CAMPO,23,m3,80.48,1,1.3,61.90769230769231,,xls-3991
2026-08-20,10,TIERRAS,3701.02.05,EXPLANACIONES,Excavaciones en material común APROVECHABLE,UF1,3701,tm2 pk 14+225 - 14+635,14225,14635,CAMPO,23,m3,28,1,1.3,21.538461538461537,,xls-3992
2026-08-20,149,TIERRAS,3701.05.04,ESTRUCTURAS,Relleno para muros de tierra MSR,UF1,3701,MSR 14+300,14300,14500,CAMPO,23,M3,70,1,1,70,,xls-3993
2026-08-20,153,TIERRAS,3701.05.08,ESTRUCTURAS,Geotextil tejido uniaxial de 1480 n (método grab md),UF1,3701,MSR 14+300,14300,14500,CAMPO,23,M2,40,1,1,40,,xls-3994
2026-08-20,156,TIERRAS,3701.05.11,ESTRUCTURAS,Geobolsas de geotextil (propybag) MSR,UF1,3701,MSR 14+300,14300,14500,CAMPO,23,UND,180,1,1,180,,xls-3995
2026-08-20,151,TIERRAS,3701.05.06,ESTRUCTURAS,Geomalla tejida uniaxial de 55 kn/m (método md),UF1,3701,MSR 14+300,14300,14500,CAMPO,23,M2,175,1,1,175,,xls-3996
2026-08-20,13,TIERRAS,3701.02.07,EXPLANACIONES,Terraplenes (solo conformación),UF1,3701,tm2 pk 14+225 - 14+635,14225,14635,CAMPO,23,m3,42,1,1.3,32.30769230769231,,xls-3997
2026-08-20,13,TIERRAS,3701.02.07,EXPLANACIONES,Terraplenes (solo conformación),UF1,3701,tm2 pk 14+225 - 14+635,14225,14635,CAMPO,23,m3,28,1,1.3,21.538461538461537,,xls-3998
2026-08-20,90,TIERRAS,3702.03.01,"BASES, SUBBASES Y AFIRMADOS",Subbase Granular,UF2,3702,tm2 pk 34+445 - 35+700,34445,35700,CAMPO,23,m3,112.28,1,1.3,86.36923076923077,,xls-3999
2026-08-20,90,TIERRAS,3702.03.01,"BASES, SUBBASES Y AFIRMADOS",Subbase Granular,UF2,3702,tm2 pk 38+064 - 38+864,38064,38864,CAMPO,23,m3,76,1,1.3,58.46153846153846,,xls-4000
2026-08-21,90,TIERRAS,3702.03.01,"BASES, SUBBASES Y AFIRMADOS",Subbase Granular,UF2,3702,tm2 pk 34+445 - 35+700,34445,35700,CAMPO,23,m3,93.64,1,1.3,72.03076923076922,[Clima: Soleado],xls-4001
2026-08-21,10,TIERRAS,3701.02.05,EXPLANACIONES,Excavaciones en material común APROVECHABLE,UF1,3701,tm2 pk 14+225 - 14+635,14225,14635,CAMPO,23,m3,939.5,1,1.3,722.6923076923076,,xls-4002
2026-08-21,13,TIERRAS,3701.02.07,EXPLANACIONES,Terraplenes (solo conformación),UF1,3701,tm2 pk 14+225 - 14+635,14225,14635,CAMPO,23,m3,28,1,1.3,21.538461538461537,,xls-4003
2026-08-21,13,TIERRAS,3701.02.07,EXPLANACIONES,Terraplenes (solo conformación),UF1,3701,tm2 pk 19+000 - 20+875,19000,20875,CAMPO,23,m3,392,1,1.3,301.53846153846155,,xls-4004
2026-08-21,85,TIERRAS,3702.02.07,EXPLANACIONES,Terraplenes (solo conformación),UF2,3702,tm2 pk 36+555 - 37+080,36555,37080,CAMPO,23,m3,154,1,1.3,118.46153846153845,,xls-4005
2026-08-21,85,TIERRAS,3702.02.07,EXPLANACIONES,Terraplenes (solo conformación),UF2,3702,tm2 pk 38+064 - 38+864,38064,38864,CAMPO,23,m3,365.5,1,1.3,281.15384615384613,,xls-4006
2026-08-21,19,TIERRAS,3701.03.03,"BASES, SUBBASES Y AFIRMADOS",Base granular estabilizada con cemento (No incluye cemento),UF1,3701,tm2 pk 25+530 - 26+612,25530,26612,CAMPO,23,m3,300,1,1.3,230.76923076923077,,xls-4007
2026-08-21,19,TIERRAS,3701.03.03,"BASES, SUBBASES Y AFIRMADOS",Base granular estabilizada con cemento (No incluye cemento),UF1,3701,tm2 pk 25+530 - 26+612,25530,26612,CAMPO,23,m3,217.54,1,1.3,167.33846153846153,,xls-4008
2026-08-21,38,DRENAJES Y ESTRUCTURAS,3701.06.09,DRENAJE TRANSVERSAL,"Concreto clase  28 MPA (encoles, descoles, box, sumideros)",UF1,3701,ODT1-047,20108,20108,CAMPO,23,m3,5.2,1,1,5.2,[Clima: Soleado],xls-4009
2026-08-21,31,DRENAJES Y ESTRUCTURAS,3701.06.02,DRENAJE TRANSVERSAL,Rellenos con material seleccionado,UF1,3701,ODT1-048,20219,20219,CAMPO,23,m3,350,1,1,350,,xls-4010
2026-08-21,33,DRENAJES Y ESTRUCTURAS,3701.06.04,DRENAJE TRANSVERSAL,Acero de refuerzo Fy=420 Mpa.,UF1,3701,ODT1-070,25564,25564,CAMPO,23,kg,120,1,1,120,,xls-4011
2026-08-21,38,DRENAJES Y ESTRUCTURAS,3701.06.09,DRENAJE TRANSVERSAL,"Concreto clase  28 MPA (encoles, descoles, box, sumideros)",UF1,3701,ODT1-057,21386,21386,CAMPO,23,m3,45.5,1,1,45.5,,xls-4012
2026-08-21,65,DRENAJES Y ESTRUCTURAS,3701.07.07,DRENAJE LONGITUDINAL,Concreto clase 14 MPA (Cunetas de terraza y coronación),UF1,3701,tm2 pk 19+000 - 20+875,19000,20875,CAMPO,23,m3,4,1,1,4,,xls-4013
2026-08-22,23,PAVIMENTOS,3701.04.01,PAVIMENTOS ASFALTICOS,Riego de imprimación con emulsión asfáltica,UF1,3701,tm2 pk 25+530 - 26+612,25530,26612,CAMPO,23,m2,3600,1,1,3600,[Clima: Soleado],xls-4014
2026-08-22,10,TIERRAS,3701.02.05,EXPLANACIONES,Excavaciones en material común APROVECHABLE,UF1,3701,tm2 pk 14+225 - 14+635,14225,14635,CAMPO,23,m3,198.68,1,1.3,152.83076923076922,,xls-4015
2026-08-22,85,TIERRAS,3702.02.07,EXPLANACIONES,Terraplenes (solo conformación),UF2,3702,tm2 pk 36+555 - 37+080,36555,37080,CAMPO,23,m3,154,1,1.3,118.46153846153845,,xls-4016
2026-08-22,85,TIERRAS,3702.02.07,EXPLANACIONES,Terraplenes (solo conformación),UF2,3702,tm2 pk 38+064 - 38+864,38064,38864,CAMPO,23,m3,44.68,1,1.3,34.36923076923077,,xls-4017
2026-08-22,10,TIERRAS,3701.02.05,EXPLANACIONES,Excavaciones en material común APROVECHABLE,UF1,3701,tm2 pk 19+000 - 20+875,19000,20875,CAMPO,23,m3,198.68,1,1.3,152.83076923076922,[Clima: Soleado],xls-4018
2026-08-22,85,TIERRAS,3702.02.07,EXPLANACIONES,Terraplenes (solo conformación),UF2,3702,tm2 pk 36+555 - 37+080,36555,37080,CAMPO,23,m3,154,1,1.3,118.46153846153845,,xls-4019
2026-08-22,85,TIERRAS,3702.02.07,EXPLANACIONES,Terraplenes (solo conformación),UF2,3702,tm2 pk 38+064 - 38+864,38064,38864,CAMPO,23,m3,44.68,1,1.3,34.36923076923077,,xls-4020
2026-08-22,149,TIERRAS,3701.05.04,ESTRUCTURAS,Relleno para muros de tierra MSR,UF1,3701,MSR 14+300,14300,14500,CAMPO,23,M3,84,1,1.3,64.61538461538461,,xls-4021
2026-08-22,156,TIERRAS,3701.05.11,ESTRUCTURAS,Geobolsas de geotextil (propybag) MSR,UF1,3701,MSR 14+300,14300,14500,CAMPO,23,UND,200,1,1,200,,xls-4022
2026-08-22,155,TIERRAS,3701.05.10,ESTRUCTURAS,Geodrén planar h=1 m MSR,UF1,3701,MSR 14+300,14300,14500,CAMPO,23,M,30,1,1,30,,xls-4023
2026-08-22,59,DRENAJES Y ESTRUCTURAS,3701.07.01,DRENAJE LONGITUDINAL,Excavaciones varias sin clasicar ODL,UF1,3701,tm2 pk 19+000 - 20+875,19000,20875,CAMPO,23,m3,2,1,1.3,1.5384615384615383,[Clima: Soleado],xls-4024
2026-08-22,33,DRENAJES Y ESTRUCTURAS,3701.06.04,DRENAJE TRANSVERSAL,Acero de refuerzo Fy=420 Mpa.,UF1,3701,ODT1-047,20108,20108,CAMPO,23,kg,60,1,1,60,,xls-4025
2026-08-22,38,DRENAJES Y ESTRUCTURAS,3701.06.09,DRENAJE TRANSVERSAL,"Concreto clase  28 MPA (encoles, descoles, box, sumideros)",UF1,3701,ODT1-070,25564,25564,CAMPO,23,m3,5.5,1,1,5.5,,xls-4026
2026-08-22,38,DRENAJES Y ESTRUCTURAS,3701.06.09,DRENAJE TRANSVERSAL,"Concreto clase  28 MPA (encoles, descoles, box, sumideros)",UF1,3701,ODT1-072,25803,25803,CAMPO,23,m3,3.5,1,1,3.5,,xls-4027
2026-08-24,10,TIERRAS,3701.02.05,EXPLANACIONES,Excavaciones en material común APROVECHABLE,UF1,3701,tm2 pk 20+875 - 22+650,20875,22650,CAMPO,23,m3,168,1,1.3,129.23076923076923,[Clima: Soleado],xls-4028
2026-08-24,85,TIERRAS,3702.02.07,EXPLANACIONES,Terraplenes (solo conformación),UF2,3702,tm2 pk 36+555 - 37+080,36555,37080,CAMPO,23,m3,168,1,1.3,129.23076923076923,,xls-4029
2026-08-24,91,TIERRAS,3702.03.03,"BASES, SUBBASES Y AFIRMADOS",Base granular estabilizada con cemento (No incluye cemento),UF2,3702,tm2 pk 36+555 - 37+080,36555,37080,CAMPO,23,m3,809.75,1,1.3,622.8846153846154,,xls-4030
2026-08-24,152,TIERRAS,3701.05.07,ESTRUCTURAS,Geomalla tejida uniaxial de 115 kn/m (método md),UF1,3701,MSR 14+300,14300,14500,CAMPO,23,M2,35.1,1,1,35.1,,xls-4031
2026-08-24,151,TIERRAS,3701.05.06,ESTRUCTURAS,Geomalla tejida uniaxial de 55 kn/m (método md),UF1,3701,MSR 14+300,14300,14500,CAMPO,23,M2,425.1,1,1,425.1,,xls-4032
2026-08-24,156,TIERRAS,3701.05.11,ESTRUCTURAS,Geobolsas de geotextil (propybag) MSR,UF1,3701,MSR 14+300,14300,14500,CAMPO,23,UND,200,1,1,200,,xls-4033
2026-08-24,65,DRENAJES Y ESTRUCTURAS,3701.07.07,DRENAJE LONGITUDINAL,Concreto clase 14 MPA (Cunetas de terraza y coronación),UF1,3701,tm2 pk 19+000 - 20+875,19000,20875,CAMPO,23,m3,4,1,1,4,,xls-4034
2026-08-24,38,DRENAJES Y ESTRUCTURAS,3701.06.09,DRENAJE TRANSVERSAL,"Concreto clase  28 MPA (encoles, descoles, box, sumideros)",UF1,3701,ODT1-047,20108,20108,CAMPO,23,m3,4.3,1,1,4.3,,xls-4035
2026-08-24,38,DRENAJES Y ESTRUCTURAS,3701.06.09,DRENAJE TRANSVERSAL,"Concreto clase  28 MPA (encoles, descoles, box, sumideros)",UF1,3701,ODT1-070,25564,25564,CAMPO,23,m3,4.5,1,1,4.5,,xls-4036
2026-08-24,33,DRENAJES Y ESTRUCTURAS,3701.06.04,DRENAJE TRANSVERSAL,Acero de refuerzo Fy=420 Mpa.,UF1,3701,ODT1-070,25564,25564,CAMPO,23,kg,220,1,1,220,,xls-4037
2026-08-25,33,DRENAJES Y ESTRUCTURAS,3701.06.04,DRENAJE TRANSVERSAL,Acero de refuerzo Fy=420 Mpa.,UF1,3701,ODT1-047,20108,20108,CAMPO,23,kg,133.16,1,1,133.16,[Clima: Soleado],xls-4038
2026-08-25,59,DRENAJES Y ESTRUCTURAS,3701.07.01,DRENAJE LONGITUDINAL,Excavaciones varias sin clasicar ODL,UF1,3701,tm2 pk 19+000 - 20+875,19000,20875,CAMPO,23,m3,5,1,1,5,,xls-4039
2026-08-25,90,TIERRAS,3702.03.01,"BASES, SUBBASES Y AFIRMADOS",Subbase Granular,UF2,3702,tm2 pk 38+064 - 38+864,38064,38864,CAMPO,23,m3,117.98,1,1.3,90.75384615384615,,xls-4040
2026-08-25,90,TIERRAS,3702.03.01,"BASES, SUBBASES Y AFIRMADOS",Subbase Granular,UF2,3702,tm2 pk 34+445 - 35+700,34445,35700,CAMPO,23,m3,61.69,1,1.3,47.45384615384615,,xls-4041
2026-08-25,90,TIERRAS,3702.03.01,"BASES, SUBBASES Y AFIRMADOS",Subbase Granular,UF2,3702,tm2 pk 38+064 - 38+864,38064,38864,CAMPO,23,m3,862.4000000000001,1,1.3,663.3846153846155,,xls-4042
2026-08-25,156,TIERRAS,3701.05.11,ESTRUCTURAS,Geobolsas de geotextil (propybag) MSR,UF1,3701,MSR 14+300,14300,14500,CAMPO,23,UND,660,1,1,660,,xls-4043
2026-08-25,156,TIERRAS,3701.05.11,ESTRUCTURAS,Geobolsas de geotextil (propybag) MSR,UF1,3701,MSR 14+300,14300,14500,CAMPO,23,UND,550,1,1,550,,xls-4044
2026-08-25,149,TIERRAS,3701.05.04,ESTRUCTURAS,Relleno para muros de tierra MSR,UF1,3701,MSR 14+300,14300,14500,CAMPO,23,M3,2404.56,1,1,2404.56,,xls-4045
2026-08-25,147,TIERRAS,3701.05.02,ESTRUCTURAS,"Geodren planar h=0,5 m MSR",UF1,3701,MSR 14+300,14300,14500,CAMPO,23,M,14,1,1,14,,xls-4046
2026-08-25,153,TIERRAS,3701.05.08,ESTRUCTURAS,Geotextil tejido uniaxial de 1480 n (método grab md),UF1,3701,MSR 14+300,14300,14500,CAMPO,23,M2,96,1,1,96,,xls-4047
2026-08-25,152,TIERRAS,3701.05.07,ESTRUCTURAS,Geomalla tejida uniaxial de 115 kn/m (método md),UF1,3701,MSR 14+300,14300,14500,CAMPO,23,M2,105.3,1,1,105.3,,xls-4048
2026-08-25,151,TIERRAS,3701.05.06,ESTRUCTURAS,Geomalla tejida uniaxial de 55 kn/m (método md),UF1,3701,MSR 14+300,14300,14500,CAMPO,23,M2,105.3,1,1,105.3,,xls-4049
2026-08-25,10,TIERRAS,3701.02.05,EXPLANACIONES,Excavaciones en material común APROVECHABLE,UF1,3701,tm2 pk 14+225 - 14+635,14225,14635,CAMPO,23,m3,196,1,1.3,150.76923076923077,,xls-4050
2026-08-25,13,TIERRAS,3701.02.07,EXPLANACIONES,Terraplenes (solo conformación),UF1,3701,tm2 pk 14+225 - 14+635,14225,14635,CAMPO,23,m3,196,1,1.3,150.76923076923077,,xls-4051
2026-08-25,90,TIERRAS,3702.03.01,"BASES, SUBBASES Y AFIRMADOS",Subbase Granular,UF2,3702,tm2 pk 36+555 - 37+080,36555,37080,CAMPO,23,m3,153.07,1,1.3,117.74615384615383,,xls-4052
2026-08-25,91,TIERRAS,3702.03.03,"BASES, SUBBASES Y AFIRMADOS",Base granular estabilizada con cemento (No incluye cemento),UF2,3702,tm2 pk 36+555 - 37+080,36555,37080,CAMPO,23,m3,714.58,1,1.3,549.6769230769231,,xls-4053
2026-08-25,149,TIERRAS,3701.05.04,ESTRUCTURAS,Relleno para muros de tierra MSR,UF1,3701,MSR 14+300,14300,14500,CAMPO,23,M3,266,1,1,266,,xls-4054
2026-08-25,82,TIERRAS,3702.02.05,EXPLANACIONES,Excavaciones en material común NO APROVECHABLE,UF2,3702,tm2 pk 35+885 - 36+050,35885,36050,CAMPO,23,m3,353.1,1,1.3,271.61538461538464,,xls-4055
2026-08-25,14,TIERRAS,3701.02.08,EXPLANACIONES,Conformación y disposición de sobrantes (incluye obras de adecuación),UF1,3701,RCD 15+800,15800,15800,CAMPO,23,m3,210,1,1.3,161.53846153846152,,xls-4056
2026-08-26,82,TIERRAS,3702.02.05,EXPLANACIONES,Excavaciones en material común APROVECHABLE,UF2,3702,tm2 pk 35+700 - 36+399,35700,36399,CAMPO,23,m3,182,1,1.3,140,[Clima: Soleado],xls-4057
2026-09-13,82,TIERRAS,3702.02.05,EXPLANACIONES,Excavaciones en material común NO APROVECHABLE,UF2,3702,tm2 pk 36+399 - 36+555,36399,36555,CAMPO,23,m3,602.16,1,1.3,463.19999999999993,,xls-4058
2026-08-26,86,TIERRAS,3702.02.08,EXPLANACIONES,Conformación y disposición de sobrantes (incluye obras de adecuación),UF2,3702,ZODME PK30,30000,30000,CAMPO,23,m3,98,1,1.3,75.38461538461539,,xls-4059
2026-08-26,13,TIERRAS,3701.02.07,EXPLANACIONES,Terraplenes (solo conformación),UF1,3701,tm2 pk 14+225 - 14+635,14225,14635,CAMPO,23,m3,98,1,1.3,75.38461538461539,,xls-4060
2026-08-26,85,TIERRAS,3702.02.07,EXPLANACIONES,Terraplenes (solo conformación),UF2,3702,tm2 pk 39+200 - 39+560,39200,39560,CAMPO,23,m3,70,1,1.3,53.84615384615385,,xls-4061
2026-08-26,85,TIERRAS,3702.02.07,EXPLANACIONES,Terraplenes (solo conformación),UF2,3702,tm2 pk 32+508 - 33+090,32508,33090,CAMPO,23,m3,14,1,1.3,10.769230769230768,,xls-4062
2026-08-26,149,TIERRAS,3701.05.04,ESTRUCTURAS,Relleno para muros de tierra MSR,UF1,3701,MSR 14+300,14300,14500,CAMPO,23,M3,84,1,1,84,,xls-4063
2026-08-26,59,DRENAJES Y ESTRUCTURAS,3701.07.01,DRENAJE LONGITUDINAL,Excavaciones varias sin clasicar ODL,UF1,3701,tm2 pk 19+000 - 20+875,19000,20875,CAMPO,23,m3,4,1,1.3,3.0769230769230766,,xls-4064
2026-08-26,102,DRENAJES Y ESTRUCTURAS,3702.06.01,DRENAJE TRANSVERSAL,Excavaciones varias sin clasicar,UF2,3702,ODT2-044,39394,39394,CAMPO,23,m3,300,1,1.3,230.76923076923077,,xls-4065
2026-08-26,108,DRENAJES Y ESTRUCTURAS,3702.06.07,DRENAJE TRANSVERSAL,"Concreto clase 14 MPA (solados, estructuras)",UF2,3702,ODT2-044,39394,39394,CAMPO,23,m3,5.5,1,1,5.5,,xls-4066
2026-08-26,102,DRENAJES Y ESTRUCTURAS,3702.06.01,DRENAJE TRANSVERSAL,Excavaciones varias sin clasicar,UF2,3702,ODT2-041,38344,38344,CAMPO,23,m3,300,1,1.3,230.76923076923077,,xls-4067
2026-08-26,33,DRENAJES Y ESTRUCTURAS,3701.06.04,DRENAJE TRANSVERSAL,Acero de refuerzo Fy=420 Mpa.,UF1,3701,ODT1-047,20108,20108,CAMPO,23,kg,160,1,1,160,,xls-4068
2026-08-26,38,DRENAJES Y ESTRUCTURAS,3701.06.09,DRENAJE TRANSVERSAL,"Concreto clase  28 MPA (encoles, descoles, box, sumideros)",UF1,3701,ODT1-048,20219,20219,CAMPO,23,m3,5.1,1,1,5.1,,xls-4069
2026-08-26,38,DRENAJES Y ESTRUCTURAS,3701.06.09,DRENAJE TRANSVERSAL,"Concreto clase  28 MPA (encoles, descoles, box, sumideros)",UF1,3701,ODT1-070,25564,25564,CAMPO,23,m3,4.5,1,1,4.5,,xls-4070
2026-08-26,30,DRENAJES Y ESTRUCTURAS,3701.06.01,DRENAJE TRANSVERSAL,Excavaciones varias sin clasicar,UF1,3701,ODT1-071,25699,25699,CAMPO,23,m3,20,1,1.3,15.384615384615383,,xls-4071
2026-08-27,91,TIERRAS,3702.03.03,"BASES, SUBBASES Y AFIRMADOS",Base granular estabilizada con cemento (No incluye cemento),UF2,3702,tm2 pk 36+555 - 37+080,36555,37080,CAMPO,23,m3,771.46,1,1.3,593.4307692307692,[Clima: Soleado],xls-4072
2026-08-27,90,TIERRAS,3702.03.01,"BASES, SUBBASES Y AFIRMADOS",Subbase Granular,UF2,3702,tm2 pk 36+555 - 37+080,36555,37080,CAMPO,23,m3,212.3,1,1.3,163.30769230769232,,xls-4073
2026-08-27,90,TIERRAS,3702.03.01,"BASES, SUBBASES Y AFIRMADOS",Subbase Granular,UF2,3702,tm2 pk 38+064 - 38+864,38064,38864,CAMPO,23,m3,324.59,1,1.3,249.68461538461537,,xls-4074
2026-08-27,10,TIERRAS,3701.02.05,EXPLANACIONES,Excavaciones en material común APROVECHABLE,UF1,3701,tm2 pk 14+225 - 14+635,14225,14635,CAMPO,23,m3,120,1,1.3,92.3076923076923,,xls-4075
2026-08-27,30,DRENAJES Y ESTRUCTURAS,3701.06.01,DRENAJE TRANSVERSAL,Excavaciones varias sin clasicar,UF1,3701,ODT1-071,25699,25699,CAMPO,23,m3,2,1,1.3,1.5384615384615383,,xls-4076
2026-08-27,102,DRENAJES Y ESTRUCTURAS,3702.06.01,DRENAJE TRANSVERSAL,Excavaciones varias sin clasicar,UF2,3702,ODT2-029,35957,35957,CAMPO,23,m3,23,1,1.3,17.692307692307693,,xls-4077
2026-08-27,103,DRENAJES Y ESTRUCTURAS,3702.06.02,DRENAJE TRANSVERSAL,Rellenos con material seleccionado,UF2,3702,ODT2-029,35957,35957,CAMPO,23,m3,27.44,1,1.3,21.107692307692307,,xls-4078
2026-08-27,108,DRENAJES Y ESTRUCTURAS,3702.06.07,DRENAJE TRANSVERSAL,"Concreto clase 14 MPA (solados, estructuras)",UF2,3702,ODT2-029,35957,35957,CAMPO,23,m3,2.5,1,1,2.5,,xls-4079
2026-08-27,33,DRENAJES Y ESTRUCTURAS,3701.06.04,DRENAJE TRANSVERSAL,Acero de refuerzo Fy=420 Mpa.,UF1,3701,ODT1-047,20108,20108,CAMPO,23,kg,120,1,1,120,,xls-4080
2026-08-27,102,DRENAJES Y ESTRUCTURAS,3702.06.01,DRENAJE TRANSVERSAL,Excavaciones varias sin clasicar,UF2,3702,ODT2-044,39394,39394,CAMPO,23,m3,50,1,1.3,38.46153846153846,,xls-4081
2026-08-28,59,DRENAJES Y ESTRUCTURAS,3701.07.01,DRENAJE LONGITUDINAL,Excavaciones varias sin clasicar ODL,UF1,3701,tm2 pk 19+000 - 20+875,19000,20875,CAMPO,23,m3,4,1,1,4,,xls-4082
2026-08-28,106,DRENAJES Y ESTRUCTURAS,3702.06.05,DRENAJE TRANSVERSAL,Tubería de Concreto Reforzado de 900mm de diámetro interior (Tipo III),UF2,3702,ODT2-029,35957,35957,CAMPO,23,m,8,1,1,8,,xls-4083
2026-08-28,109,DRENAJES Y ESTRUCTURAS,3702.06.08,DRENAJE TRANSVERSAL,"Concreto clase 21 MPA (atraques, cabezales)",UF2,3702,ODT2-029,35957,35957,CAMPO,23,m3,3,1,1,3,,xls-4084
2026-08-28,30,DRENAJES Y ESTRUCTURAS,3701.06.01,DRENAJE TRANSVERSAL,Excavaciones varias sin clasicar,UF1,3701,ODT1-073,25888,25888,CAMPO,23,m3,2,1,1,2,,xls-4085
2026-08-28,33,DRENAJES Y ESTRUCTURAS,3701.06.04,DRENAJE TRANSVERSAL,Acero de refuerzo Fy=420 Mpa.,UF1,3701,ODT1-047,20108,20108,CAMPO,23,kg,60,1,1,60,,xls-4086
2026-08-28,105,DRENAJES Y ESTRUCTURAS,3702.06.04,DRENAJE TRANSVERSAL,Acero de refuerzo Fy=420 Mpa.,UF2,3702,ODT2-041,38344,38344,CAMPO,23,kg,50,1,1,50,,xls-4087
2026-08-28,105,DRENAJES Y ESTRUCTURAS,3702.06.04,DRENAJE TRANSVERSAL,Acero de refuerzo Fy=420 Mpa.,UF2,3702,ODT2-044,39394,39394,CAMPO,23,kg,100,1,1,100,,xls-4088
2026-08-29,59,DRENAJES Y ESTRUCTURAS,3701.07.01,DRENAJE LONGITUDINAL,Excavaciones varias sin clasicar ODL,UF1,3701,tm2 pk 19+000 - 20+875,19000,20875,CAMPO,23,m3,2,1,1,2,,xls-4089
2026-08-29,30,DRENAJES Y ESTRUCTURAS,3701.06.01,DRENAJE TRANSVERSAL,Excavaciones varias sin clasicar,UF1,3701,ODT1-071,25699,25699,CAMPO,23,m3,2,1,1,2,,xls-4090
2026-08-29,110,DRENAJES Y ESTRUCTURAS,3702.06.09,DRENAJE TRANSVERSAL,"Concreto clase  28 MPA (encoles, descoles, box, sumideros)",UF2,3702,ODT2-041,38344,38344,CAMPO,23,m3,7,1,1,7,,xls-4091
2026-08-29,105,DRENAJES Y ESTRUCTURAS,3702.06.04,DRENAJE TRANSVERSAL,Acero de refuerzo Fy=420 Mpa.,UF2,3702,ODT2-044,39394,39394,CAMPO,23,kg,100,1,1,100,,xls-4092
2026-08-31,59,DRENAJES Y ESTRUCTURAS,3701.07.01,DRENAJE LONGITUDINAL,Excavaciones varias sin clasicar ODL,UF1,3701,tm2 pk 19+000 - 20+875,19000,20875,CAMPO,23,m3,2,1,1,2,,xls-4093
2026-08-31,30,DRENAJES Y ESTRUCTURAS,3701.06.01,DRENAJE TRANSVERSAL,Excavaciones varias sin clasicar,UF1,3701,ODT1-071,25699,25699,CAMPO,23,m3,3,1,1,3,,xls-4094
2026-08-31,105,DRENAJES Y ESTRUCTURAS,3702.06.04,DRENAJE TRANSVERSAL,Acero de refuerzo Fy=420 Mpa.,UF2,3702,ODT2-044,39394,39394,CAMPO,23,kg,100,1,1,100,,xls-4095
2026-08-31,102,DRENAJES Y ESTRUCTURAS,3702.06.01,DRENAJE TRANSVERSAL,Excavaciones varias sin clasicar,UF2,3702,ODT2-041,38344,38344,CAMPO,23,m3,0.83,1,1,0.83,,xls-4096
2026-09-01,38,DRENAJES Y ESTRUCTURAS,3701.06.09,DRENAJE TRANSVERSAL,"Concreto clase  28 MPA (encoles, descoles, box, sumideros)",UF1,3701,ODT1-047,20108,20108,CAMPO,23,m3,6.2,1,1,6.2,,xls-4097
2026-09-01,111,DRENAJES Y ESTRUCTURAS,3702.06.10,DRENAJE TRANSVERSAL,Cinta pvc para juntas,UF2,3702,ODT2-044,39394,39394,CAMPO,23,m,37.14,1,1,37.14,,xls-4098
2026-09-01,110,DRENAJES Y ESTRUCTURAS,3702.06.09,DRENAJE TRANSVERSAL,"Concreto clase  28 MPA (encoles, descoles, box, sumideros)",UF2,3702,ODT2-044,39394,39394,CAMPO,23,m3,23,1,1,23,,xls-4099
2026-09-01,105,DRENAJES Y ESTRUCTURAS,3702.06.04,DRENAJE TRANSVERSAL,Acero de refuerzo Fy=420 Mpa.,UF2,3702,ODT2-044,39394,39394,CAMPO,23,kg,250,1,1,250,,xls-4100
2026-09-01,33,DRENAJES Y ESTRUCTURAS,3701.06.04,DRENAJE TRANSVERSAL,Acero de refuerzo Fy=420 Mpa.,UF1,3701,ODT1-071,25699,25699,CAMPO,23,kg,300,1,1,300,,xls-4101
2026-09-01,102,DRENAJES Y ESTRUCTURAS,3702.06.01,DRENAJE TRANSVERSAL,Excavaciones varias sin clasicar,UF2,3702,ODT2-032,36523,36523,CAMPO,23,m3,24,1,1,24,,xls-4102
2026-08-28,10,TIERRAS,3701.02.05,EXPLANACIONES,Excavaciones en material común APROVECHABLE,UF1,3701,tm2 pk 14+225 - 14+635,14225,14635,CAMPO,23,m3,154,1,1.3,118.46153846153845,[Clima: Soleado],xls-4103
2026-08-28,13,TIERRAS,3701.02.07,EXPLANACIONES,Terraplenes (solo conformación),UF1,3701,tm2 pk 14+225 - 14+635,14225,14635,CAMPO,23,m3,154,1,1.3,118.46153846153845,,xls-4104
2026-08-28,91,TIERRAS,3702.03.03,"BASES, SUBBASES Y AFIRMADOS",Base granular estabilizada con cemento (No incluye cemento),UF2,3702,tm2 pk 36+555 - 37+080,36555,37080,CAMPO,23,m3,381.82,1,1.3,293.7076923076923,,xls-4105
2026-08-28,82,TIERRAS,3702.02.05,EXPLANACIONES,Excavaciones en material común APROVECHABLE,UF2,3702,tm2 pk 35+700 - 36+399,35700,36399,CAMPO,23,m3,28,1,1.3,21.538461538461537,,xls-4106
2026-08-28,13,TIERRAS,3701.02.07,EXPLANACIONES,Terraplenes (solo conformación),UF1,3701,tm2 pk 14+225 - 14+635,14225,14635,CAMPO,23,m3,28,1,1.3,21.538461538461537,,xls-4107
2026-08-28,10,TIERRAS,3701.02.05,EXPLANACIONES,Excavaciones en material común APROVECHABLE,UF1,3701,tm2 pk 19+000 - 20+875,19000,20875,CAMPO,23,m3,400.54,1,1.3,308.10769230769233,,xls-4108
2026-08-28,13,TIERRAS,3701.02.07,EXPLANACIONES,Terraplenes (solo conformación),UF1,3701,tm2 pk 20+875 - 22+650,20875,22650,CAMPO,23,m3,400.54,1,1.3,308.10769230769233,,xls-4109
2026-08-28,95,PAVIMENTOS,3702.04.01,PAVIMENTOS ASFALTICOS,Riego de imprimación con emulsión asfáltica,UF2,3702,tm2 pk 36+555 - 37+080,36555,37080,CAMPO,23,m2,3600,1,1,3600,,xls-4110
2026-08-28,149,TIERRAS,3701.05.04,ESTRUCTURAS,Relleno para muros de tierra MSR,UF1,3701,MSR 14+300,14300,14500,CAMPO,23,M3,182,1,1,182,,xls-4111
2026-08-28,156,TIERRAS,3701.05.11,ESTRUCTURAS,Geobolsas de geotextil (propybag) MSR,UF1,3701,MSR 14+300,14300,14500,CAMPO,23,UND,320,1,1,320,,xls-4112
2026-08-29,90,TIERRAS,3702.03.01,"BASES, SUBBASES Y AFIRMADOS",Subbase Granular,UF2,3702,tm2 pk 34+445 - 35+700,34445,35700,CAMPO,23,m3,119.72,1,1.3,92.09230769230768,[Clima: Soleado],xls-4113
2026-08-29,90,TIERRAS,3702.03.01,"BASES, SUBBASES Y AFIRMADOS",Subbase Granular,UF2,3702,tm2 pk 39+200 - 39+560,39200,39560,CAMPO,23,m3,28.51,1,1.3,21.930769230769233,,xls-4114
2026-08-29,10,TIERRAS,3701.02.05,EXPLANACIONES,Excavaciones en material común APROVECHABLE,UF1,3701,tm2 pk 19+000 - 20+875,19000,20875,CAMPO,23,m3,719.8,1,1.3,553.6923076923076,,xls-4115
2026-08-29,13,TIERRAS,3701.02.07,EXPLANACIONES,Terraplenes (solo conformación),UF1,3701,tm2 pk 20+875 - 22+650,20875,22650,CAMPO,23,m3,402.2,1,1.3,309.38461538461536,,xls-4116
2026-08-29,13,TIERRAS,3701.02.07,EXPLANACIONES,Terraplenes (solo conformación),UF1,3701,tm2 pk 19+000 - 20+875,19000,20875,CAMPO,23,m3,317.6,1,1.3,244.30769230769232,,xls-4117
2026-08-29,149,TIERRAS,3701.05.04,ESTRUCTURAS,Relleno para muros de tierra MSR,UF1,3701,MSR 14+300,14300,14500,CAMPO,23,M3,28,1,1,28,,xls-4118
2026-08-29,156,TIERRAS,3701.05.11,ESTRUCTURAS,Geobolsas de geotextil (propybag) MSR,UF1,3701,MSR 14+300,14300,14500,CAMPO,23,UND,30,1,1,30,,xls-4119
2026-08-29,151,TIERRAS,3701.05.06,ESTRUCTURAS,Geomalla tejida uniaxial de 55 kn/m (método md),UF1,3701,MSR 14+300,14300,14500,CAMPO,23,M2,70.2,1,1,70.2,,xls-4120
2026-08-30,10,TIERRAS,3701.02.05,EXPLANACIONES,Excavaciones en material común APROVECHABLE,UF1,3701,tm2 pk 19+000 - 20+875,19000,20875,CAMPO,23,m3,1480.66,1,1.3,1138.9692307692308,[Clima: Soleado],xls-4121
2026-08-30,13,TIERRAS,3701.02.07,EXPLANACIONES,Terraplenes (solo conformación),UF1,3701,tm2 pk 20+875 - 22+650,20875,22650,CAMPO,23,m3,694,1,1.3,533.8461538461538,,xls-4122
2026-08-30,13,TIERRAS,3701.02.07,EXPLANACIONES,Terraplenes (solo conformación),UF1,3701,tm2 pk 19+000 - 20+875,19000,20875,CAMPO,23,m3,224,1,1.3,172.3076923076923,,xls-4123
2026-08-31,10,TIERRAS,3701.02.05,EXPLANACIONES,Excavaciones en material común APROVECHABLE,UF1,3701,tm2 pk 19+000 - 20+875,19000,20875,CAMPO,23,m3,894.2,1,1.3,687.8461538461538,[Clima: Soleado],xls-4124
2026-08-31,13,TIERRAS,3701.02.07,EXPLANACIONES,Terraplenes (solo conformación),UF1,3701,tm2 pk 20+875 - 22+650,20875,22650,CAMPO,23,m3,28,1,1.3,21.538461538461537,,xls-4125
2026-08-31,13,TIERRAS,3701.02.07,EXPLANACIONES,Terraplenes (solo conformación),UF1,3701,tm2 pk 20+875 - 22+650,20875,22650,CAMPO,23,m3,866.2,1,1.3,666.3076923076923,,xls-4126
2026-08-31,91,TIERRAS,3702.03.03,"BASES, SUBBASES Y AFIRMADOS",Base granular estabilizada con cemento (No incluye cemento),UF2,3702,tm2 pk 34+445 - 35+700,34445,35700,CAMPO,23,m3,768.17,1,1.3,590.9,,xls-4127
2026-08-31,90,TIERRAS,3702.03.01,"BASES, SUBBASES Y AFIRMADOS",Subbase Granular,UF2,3702,tm2 pk 39+200 - 39+560,39200,39560,CAMPO,23,m3,57.41,1,1.3,44.161538461538456,,xls-4128
2026-08-31,95,PAVIMENTOS,3702.04.01,PAVIMENTOS ASFALTICOS,Riego de imprimación con emulsión asfáltica,UF2,3702,tm2 pk 36+555 - 37+080,36555,37080,CAMPO,23,m2,4140,1,1,4140,,xls-4129
2026-08-31,149,TIERRAS,3701.05.04,ESTRUCTURAS,Relleno para muros de tierra MSR,UF1,3701,MSR 14+300,14300,14500,CAMPO,23,M3,56,1,1,56,,xls-4130
2026-08-31,151,TIERRAS,3701.05.06,ESTRUCTURAS,Geomalla tejida uniaxial de 55 kn/m (método md),UF1,3701,MSR 14+300,14300,14500,CAMPO,23,M2,600.6,1,1,600.6,,xls-4131
2026-08-31,156,TIERRAS,3701.05.11,ESTRUCTURAS,Geobolsas de geotextil (propybag) MSR,UF1,3701,MSR 14+300,14300,14500,CAMPO,23,UND,230,1,1,230,,xls-4132
2026-08-31,147,TIERRAS,3701.05.02,ESTRUCTURAS,"Geodren planar h=0,5 m MSR",UF1,3701,MSR 14+300,14300,14500,CAMPO,23,M,50,1,1,50,,xls-4133
2026-09-02,59,DRENAJES Y ESTRUCTURAS,3701.07.01,DRENAJE LONGITUDINAL,Excavaciones varias sin clasicar ODL,UF1,3701,tm2 pk 19+000 - 20+875,19000,20875,CAMPO,23,m3,3,1,1,3,,xls-4134
2026-09-02,33,DRENAJES Y ESTRUCTURAS,3701.06.04,DRENAJE TRANSVERSAL,Acero de refuerzo Fy=420 Mpa.,UF1,3701,ODT1-047,20108,20108,CAMPO,23,kg,324.03,1,1,324.03,,xls-4135
2026-09-02,38,DRENAJES Y ESTRUCTURAS,3701.06.09,DRENAJE TRANSVERSAL,"Concreto clase  28 MPA (encoles, descoles, box, sumideros)",UF1,3701,ODT1-071,25699,25699,CAMPO,23,m3,9.5,1,1,9.5,,xls-4136
2026-09-02,30,DRENAJES Y ESTRUCTURAS,3701.06.01,DRENAJE TRANSVERSAL,Excavaciones varias sin clasicar,UF1,3701,ODT1-071,25699,25699,CAMPO,23,m3,2,1,1,2,,xls-4137
2026-09-02,108,DRENAJES Y ESTRUCTURAS,3702.06.07,DRENAJE TRANSVERSAL,"Concreto clase 14 MPA (solados, estructuras)",UF2,3702,ODT2-032,36523,36523,CAMPO,23,m3,8,1,1,8,,xls-4138
2026-09-02,102,DRENAJES Y ESTRUCTURAS,3702.06.01,DRENAJE TRANSVERSAL,Excavaciones varias sin clasicar,UF2,3702,ODT2-031,36536,36536,CAMPO,23,m3,144,1,1,144,,xls-4139
2026-09-02,105,DRENAJES Y ESTRUCTURAS,3702.06.04,DRENAJE TRANSVERSAL,Acero de refuerzo Fy=420 Mpa.,UF2,3702,ODT2-044,39394,39394,CAMPO,23,kg,300,1,1,300,,xls-4140
2026-09-01,91,TIERRAS,3702.03.03,"BASES, SUBBASES Y AFIRMADOS",Base granular estabilizada con cemento (No incluye cemento),UF2,3702,tm2 pk 34+445 - 35+700,34445,35700,CAMPO,23,m3,544.87,1,1.3,419.1307692307692,[Clima: Soleado],xls-4141
2026-09-01,156,TIERRAS,3701.05.11,ESTRUCTURAS,Geobolsas de geotextil (propybag) MSR,UF1,3701,MSR 14+300,14300,14500,CAMPO,23,UND,150,1,1,150,,xls-4142
2026-09-01,149,TIERRAS,3701.05.04,ESTRUCTURAS,Relleno para muros de tierra MSR,UF1,3701,MSR 14+300,14300,14500,CAMPO,23,M3,168,1,1,168,,xls-4143
2026-09-01,13,TIERRAS,3701.02.07,EXPLANACIONES,Terraplenes (solo conformación),UF1,3701,tm2 pk 14+225 - 14+635,14225,14635,CAMPO,23,m3,84,1,1.3,64.61538461538461,,xls-4144
2026-09-01,147,TIERRAS,3701.05.02,ESTRUCTURAS,"Geodren planar h=0,5 m MSR",UF1,3701,MSR 14+300,14300,14500,CAMPO,23,M,50,1,1,50,,xls-4145
2026-09-01,10,TIERRAS,3701.02.05,EXPLANACIONES,Excavaciones en material común APROVECHABLE,UF1,3701,tm2 pk 14+225 - 14+635,14225,14635,CAMPO,23,m3,238,1,1.3,183.07692307692307,,xls-4146
2026-09-01,80,TIERRAS,3702.02.03,EXPLANACIONES,Desmonte y limpieza en zonas no boscosas,UF2,3702,tm2 pk 38+864 - 39+200,38864,39200,CAMPO,23,Ha,5406,0.0001,1,0.5406000000000001,,xls-4147
2026-09-01,82,TIERRAS,3702.02.05,EXPLANACIONES,Excavaciones en material común NO APROVECHABLE,UF2,3702,tm2 pk 38+864 - 39+200,38864,39200,CAMPO,23,m3,1281.28,1,1.3,985.5999999999999,,xls-4148
2026-09-01,86,TIERRAS,3702.02.08,EXPLANACIONES,Conformación y disposición de sobrantes (incluye obras de adecuación),UF2,3702,ZODME PK30,30000,30000,CAMPO,23,m3,912,1,1.3,701.5384615384615,,xls-4149
2026-09-01,18,TIERRAS,3701.03.01,"BASES, SUBBASES Y AFIRMADOS",Subbase Granular,UF1,3701,tm2 pk 19+000 - 20+875,19000,20875,CAMPO,23,m3,224,1,1.3,172.3076923076923,,xls-4150
2026-09-02,10,TIERRAS,3701.02.05,EXPLANACIONES,Excavaciones en material común APROVECHABLE,UF1,3701,tm2 pk 14+225 - 14+635,14225,14635,CAMPO,23,m3,1043.34,1,1.3,802.5692307692307,[Clima: Lluvias parciales],xls-4151
2026-09-02,85,TIERRAS,3702.02.07,EXPLANACIONES,Terraplenes (solo conformación),UF2,3702,tm2 pk 36+399 - 36+555,36399,36555,CAMPO,23,m3,84,1,1.3,64.61538461538461,,xls-4152
2026-09-02,85,TIERRAS,3702.02.07,EXPLANACIONES,Terraplenes (solo conformación),UF2,3702,tm2 pk 38+864 - 39+200,38864,39200,CAMPO,23,m3,764.139999999999,1,1.3,587.7999999999992,,xls-4153
2026-09-02,18,TIERRAS,3701.03.01,"BASES, SUBBASES Y AFIRMADOS",Subbase Granular,UF1,3701,tm2 pk 19+000 - 20+875,19000,20875,CAMPO,23,m3,328.84000000000003,1,1.3,252.95384615384617,,xls-4154
2026-09-02,95,PAVIMENTOS,3702.04.01,PAVIMENTOS ASFALTICOS,Riego de imprimación con emulsión asfáltica,UF2,3702,tm2 pk 34+445 - 35+700,34445,35700,CAMPO,23,m2,3720,1,1,3720,,xls-4155
2026-09-02,149,TIERRAS,3701.05.04,ESTRUCTURAS,Relleno para muros de tierra MSR,UF1,3701,MSR 14+300,14300,14500,CAMPO,23,M3,196,1,1,196,,xls-4156
2026-09-02,156,TIERRAS,3701.05.11,ESTRUCTURAS,Geobolsas de geotextil (propybag) MSR,UF1,3701,MSR 14+300,14300,14500,CAMPO,23,UND,80,1,1,80,,xls-4157
2026-09-02,153,TIERRAS,3701.05.08,ESTRUCTURAS,Geotextil tejido uniaxial de 1480 n (método grab md),UF1,3701,MSR 14+300,14300,14500,CAMPO,23,M2,78,1,1,78,,xls-4158
2026-09-02,90,TIERRAS,3702.03.01,"BASES, SUBBASES Y AFIRMADOS",Subbase Granular,UF2,3702,tm2 pk 38+064 - 38+864,38064,38864,CAMPO,23,m3,342.49,1,1.3,263.45384615384614,,xls-4159
2026-09-03,59,DRENAJES Y ESTRUCTURAS,3701.07.01,DRENAJE LONGITUDINAL,Excavaciones varias sin clasicar ODL,UF1,3701,tm2 pk 19+000 - 20+875,19000,20875,CAMPO,23,m3,3,1,1,3,[Clima: Soleado],xls-4160
2026-09-03,33,DRENAJES Y ESTRUCTURAS,3701.06.04,DRENAJE TRANSVERSAL,Acero de refuerzo Fy=420 Mpa.,UF1,3701,ODT1-071,25699,25699,CAMPO,23,kg,500,1,1,500,,xls-4161
2026-09-03,30,DRENAJES Y ESTRUCTURAS,3701.06.01,DRENAJE TRANSVERSAL,Excavaciones varias sin clasicar,UF1,3701,ODT1-071,25699,25699,CAMPO,23,m3,15,1,1,15,,xls-4162
2026-09-03,36,DRENAJES Y ESTRUCTURAS,3701.06.07,DRENAJE TRANSVERSAL,"Concreto clase 14 MPA (solados, estructuras)",UF1,3701,ODT1-071,25699,25699,CAMPO,23,m3,3,1,1,3,,xls-4163
2026-09-03,103,DRENAJES Y ESTRUCTURAS,3702.06.02,DRENAJE TRANSVERSAL,Rellenos con material seleccionado,UF2,3702,ODT2-031,36536,36536,CAMPO,23,m3,46.77,1,1,46.77,,xls-4164
2026-09-03,106,DRENAJES Y ESTRUCTURAS,3702.06.05,DRENAJE TRANSVERSAL,Tubería de Concreto Reforzado de 900mm de diámetro interior (Tipo III),UF2,3702,ODT2-032,36523,36523,CAMPO,23,m,21,1,1,21,,xls-4165
2026-09-03,105,DRENAJES Y ESTRUCTURAS,3702.06.04,DRENAJE TRANSVERSAL,Acero de refuerzo Fy=420 Mpa.,UF2,3702,ODT2-044,39394,39394,CAMPO,23,kg,150,1,1,150,,xls-4166
2026-09-03,33,DRENAJES Y ESTRUCTURAS,3701.06.04,DRENAJE TRANSVERSAL,Acero de refuerzo Fy=420 Mpa.,UF1,3701,ODT1-043B,19362,19362,CAMPO,23,kg,150,1,1,150,,xls-4167
2026-09-03,33,DRENAJES Y ESTRUCTURAS,3701.06.04,DRENAJE TRANSVERSAL,Acero de refuerzo Fy=420 Mpa.,UF1,3701,ODT1-047,20108,20108,CAMPO,23,kg,120.3,1,1,120.3,,xls-4168
2026-09-04,33,DRENAJES Y ESTRUCTURAS,3701.06.04,DRENAJE TRANSVERSAL,Acero de refuerzo Fy=420 Mpa.,UF1,3701,ODT1-071,25699,25699,CAMPO,23,kg,300,1,1,300,,xls-4169
2026-09-04,30,DRENAJES Y ESTRUCTURAS,3701.06.01,DRENAJE TRANSVERSAL,Excavaciones varias sin clasicar,UF1,3701,ODT1-071,25699,25699,CAMPO,23,m3,1.5,1,1,1.5,,xls-4170
2026-09-04,108,DRENAJES Y ESTRUCTURAS,3702.06.07,DRENAJE TRANSVERSAL,"Concreto clase 14 MPA (solados, estructuras)",UF2,3702,ODT2-031,36536,36536,CAMPO,23,m3,9,1,1,9,,xls-4171
2026-09-04,109,DRENAJES Y ESTRUCTURAS,3702.06.08,DRENAJE TRANSVERSAL,"Concreto clase 21 MPA (atraques, cabezales)",UF2,3702,ODT2-032,36523,36523,CAMPO,23,m3,4,1,1,4,,xls-4172
2026-09-04,38,DRENAJES Y ESTRUCTURAS,3701.06.09,DRENAJE TRANSVERSAL,"Concreto clase  28 MPA (encoles, descoles, box, sumideros)",UF1,3701,ODT1-047,20108,20108,CAMPO,23,m3,6,1,1,6,,xls-4173
2026-09-04,103,DRENAJES Y ESTRUCTURAS,3702.06.02,DRENAJE TRANSVERSAL,Rellenos con material seleccionado,UF2,3702,ODT2-041,38344,38344,CAMPO,23,m3,272,1,1,272,,xls-4174
2026-09-04,110,DRENAJES Y ESTRUCTURAS,3702.06.09,DRENAJE TRANSVERSAL,"Concreto clase  28 MPA (encoles, descoles, box, sumideros)",UF2,3702,ODT2-041,38344,38344,CAMPO,23,m3,6.5,1,1,6.5,,xls-4175
2026-09-04,105,DRENAJES Y ESTRUCTURAS,3702.06.04,DRENAJE TRANSVERSAL,Acero de refuerzo Fy=420 Mpa.,UF2,3702,ODT2-044,39394,39394,CAMPO,23,kg,100,1,1,100,,xls-4176
2026-09-04,110,DRENAJES Y ESTRUCTURAS,3702.06.09,DRENAJE TRANSVERSAL,"Concreto clase  28 MPA (encoles, descoles, box, sumideros)",UF2,3702,ODT2-044,39394,39394,CAMPO,23,m3,6,1,1,6,,xls-4177
2026-09-04,102,DRENAJES Y ESTRUCTURAS,3702.06.01,DRENAJE TRANSVERSAL,Excavaciones varias sin clasicar,UF2,3702,ODT2-029,35957,35957,CAMPO,23,m3,25,1,1,25,,xls-4178
2026-09-04,105,DRENAJES Y ESTRUCTURAS,3702.06.04,DRENAJE TRANSVERSAL,Acero de refuerzo Fy=420 Mpa.,UF2,3702,ODT2-029,35957,35957,CAMPO,23,kg,200,1,1,200,,xls-4179
2026-09-04,106,DRENAJES Y ESTRUCTURAS,3702.06.05,DRENAJE TRANSVERSAL,Tubería de Concreto Reforzado de 900mm de diámetro interior (Tipo III),UF2,3702,ODT2-032,36523,36523,CAMPO,23,m,21,1,1,21,,xls-4180
2026-09-05,33,DRENAJES Y ESTRUCTURAS,3701.06.04,DRENAJE TRANSVERSAL,Acero de refuerzo Fy=420 Mpa.,UF1,3701,ODT1-071,25699,25699,CAMPO,23,kg,308.96,1,1,308.96,,xls-4181
2026-09-05,109,DRENAJES Y ESTRUCTURAS,3702.06.08,DRENAJE TRANSVERSAL,"Concreto clase 21 MPA (atraques, cabezales)",UF2,3702,ODT2-032,36523,36523,CAMPO,23,m3,7,1,1,7,,xls-4182
2026-09-05,102,DRENAJES Y ESTRUCTURAS,3702.06.01,DRENAJE TRANSVERSAL,Excavaciones varias sin clasicar,UF2,3702,ODT2-032,36523,36523,CAMPO,23,m3,20,1,1,20,,xls-4183
2026-09-05,102,DRENAJES Y ESTRUCTURAS,3702.06.01,DRENAJE TRANSVERSAL,Excavaciones varias sin clasicar,UF2,3702,ODT2-031,36536,36536,CAMPO,23,m3,14,1,1,14,,xls-4184
2026-09-05,108,DRENAJES Y ESTRUCTURAS,3702.06.07,DRENAJE TRANSVERSAL,"Concreto clase 14 MPA (solados, estructuras)",UF2,3702,ODT2-032,36523,36523,CAMPO,23,m3,3,1,1,3,,xls-4185
2026-09-05,105,DRENAJES Y ESTRUCTURAS,3702.06.04,DRENAJE TRANSVERSAL,Acero de refuerzo Fy=420 Mpa.,UF2,3702,ODT2-029,35957,35957,CAMPO,23,kg,322,1,1,322,,xls-4186
2026-09-05,110,DRENAJES Y ESTRUCTURAS,3702.06.09,DRENAJE TRANSVERSAL,"Concreto clase  28 MPA (encoles, descoles, box, sumideros)",UF2,3702,ODT2-029,35957,35957,CAMPO,23,m3,3.5,1,1,3.5,,xls-4187
2026-09-05,105,DRENAJES Y ESTRUCTURAS,3702.06.04,DRENAJE TRANSVERSAL,Acero de refuerzo Fy=420 Mpa.,UF2,3702,ODT2-044,39394,39394,CAMPO,23,kg,100,1,1,100,,xls-4188
2026-09-03,10,TIERRAS,3701.02.05,EXPLANACIONES,Excavaciones en material común APROVECHABLE,UF1,3701,tm2 pk 19+000 - 20+875,19000,20875,CAMPO,23,m3,1434.85,1,1.3,1103.730769230769,[Clima: Soleado],xls-4189
2026-09-03,85,TIERRAS,3702.02.07,EXPLANACIONES,Terraplenes (solo conformación),UF2,3702,tm2 pk 38+864 - 39+200,38864,39200,CAMPO,23,m3,1294.85,1,1.3,996.0384615384614,,xls-4190
2026-09-03,13,TIERRAS,3701.02.07,EXPLANACIONES,Terraplenes (solo conformación),UF1,3701,tm2 pk 19+000 - 20+875,19000,20875,CAMPO,23,m3,140,1,1.3,107.6923076923077,,xls-4191
2026-09-03,91,TIERRAS,3702.03.03,"BASES, SUBBASES Y AFIRMADOS",Base granular estabilizada con cemento (No incluye cemento),UF2,3702,tm2 pk 39+200 - 39+560,39200,39560,CAMPO,23,m3,590.51,1,1.3,454.23846153846154,,xls-4192
2026-09-03,91,TIERRAS,3702.03.03,"BASES, SUBBASES Y AFIRMADOS",Base granular estabilizada con cemento (No incluye cemento),UF2,3702,tm2 pk 33+380 - 34+445,33380,34445,CAMPO,23,m3,153.37,1,1.3,117.97692307692307,,xls-4193
2026-09-03,10,TIERRAS,3701.02.05,EXPLANACIONES,Excavaciones en material común APROVECHABLE,UF1,3701,tm2 pk 14+225 - 14+635,14225,14635,CAMPO,23,m3,1008.44999999999,1,1.3,775.7307692307616,,xls-4194
2026-09-03,85,TIERRAS,3702.02.07,EXPLANACIONES,Terraplenes (solo conformación),UF2,3702,tm2 pk 38+864 - 39+200,38864,39200,CAMPO,23,m3,730.05,1,1.3,561.576923076923,,xls-4195
2026-09-03,10,TIERRAS,3701.02.05,EXPLANACIONES,Excavaciones en material común APROVECHABLE,UF1,3701,tm2 pk 14+225 - 14+635,14225,14635,CAMPO,23,m3,1008.44999999999,1,1.3,775.7307692307616,,xls-4196
2026-09-03,85,TIERRAS,3702.02.07,EXPLANACIONES,Terraplenes (solo conformación),UF2,3702,tm2 pk 38+864 - 39+200,38864,39200,CAMPO,23,m3,730.05,1,1.3,561.576923076923,,xls-4197
2026-09-03,151,TIERRAS,3701.05.06,ESTRUCTURAS,Geomalla tejida uniaxial de 55 kn/m (método md),UF1,3701,MSR 14+300,14300,14500,CAMPO,23,M2,780,1,1,780,,xls-4198
2026-09-03,74,DRENAJES Y ESTRUCTURAS,3702.01.02,DEMOLICIONES Y REUBICACIONES,Demolición de Estructuras,UF2,3702,ODT2-031,36536,36536,CAMPO,23,m3,6,1,1,6,,xls-4199
2026-09-04,10,TIERRAS,3701.02.05,EXPLANACIONES,Excavaciones en material común APROVECHABLE,UF1,3701,tm2 pk 14+225 - 14+635,14225,14635,CAMPO,23,m3,1184.24,1,1.3,910.9538461538461,[Clima: Soleado],xls-4200
2026-09-04,13,TIERRAS,3701.02.07,EXPLANACIONES,Terraplenes (solo conformación),UF1,3701,tm2 pk 20+875 - 22+650,20875,22650,CAMPO,23,m3,140,1,1.3,107.6923076923077,,xls-4201
2026-09-04,85,TIERRAS,3702.02.07,EXPLANACIONES,Terraplenes (solo conformación),UF2,3702,tm2 pk 38+864 - 39+200,38864,39200,CAMPO,23,m3,387.71,1,1.3,298.23846153846154,,xls-4202
2026-09-04,85,TIERRAS,3702.02.07,EXPLANACIONES,Terraplenes (solo conformación),UF2,3702,tm2 pk 36+399 - 36+555,36399,36555,CAMPO,23,m3,338.73,1,1.3,260.5615384615385,,xls-4203
2026-09-04,13,TIERRAS,3701.02.07,EXPLANACIONES,Terraplenes (solo conformación),UF1,3701,tm2 pk 14+225 - 14+635,14225,14635,CAMPO,23,m3,112,1,1.3,86.15384615384615,,xls-4204
2026-09-04,10,TIERRAS,3701.02.05,EXPLANACIONES,Excavaciones en material común APROVECHABLE,UF1,3701,tm2 pk 14+225 - 14+635,14225,14635,CAMPO,23,m3,703.99,1,1.3,541.5307692307692,,xls-4205
2026-09-04,85,TIERRAS,3702.02.07,EXPLANACIONES,Terraplenes (solo conformación),UF2,3702,tm2 pk 38+064 - 38+864,38064,38864,CAMPO,23,m3,143.21,1,1.3,110.16153846153847,,xls-4206
2026-09-04,85,TIERRAS,3702.02.07,EXPLANACIONES,Terraplenes (solo conformación),UF2,3702,tm2 pk 38+864 - 39+200,38864,39200,CAMPO,23,m3,314.609999999999,1,1.3,242.0076923076915,,xls-4207
2026-09-04,85,TIERRAS,3702.02.07,EXPLANACIONES,Terraplenes (solo conformación),UF2,3702,tm2 pk 36+399 - 36+555,36399,36555,CAMPO,23,m3,246.17,1,1.3,189.36153846153846,,xls-4208
2026-09-04,10,TIERRAS,3701.02.05,EXPLANACIONES,Excavaciones en material común APROVECHABLE,UF1,3701,tm2 pk 19+000 - 20+875,19000,20875,CAMPO,23,m3,358.23,1,1.3,275.5615384615385,,xls-4209
2026-09-04,85,TIERRAS,3702.02.07,EXPLANACIONES,Terraplenes (solo conformación),UF2,3702,tm2 pk 38+064 - 38+864,38064,38864,CAMPO,23,m3,109.11,1,1.3,83.93076923076923,,xls-4210
2026-09-04,85,TIERRAS,3702.02.07,EXPLANACIONES,Terraplenes (solo conformación),UF2,3702,tm2 pk 36+399 - 36+555,36399,36555,CAMPO,23,m3,127.34,1,1.3,97.95384615384616,,xls-4211
2026-09-04,85,TIERRAS,3702.02.07,EXPLANACIONES,Terraplenes (solo conformación),UF2,3702,tm2 pk 38+864 - 39+200,38864,39200,CAMPO,23,m3,121.78,1,1.3,93.67692307692307,,xls-4212
2026-09-04,91,TIERRAS,3702.03.03,"BASES, SUBBASES Y AFIRMADOS",Base granular estabilizada con cemento (No incluye cemento),UF2,3702,tm2 pk 38+064 - 38+864,38064,38864,CAMPO,23,m3,479.73,1,1.3,369.0230769230769,,xls-4213
2026-09-04,95,PAVIMENTOS,3702.04.01,PAVIMENTOS ASFALTICOS,Riego de imprimación con emulsión asfáltica,UF2,3702,tm2 pk 39+200 - 39+560,39200,39560,CAMPO,23,m2,1800,1,1,1800,,xls-4214
2026-09-04,149,TIERRAS,3701.05.04,ESTRUCTURAS,Relleno para muros de tierra MSR,UF1,3701,MSR 14+300,14300,14500,CAMPO,23,M3,224,1,1,224,,xls-4215
2026-09-04,156,TIERRAS,3701.05.11,ESTRUCTURAS,Geobolsas de geotextil (propybag) MSR,UF1,3701,MSR 14+300,14300,14500,CAMPO,23,UND,300,1,1,300,,xls-4216
2026-09-04,153,TIERRAS,3701.05.08,ESTRUCTURAS,Geotextil tejido uniaxial de 1480 n (método grab md),UF1,3701,MSR 14+300,14300,14500,CAMPO,23,M2,80,1,1,80,,xls-4217
2026-09-04,151,TIERRAS,3701.05.06,ESTRUCTURAS,Geomalla tejida uniaxial de 55 kn/m (método md),UF1,3701,MSR 14+300,14300,14500,CAMPO,23,M2,390,1,1,390,,xls-4218
2026-09-04,90,TIERRAS,3702.03.01,"BASES, SUBBASES Y AFIRMADOS",Subbase Granular,UF2,3702,tm2 pk 34+445 - 35+700,34445,35700,CAMPO,23,m3,28,1,1.3,21.538461538461537,,xls-4219
2026-09-05,10,TIERRAS,3701.02.05,EXPLANACIONES,Excavaciones en material común APROVECHABLE,UF1,3701,tm2 pk 14+225 - 14+635,14225,14635,CAMPO,23,m3,490,1,1.3,376.9230769230769,[Clima: Soleado],xls-4220
2026-09-05,85,TIERRAS,3702.02.07,EXPLANACIONES,Terraplenes (solo conformación),UF2,3702,tm2 pk 38+864 - 39+200,38864,39200,CAMPO,23,m3,112,1,1.3,86.15384615384615,,xls-4221
2026-09-05,85,TIERRAS,3702.02.07,EXPLANACIONES,Terraplenes (solo conformación),UF2,3702,tm2 pk 36+399 - 36+555,36399,36555,CAMPO,23,m3,84,1,1.3,64.61538461538461,,xls-4222
2026-09-05,13,TIERRAS,3701.02.07,EXPLANACIONES,Terraplenes (solo conformación),UF1,3701,tm2 pk 20+875 - 22+650,20875,22650,CAMPO,23,m3,28,1,1.3,21.538461538461537,,xls-4223
2026-09-05,13,TIERRAS,3701.02.07,EXPLANACIONES,Terraplenes (solo conformación),UF1,3701,tm2 pk 14+225 - 14+635,14225,14635,CAMPO,23,m3,266,1,1.3,204.6153846153846,,xls-4224
2026-09-05,10,TIERRAS,3701.02.05,EXPLANACIONES,Excavaciones en material común APROVECHABLE,UF1,3701,tm2 pk 14+225 - 14+635,14225,14635,CAMPO,23,m3,462.299999999999,1,1.3,355.61538461538385,,xls-4225
2026-09-05,85,TIERRAS,3702.02.07,EXPLANACIONES,Terraplenes (solo conformación),UF2,3702,tm2 pk 38+864 - 39+200,38864,39200,CAMPO,23,m3,108.62,1,1.3,83.55384615384615,,xls-4226
2026-09-05,85,TIERRAS,3702.02.07,EXPLANACIONES,Terraplenes (solo conformación),UF2,3702,tm2 pk 36+399 - 36+555,36399,36555,CAMPO,23,m3,81.16,1,1.3,62.43076923076923,,xls-4227
2026-09-05,13,TIERRAS,3701.02.07,EXPLANACIONES,Terraplenes (solo conformación),UF1,3701,tm2 pk 20+875 - 22+650,20875,22650,CAMPO,23,m3,137.76,1,1.3,105.96923076923076,,xls-4228
2026-09-05,149,TIERRAS,3701.05.04,ESTRUCTURAS,Relleno para muros de tierra MSR,UF1,3701,MSR 14+300,14300,14500,CAMPO,23,M3,98,1,1,98,,xls-4229
2026-09-05,151,TIERRAS,3701.05.06,ESTRUCTURAS,Geomalla tejida uniaxial de 55 kn/m (método md),UF1,3701,MSR 14+300,14300,14500,CAMPO,23,M2,210.6,1,1,210.6,,xls-4230
2026-09-05,153,TIERRAS,3701.05.08,ESTRUCTURAS,Geotextil tejido uniaxial de 1480 n (método grab md),UF1,3701,MSR 14+300,14300,14500,CAMPO,23,M2,70,1,1,70,,xls-4231
2026-09-05,156,TIERRAS,3701.05.11,ESTRUCTURAS,Geobolsas de geotextil (propybag) MSR,UF1,3701,MSR 14+300,14300,14500,CAMPO,23,UND,200,1,1,200,,xls-4232
2026-09-05,18,TIERRAS,3701.03.01,"BASES, SUBBASES Y AFIRMADOS",Subbase Granular,UF1,3701,tm2 pk 19+000 - 20+875,19000,20875,CAMPO,23,m3,17.52,1,1.3,13.476923076923077,,xls-4233
2026-09-07,10,TIERRAS,3701.02.05,EXPLANACIONES,Excavaciones en material común APROVECHABLE,UF1,3701,tm2 pk 14+225 - 14+635,14225,14635,CAMPO,23,m3,1197.29,1,1.3,920.9923076923076,[Clima: Soleado],xls-4234
2026-09-07,85,TIERRAS,3702.02.07,EXPLANACIONES,Terraplenes (solo conformación),UF2,3702,tm2 pk 38+864 - 39+200,38864,39200,CAMPO,23,m3,894.089999999999,1,1.3,687.7615384615377,,xls-4235
2026-09-07,85,TIERRAS,3702.02.07,EXPLANACIONES,Terraplenes (solo conformación),UF2,3702,tm2 pk 36+399 - 36+555,36399,36555,CAMPO,23,m3,303.2,1,1.3,233.23076923076923,,xls-4236
2026-09-07,10,TIERRAS,3701.02.05,EXPLANACIONES,Excavaciones en material común APROVECHABLE,UF1,3701,tm2 pk 14+225 - 14+635,14225,14635,CAMPO,23,m3,1759.68,1,1.3,1353.6,,xls-4237
2026-09-07,85,TIERRAS,3702.02.07,EXPLANACIONES,Terraplenes (solo conformación),UF2,3702,tm2 pk 39+200 - 39+560,39200,39560,CAMPO,23,m3,902.189999999999,1,1.3,693.9923076923069,,xls-4238
2026-09-07,85,TIERRAS,3702.02.07,EXPLANACIONES,Terraplenes (solo conformación),UF2,3702,tm2 pk 36+399 - 36+555,36399,36555,CAMPO,23,m3,658.25,1,1.3,506.3461538461538,,xls-4239
2026-09-07,85,TIERRAS,3702.02.07,EXPLANACIONES,Terraplenes (solo conformación),UF2,3702,tm2 pk 38+064 - 38+864,38064,38864,CAMPO,23,m3,199.239999999999,1,1.3,153.26153846153767,,xls-4240
2026-09-07,10,TIERRAS,3701.02.05,EXPLANACIONES,Excavaciones en material común APROVECHABLE,UF1,3701,tm2 pk 14+225 - 14+635,14225,14635,CAMPO,23,m3,2055.55,1,1.3,1581.1923076923078,,xls-4241
2026-09-07,85,TIERRAS,3702.02.07,EXPLANACIONES,Terraplenes (solo conformación),UF2,3702,tm2 pk 36+399 - 36+555,36399,36555,CAMPO,23,m3,2055.55,1,1.3,1581.1923076923078,,xls-4242
2026-09-07,10,TIERRAS,3701.02.05,EXPLANACIONES,Excavaciones en material común APROVECHABLE,UF1,3701,tm2 pk 14+225 - 14+635,14225,14635,CAMPO,23,m3,710.4,1,1.3,546.4615384615385,,xls-4243
2026-09-07,85,TIERRAS,3702.02.07,EXPLANACIONES,Terraplenes (solo conformación),UF2,3702,tm2 pk 36+399 - 36+555,36399,36555,CAMPO,23,m3,56,1,1.3,43.07692307692307,,xls-4244
2026-09-07,85,TIERRAS,3702.02.07,EXPLANACIONES,Terraplenes (solo conformación),UF2,3702,tm2 pk 38+064 - 38+864,38064,38864,CAMPO,23,m3,70,1,1.3,53.84615384615385,,xls-4245
2026-09-07,13,TIERRAS,3701.02.07,EXPLANACIONES,Terraplenes (solo conformación),UF1,3701,tm2 pk 19+000 - 20+875,19000,20875,CAMPO,23,m3,182,1,1.3,140,,xls-4246
2026-09-07,13,TIERRAS,3701.02.07,EXPLANACIONES,Terraplenes (solo conformación),UF1,3701,tm2 pk 14+225 - 14+635,14225,14635,CAMPO,23,m3,238,1,1.3,183.07692307692307,,xls-4247
2026-09-07,150,TIERRAS,3701.05.05,ESTRUCTURAS,Material granular drenante MSR,UF1,3701,MSR 14+300,14300,14500,CAMPO,23,M3,140,1,1,140,,xls-4248
2026-09-07,156,TIERRAS,3701.05.11,ESTRUCTURAS,Geobolsas de geotextil (propybag) MSR,UF1,3701,MSR 14+300,14300,14500,CAMPO,23,UND,360,1,1,360,,xls-4249
2026-09-07,153,TIERRAS,3701.05.08,ESTRUCTURAS,Geotextil tejido uniaxial de 1480 n (método grab md),UF1,3701,MSR 14+300,14300,14500,CAMPO,23,M2,20,1,1,20,,xls-4250
2026-09-07,18,TIERRAS,3701.03.01,"BASES, SUBBASES Y AFIRMADOS",Subbase Granular,UF1,3701,tm2 pk 19+000 - 20+875,19000,20875,CAMPO,23,m3,48.42,1,1.3,37.246153846153845,,xls-4251
2026-09-07,30,DRENAJES Y ESTRUCTURAS,3701.06.01,DRENAJE TRANSVERSAL,Excavaciones varias sin clasicar,UF1,3701,ODT1-071,25699,25699,CAMPO,23,m3,1.5,1,1,1.5,[Clima: Soleado],xls-4252
2026-09-07,106,DRENAJES Y ESTRUCTURAS,3702.06.05,DRENAJE TRANSVERSAL,Tubería de Concreto Reforzado de 900mm de diámetro interior (Tipo III),UF2,3702,ODT2-031,36536,36536,CAMPO,23,m,48,1,1,48,,xls-4253
2026-09-07,109,DRENAJES Y ESTRUCTURAS,3702.06.08,DRENAJE TRANSVERSAL,"Concreto clase 21 MPA (atraques, cabezales)",UF2,3702,ODT2-031,36536,36536,CAMPO,23,m3,8,1,1,8,,xls-4254
2026-09-07,103,DRENAJES Y ESTRUCTURAS,3702.06.02,DRENAJE TRANSVERSAL,Rellenos con material seleccionado,UF2,3702,ODT2-041,38344,38344,CAMPO,23,m3,150,1,1,150,,xls-4255
2026-09-07,110,DRENAJES Y ESTRUCTURAS,3702.06.09,DRENAJE TRANSVERSAL,"Concreto clase  28 MPA (encoles, descoles, box, sumideros)",UF2,3702,ODT2-044,39394,39394,CAMPO,23,m3,6.8,1,1,6.8,,xls-4256
2026-09-07,105,DRENAJES Y ESTRUCTURAS,3702.06.04,DRENAJE TRANSVERSAL,Acero de refuerzo Fy=420 Mpa.,UF2,3702,ODT2-044,39394,39394,CAMPO,23,kg,200,1,1,200,,xls-4257
2026-09-08,10,TIERRAS,3701.02.05,EXPLANACIONES,Excavaciones en material común APROVECHABLE,UF1,3701,tm2 pk 14+225 - 14+635,14225,14635,CAMPO,23,m3,1242.44999999999,1,1.3,955.7307692307616,[Clima: Soleado],xls-4258
2026-09-08,85,TIERRAS,3702.02.07,EXPLANACIONES,Terraplenes (solo conformación),UF2,3702,tm2 pk 38+864 - 39+200,38864,39200,CAMPO,23,m3,687.089999999999,1,1.3,528.5307692307684,,xls-4259
2026-09-08,85,TIERRAS,3702.02.07,EXPLANACIONES,Terraplenes (solo conformación),UF2,3702,tm2 pk 36+399 - 36+555,36399,36555,CAMPO,23,m3,555.359999999999,1,1.3,427.1999999999992,,xls-4260
2026-09-08,95,PAVIMENTOS,3702.04.01,PAVIMENTOS ASFALTICOS,Riego de imprimación con emulsión asfáltica,UF2,3702,tm2 pk 38+064 - 38+864,38064,38864,CAMPO,23,m2,1440,1,1,1440,,xls-4261
2026-09-08,95,PAVIMENTOS,3702.04.01,PAVIMENTOS ASFALTICOS,Riego de imprimación con emulsión asfáltica,UF2,3702,tm2 pk 33+380 - 34+445,33380,34445,CAMPO,23,m2,480,1,1,480,,xls-4262
2026-09-08,10,TIERRAS,3701.02.05,EXPLANACIONES,Excavaciones en material común APROVECHABLE,UF1,3701,tm2 pk 14+225 - 14+635,14225,14635,CAMPO,23,m3,1714.97,1,1.3,1319.2076923076922,,xls-4263
2026-09-08,85,TIERRAS,3702.02.07,EXPLANACIONES,Terraplenes (solo conformación),UF2,3702,tm2 pk 36+399 - 36+555,36399,36555,CAMPO,23,m3,1714.97,1,1.3,1319.2076923076922,,xls-4264
2026-09-08,10,TIERRAS,3701.02.05,EXPLANACIONES,Excavaciones en material común APROVECHABLE,UF1,3701,tm2 pk 14+225 - 14+635,14225,14635,CAMPO,23,m3,548.93,1,1.3,422.2538461538461,,xls-4265
2026-09-08,85,TIERRAS,3702.02.07,EXPLANACIONES,Terraplenes (solo conformación),UF2,3702,tm2 pk 36+399 - 36+555,36399,36555,CAMPO,23,m3,112,1,1.3,86.15384615384615,,xls-4266
2026-09-08,85,TIERRAS,3702.02.07,EXPLANACIONES,Terraplenes (solo conformación),UF2,3702,tm2 pk 38+864 - 39+200,38864,39200,CAMPO,23,m3,42,1,1.3,32.30769230769231,,xls-4267
2026-09-08,85,TIERRAS,3702.02.07,EXPLANACIONES,Terraplenes (solo conformación),UF2,3702,tm2 pk 38+064 - 38+864,38064,38864,CAMPO,23,m3,240.93,1,1.3,185.33076923076922,,xls-4268
2026-09-08,13,TIERRAS,3701.02.07,EXPLANACIONES,Terraplenes (solo conformación),UF1,3701,tm2 pk 20+875 - 22+650,20875,22650,CAMPO,23,m3,112,1,1.3,86.15384615384615,,xls-4269
2026-09-08,10,TIERRAS,3701.02.05,EXPLANACIONES,Excavaciones en material común APROVECHABLE,UF1,3701,tm2 pk 14+225 - 14+635,14225,14635,CAMPO,23,m3,42,1,1.3,32.30769230769231,,xls-4270
2026-09-08,151,TIERRAS,3701.05.06,ESTRUCTURAS,Geomalla tejida uniaxial de 55 kn/m (método md),UF1,3701,MSR 14+300,14300,14500,CAMPO,23,M2,780,1,1,780,,xls-4271
2026-09-08,156,TIERRAS,3701.05.11,ESTRUCTURAS,Geobolsas de geotextil (propybag) MSR,UF1,3701,MSR 14+300,14300,14500,CAMPO,23,UND,180,1,1,180,,xls-4272
2026-09-08,155,TIERRAS,3701.05.10,ESTRUCTURAS,Geodrén planar h=1 m MSR,UF1,3701,MSR 14+300,14300,14500,CAMPO,23,M,20,1,1,20,,xls-4273
2026-09-08,147,TIERRAS,3701.05.02,ESTRUCTURAS,"Geodren planar h=0,5 m MSR",UF1,3701,MSR 14+300,14300,14500,CAMPO,23,M,100,1,1,100,,xls-4274
2026-09-08,150,TIERRAS,3701.05.05,ESTRUCTURAS,Material granular drenante MSR,UF1,3701,MSR 14+300,14300,14500,CAMPO,23,M3,14,1,1,14,,xls-4275
2026-09-08,154,TIERRAS,3701.05.09,ESTRUCTURAS,Geotextil tejido uniaxial de 2890 n (método grab md),UF1,3701,MSR 14+300,14300,14500,CAMPO,23,M2,88,1,1,88,,xls-4276
2026-09-08,148,TIERRAS,3701.05.03,ESTRUCTURAS,"Tubería PVC d=4"" para drenaje perforada MSR",UF1,3701,MSR 14+300,14300,14500,CAMPO,23,M,6,1,1,6,,xls-4277
2026-09-08,38,DRENAJES Y ESTRUCTURAS,3701.06.09,DRENAJE TRANSVERSAL,"Concreto clase  28 MPA (encoles, descoles, box, sumideros)",UF1,3701,ODT1-047,20108,20108,CAMPO,23,m3,4.2,1,1,4.2,[Clima: Soleado],xls-4278
2026-09-08,33,DRENAJES Y ESTRUCTURAS,3701.06.04,DRENAJE TRANSVERSAL,Acero de refuerzo Fy=420 Mpa.,UF1,3701,ODT1-071,25699,25699,CAMPO,23,kg,2500,1,1,2500,,xls-4279
2026-09-08,109,DRENAJES Y ESTRUCTURAS,3702.06.08,DRENAJE TRANSVERSAL,"Concreto clase 21 MPA (atraques, cabezales)",UF2,3702,ODT2-031,36536,36536,CAMPO,23,m3,2,1,1,2,,xls-4280
2026-09-08,109,DRENAJES Y ESTRUCTURAS,3702.06.08,DRENAJE TRANSVERSAL,"Concreto clase 21 MPA (atraques, cabezales)",UF2,3702,ODT2-032,36523,36523,CAMPO,23,m3,4,1,1,4,,xls-4281
2026-09-08,105,DRENAJES Y ESTRUCTURAS,3702.06.04,DRENAJE TRANSVERSAL,Acero de refuerzo Fy=420 Mpa.,UF2,3702,ODT2-032,36523,36523,CAMPO,23,kg,300,1,1,300,,xls-4282
2026-09-08,105,DRENAJES Y ESTRUCTURAS,3702.06.04,DRENAJE TRANSVERSAL,Acero de refuerzo Fy=420 Mpa.,UF2,3702,ODT2-041,38344,38344,CAMPO,23,kg,100,1,1,100,,xls-4283
2026-09-08,103,DRENAJES Y ESTRUCTURAS,3702.06.02,DRENAJE TRANSVERSAL,Rellenos con material seleccionado,UF2,3702,ODT2-041,38344,38344,CAMPO,23,m3,320,1,1,320,,xls-4284
2026-09-08,105,DRENAJES Y ESTRUCTURAS,3702.06.04,DRENAJE TRANSVERSAL,Acero de refuerzo Fy=420 Mpa.,UF2,3702,ODT2-044,39394,39394,CAMPO,23,kg,100,1,1,100,,xls-4285
2026-09-09,33,DRENAJES Y ESTRUCTURAS,3701.06.04,DRENAJE TRANSVERSAL,Acero de refuerzo Fy=420 Mpa.,UF1,3701,ODT1-047,20108,20108,CAMPO,23,kg,276.25,1,1,276.25,,xls-4286
2026-09-09,33,DRENAJES Y ESTRUCTURAS,3701.06.04,DRENAJE TRANSVERSAL,Acero de refuerzo Fy=420 Mpa.,UF1,3701,ODT1-047,20108,20108,CAMPO,23,kg,110,1,1,110,,xls-4287
2026-09-09,31,DRENAJES Y ESTRUCTURAS,3701.06.02,DRENAJE TRANSVERSAL,Rellenos con material seleccionado,UF1,3701,ODT1-043B,19362,19362,CAMPO,23,m3,75,1,1,75,,xls-4288
2026-09-09,38,DRENAJES Y ESTRUCTURAS,3701.06.09,DRENAJE TRANSVERSAL,"Concreto clase  28 MPA (encoles, descoles, box, sumideros)",UF1,3701,ODT1-043A,19362,19362,CAMPO,23,m3,6.5,1,1,6.5,,xls-4289
2026-09-09,110,DRENAJES Y ESTRUCTURAS,3702.06.09,DRENAJE TRANSVERSAL,"Concreto clase  28 MPA (encoles, descoles, box, sumideros)",UF2,3702,ODT2-029,35957,35957,CAMPO,23,m3,3.5,1,1,3.5,,xls-4290
2026-09-09,110,DRENAJES Y ESTRUCTURAS,3702.06.09,DRENAJE TRANSVERSAL,"Concreto clase  28 MPA (encoles, descoles, box, sumideros)",UF2,3702,ODT2-032,36523,36523,CAMPO,23,m3,4.5,1,1,4.5,,xls-4291
2026-09-09,109,DRENAJES Y ESTRUCTURAS,3702.06.08,DRENAJE TRANSVERSAL,"Concreto clase 21 MPA (atraques, cabezales)",UF2,3702,ODT2-031,36536,36536,CAMPO,23,m3,4.5,1,1,4.5,,xls-4292
2026-09-09,2,DRENAJES Y ESTRUCTURAS,3701.01.02,DEMOLICIONES Y REUBICACIONES,Demolición de Estructuras,UF1,3701,ODT1-044B,30,30,CAMPO,23,m3,48.5,1,1,48.5,[Clima: Lluvias parciales],xls-4293
2026-09-09,10,TIERRAS,3701.02.05,EXPLANACIONES,Excavaciones en material común APROVECHABLE,UF1,3701,tm2 pk 14+225 - 14+635,14225,14635,CAMPO,23,m3,60,1,1.3,46.15384615384615,,xls-4294
2026-09-09,149,TIERRAS,3701.05.04,ESTRUCTURAS,Relleno para muros de tierra MSR,UF1,3701,MSR 14+300,14300,14500,CAMPO,23,M3,280,1,1,280,,xls-4295
2026-09-09,156,TIERRAS,3701.05.11,ESTRUCTURAS,Geobolsas de geotextil (propybag) MSR,UF1,3701,MSR 14+300,14300,14500,CAMPO,23,UND,190,1,1,190,,xls-4296
2026-09-09,151,TIERRAS,3701.05.06,ESTRUCTURAS,Geomalla tejida uniaxial de 55 kn/m (método md),UF1,3701,MSR 14+300,14300,14500,CAMPO,23,M2,140.5,1,1,140.5,,xls-4297
2026-09-09,147,TIERRAS,3701.05.02,ESTRUCTURAS,"Geodren planar h=0,5 m MSR",UF1,3701,MSR 14+300,14300,14500,CAMPO,23,M,100,1,1,100,,xls-4298
2026-09-09,10,TIERRAS,3701.02.05,EXPLANACIONES,Excavaciones en material común APROVECHABLE,UF1,3701,tm2 pk 14+225 - 14+635,14225,14635,CAMPO,23,m3,1707.01,1,1.3,1313.0846153846153,,xls-4299
2026-09-09,85,TIERRAS,3702.02.07,EXPLANACIONES,Terraplenes (solo conformación),UF2,3702,tm2 pk 36+399 - 36+555,36399,36555,CAMPO,23,m3,1707.01,1,1.3,1313.0846153846153,,xls-4300
2026-09-09,10,TIERRAS,3701.02.05,EXPLANACIONES,Excavaciones en material común APROVECHABLE,UF1,3701,tm2 pk 14+225 - 14+635,14225,14635,CAMPO,23,m3,818.849999999999,1,1.3,629.8846153846146,,xls-4301
2026-09-09,13,TIERRAS,3701.02.07,EXPLANACIONES,Terraplenes (solo conformación),UF1,3701,tm2 pk 14+225 - 14+635,14225,14635,CAMPO,23,m3,448.95,1,1.3,345.3461538461538,,xls-4302
2026-09-09,13,TIERRAS,3701.02.07,EXPLANACIONES,Terraplenes (solo conformación),UF1,3701,tm2 pk 20+875 - 22+650,20875,22650,CAMPO,23,m3,341.9,1,1.3,263,,xls-4303
2026-09-15,82,TIERRAS,3702.02.05,EXPLANACIONES,Excavaciones en material común NO APROVECHABLE,UF2,3702,tm2 pk 37+130 - 37+655,37130,37655,CAMPO,23,m3,742.4,1,1.3,571.0769230769231,,xls-4304
2026-09-09,86,TIERRAS,3702.02.08,EXPLANACIONES,Conformación y disposición de sobrantes (incluye obras de adecuación),UF2,3702,ZODME PK30,30000,30000,CAMPO,23,m3,238,1,1.3,183.07692307692307,,xls-4305
2025-08-15,6,TIERRAS,3701.02.01,EXPLANACIONES,Desmonte y limpieza en bosque,UF1,3701,ajuste origen UF1,9800,29950,CAMPO,10,Ha,1.7,1,1,1.7,,xls-4306
2025-08-01,8,TIERRAS,3701.02.03,EXPLANACIONES,Desmonte y limpieza en zonas no boscosas,UF1,3701,ajuste origen UF1,9800,29950,CAMPO,10,Ha,25.93,1,1,25.93,,xls-4307
2025-08-01,10,TIERRAS,3701.02.05,EXPLANACIONES,Excavaciones en material común APROVECHABLE,UF1,3701,ajuste origen UF1,9800,29950,CAMPO,10,m3,71375.7,1,1,71375.7,,xls-4308
2025-08-01,10,TIERRAS,3701.02.05,EXPLANACIONES,Excavaciones en material común NO APROVECHABLE,UF1,3701,ajuste origen UF1,9800,29950,CAMPO,10,m3,47188.2,1,1,47188.2,,xls-4309
2025-08-01,14,TIERRAS,3701.02.08,EXPLANACIONES,Conformación y disposición de sobrantes (incluye obras de adecuación),UF1,3701,ajuste origen UF1,9800,29950,CAMPO,10,m3,47344.5,1,1,47344.5,,xls-4310
2025-08-01,13,TIERRAS,3701.02.07,EXPLANACIONES,Pedraplen compacto,UF1,3701,ajuste origen UF1,9800,29950,CAMPO,10,m3,2221,1,1,2221,,xls-4311
2025-08-01,19,TIERRAS,3701.03.03,"BASES, SUBBASES Y AFIRMADOS",Base granular estabilizada con cemento (No incluye cemento),UF1,3701,ajuste origen UF1,9800,29950,CAMPO,10,m3,342.35,1,1,342.35,,xls-4312
2025-08-01,30,DRENAJES Y ESTRUCTURAS,3701.06.01,DRENAJE TRANSVERSAL,Excavaciones varias sin clasicar,UF1,3701,ajuste origen UF1,9800,29950,CAMPO,10,m3,4211.38,1,1,4211.38,,xls-4313
2025-08-01,32,DRENAJES Y ESTRUCTURAS,3701.06.03,DRENAJE TRANSVERSAL,Material granular drenante,UF1,3701,ajuste origen UF1,9800,29950,CAMPO,10,m3,45.13,1,1,45.13,,xls-4314
2025-08-01,33,DRENAJES Y ESTRUCTURAS,3701.06.04,DRENAJE TRANSVERSAL,Acero de refuerzo Fy=420 Mpa.,UF1,3701,ajuste origen UF1,9800,29950,CAMPO,10,kg,32029.9,1,1,32029.9,,xls-4315
2025-08-01,34,DRENAJES Y ESTRUCTURAS,3701.06.05,DRENAJE TRANSVERSAL,Tubería de Concreto Reforzado de 900mm de diámetro interior (Tipo III),UF1,3701,ajuste origen UF1,9800,29950,CAMPO,10,m,232.68,1,1,232.68,,xls-4316
2025-08-01,36,DRENAJES Y ESTRUCTURAS,3701.06.07,DRENAJE TRANSVERSAL,"Concreto clase 14 MPA (solados, estructuras)",UF1,3701,ajuste origen UF1,9800,29950,CAMPO,10,m3,301.32,1,1,301.32,,xls-4317
2025-08-01,38,DRENAJES Y ESTRUCTURAS,3701.06.09,DRENAJE TRANSVERSAL,"Concreto clase  28 MPA (encoles, descoles, box, sumideros)",UF1,3701,ajuste origen UF1,9800,29950,CAMPO,10,m3,203.98,1,1,203.98,,xls-4318
2025-08-01,40,DRENAJES Y ESTRUCTURAS,3701.06.11,DRENAJE TRANSVERSAL,Piedra pegada en concreto de 17.5 Mpa para canales de adecuación y protección de descoles (e=10cm),UF1,3701,ajuste origen UF1,9800,29950,CAMPO,10,m2,53.48,1,1,53.48,,xls-4319
2025-08-01,41,DRENAJES Y ESTRUCTURAS,3701.06.12,DRENAJE TRANSVERSAL,Geodrén vial h=1 m con tubería de 100 mm,UF1,3701,ajuste origen UF1,9800,29950,CAMPO,10,m,127.74,1,1,127.74,,xls-4320
2025-08-01,37,DRENAJES Y ESTRUCTURAS,3701.06.08,DRENAJE TRANSVERSAL,"Concreto clase 21 MPA (atraques, cabezales)",UF1,3701,ajuste origen UF1,9800,29950,CAMPO,10,m3,236.8,1,1,236.8,,xls-4321
2025-08-01,42,DRENAJES Y ESTRUCTURAS,3701.06.13,DRENAJE TRANSVERSAL,Geodrén planar h=1 m,UF1,3701,ajuste origen UF1,9800,29950,CAMPO,10,m2,265.74,1,1,265.74,,xls-4322
2025-08-01,59,DRENAJES Y ESTRUCTURAS,3701.07.01,DRENAJE LONGITUDINAL,Excavaciones varias sin clasicar ODL,UF1,3701,ajuste origen UF1,9800,29950,CAMPO,10,m3,2835.99,1,1,2835.99,,xls-4323
2025-08-01,73,TIERRAS,3702.01.01,DEMOLICIONES Y REUBICACIONES,Demolición de edificaciones,UF2,3702,ajuste origen UF2,30000,39600,CAMPO,10,m2,41.39,1,1,41.39,,xls-4324
2025-08-01,74,DRENAJES Y ESTRUCTURAS,3702.01.02,DEMOLICIONES Y REUBICACIONES,Demolición de Estructuras,UF2,3702,ajuste origen UF2,30000,39600,CAMPO,10,m3,19,1,1,19,,xls-4325
2025-08-01,80,TIERRAS,3702.02.03,EXPLANACIONES,Desmonte y limpieza en zonas no boscosas,UF2,3702,ajuste origen UF2,30000,39600,CAMPO,10,Ha,14.85,1,1,14.85,,xls-4326
2025-08-01,82,TIERRAS,3702.02.05,EXPLANACIONES,Excavaciones en material común APROVECHABLE,UF2,3702,ajuste origen UF2,30000,39600,CAMPO,10,m3,256.36,1,1.3,197.20000000000002,,xls-4327
2025-08-01,82,TIERRAS,3702.02.05,EXPLANACIONES,Excavaciones en material común NO APROVECHABLE,UF2,3702,ajuste origen UF2,30000,39600,CAMPO,10,m3,14577,1,1.3,11213.076923076922,,xls-4328
2025-08-01,85,TIERRAS,3702.02.07,EXPLANACIONES,Terraplenes (solo conformación),UF2,3702,ajuste origen UF2,30000,39600,CAMPO,10,m3,32290.4,1,1.3,24838.76923076923,,xls-4329
2025-08-01,86,TIERRAS,3702.02.08,EXPLANACIONES,Conformación y disposición de sobrantes (incluye obras de adecuación),UF2,3702,ajuste origen UF2,30000,39600,CAMPO,10,m3,10317.8,1,1.3,7936.76923076923,,xls-4330
2025-08-01,90,TIERRAS,3702.03.01,"BASES, SUBBASES Y AFIRMADOS",Subbase Granular,UF2,3702,ajuste origen UF2,30000,39600,CAMPO,10,m3,2245.27,1,1.3,1727.1307692307691,,xls-4331
2025-08-01,95,PAVIMENTOS,3702.04.01,PAVIMENTOS ASFALTICOS,Riego de imprimación con emulsión asfáltica,UF2,3702,ajuste origen UF2,30000,39600,CAMPO,10,m2,18200,1,1,18200,,xls-4332
2025-08-01,102,DRENAJES Y ESTRUCTURAS,3702.06.01,DRENAJE TRANSVERSAL,Excavaciones varias sin clasicar,UF2,3702,ajuste origen UF2,30000,39600,CAMPO,10,m3,700.23,1,1,700.23,,xls-4333
2025-08-01,103,DRENAJES Y ESTRUCTURAS,3702.06.02,DRENAJE TRANSVERSAL,Rellenos con material seleccionado,UF2,3702,ajuste origen UF2,30000,39600,CAMPO,10,m3,77.57,1,1,77.57,,xls-4334
2025-08-01,104,DRENAJES Y ESTRUCTURAS,3702.06.03,DRENAJE TRANSVERSAL,Material granular drenante,UF2,3702,ajuste origen UF2,30000,39600,CAMPO,10,m3,48.73,1,1,48.73,,xls-4335
2025-08-01,113,DRENAJES Y ESTRUCTURAS,3702.06.12,DRENAJE TRANSVERSAL,Geodrén vial h=1 m con tubería de 100 mm,UF2,3702,ajuste origen UF2,30000,39600,CAMPO,10,m,7.54,1,1,7.54,,xls-4336
2025-08-01,109,DRENAJES Y ESTRUCTURAS,3702.06.08,DRENAJE TRANSVERSAL,"Concreto clase 21 MPA (atraques, cabezales)",UF2,3702,ajuste origen UF2,30000,39600,CAMPO,10,m3,6.55,1,1,6.55,,xls-4337
2025-08-01,114,DRENAJES Y ESTRUCTURAS,3702.06.13,DRENAJE TRANSVERSAL,Geodrén planar h=1 m,UF2,3702,ajuste origen UF2,30000,39600,CAMPO,10,m2,27.52,1,1,27.52,,xls-4338
2025-08-01,131,DRENAJES Y ESTRUCTURAS,3702.07.01,DRENAJE LONGITUDINAL,Excavaciones varias sin clasicar ODL,UF2,3702,ajuste origen UF2,30000,39600,CAMPO,10,m3,3103.8,1,1,3103.8,,xls-4339
2026-09-10,65,DRENAJES Y ESTRUCTURAS,3701.07.07,DRENAJE LONGITUDINAL,Concreto clase 14 MPA (Cunetas de terraza y coronación),UF1,3701,tm2 pk 19+000 - 20+875,19000,20875,CAMPO,23,m3,4,1,1,4,[Clima: Lluvias],xls-4340
2026-09-10,33,DRENAJES Y ESTRUCTURAS,3701.06.04,DRENAJE TRANSVERSAL,Acero de refuerzo Fy=420 Mpa.,UF1,3701,ODT1-047,20108,20108,CAMPO,23,kg,135.27,1,1,135.27,,xls-4341
2026-09-10,31,DRENAJES Y ESTRUCTURAS,3701.06.02,DRENAJE TRANSVERSAL,Rellenos con material seleccionado,UF1,3701,ODT1-043B,19362,19362,CAMPO,23,m3,65,1,1,65,,xls-4342
2026-09-10,38,DRENAJES Y ESTRUCTURAS,3701.06.09,DRENAJE TRANSVERSAL,"Concreto clase  28 MPA (encoles, descoles, box, sumideros)",UF1,3701,ODT1-071,25699,25699,CAMPO,23,m3,10,1,1,10,,xls-4343
2026-09-10,102,DRENAJES Y ESTRUCTURAS,3702.06.01,DRENAJE TRANSVERSAL,Excavaciones varias sin clasicar,UF2,3702,ODT2-032,36523,36523,CAMPO,23,m3,1,1,1,1,,xls-4344
2026-09-10,105,DRENAJES Y ESTRUCTURAS,3702.06.04,DRENAJE TRANSVERSAL,Acero de refuerzo Fy=420 Mpa.,UF2,3702,ODT2-032,36523,36523,CAMPO,23,kg,300,1,1,300,,xls-4345
2026-09-10,110,DRENAJES Y ESTRUCTURAS,3702.06.09,DRENAJE TRANSVERSAL,"Concreto clase  28 MPA (encoles, descoles, box, sumideros)",UF2,3702,ODT2-041,38344,38344,CAMPO,23,m3,6,1,1,6,,xls-4346
2026-09-10,105,DRENAJES Y ESTRUCTURAS,3702.06.04,DRENAJE TRANSVERSAL,Acero de refuerzo Fy=420 Mpa.,UF2,3702,ODT2-044,39394,39394,CAMPO,23,kg,200,1,1,200,,xls-4347
2026-09-10,10,TIERRAS,3701.02.05,EXPLANACIONES,Excavaciones en material común APROVECHABLE,UF1,3701,tm2 pk 14+225 - 14+635,14225,14635,CAMPO,23,m3,1549.17,1,1.3,1191.6692307692308,,xls-4348
2026-09-10,10,TIERRAS,3701.02.05,EXPLANACIONES,Excavaciones en material común NO APROVECHABLE,UF1,3701,tm2 pk 14+225 - 14+635,14225,14635,CAMPO,23,m3,14,1,1.3,10.769230769230768,,xls-4349
2026-09-10,14,TIERRAS,3701.02.08,EXPLANACIONES,Conformación y disposición de sobrantes (incluye obras de adecuación),UF1,3701,RCD 15+800,15800,15800,CAMPO,23,m3,14,1,1.3,10.769230769230768,,xls-4350
2026-09-10,85,TIERRAS,3702.02.07,EXPLANACIONES,Terraplenes (solo conformación),UF2,3702,tm2 pk 36+399 - 36+555,36399,36555,CAMPO,23,m3,751.88,1,1.3,578.3692307692307,,xls-4351
2026-09-10,85,TIERRAS,3702.02.07,EXPLANACIONES,Terraplenes (solo conformación),UF2,3702,tm2 pk 38+864 - 39+200,38864,39200,CAMPO,23,m3,657.29,1,1.3,505.6076923076923,,xls-4352
2026-09-10,13,TIERRAS,3701.02.07,EXPLANACIONES,Terraplenes (solo conformación),UF1,3701,tm2 pk 14+225 - 14+635,14225,14635,CAMPO,23,m3,140,1,1.3,107.6923076923077,,xls-4353
2026-09-10,10,TIERRAS,3701.02.05,EXPLANACIONES,Excavaciones en material común APROVECHABLE,UF1,3701,tm2 pk 14+225 - 14+635,14225,14635,CAMPO,23,m3,28,1,1.3,21.538461538461537,,xls-4354
2026-09-10,10,TIERRAS,3701.02.05,EXPLANACIONES,Excavaciones en material común APROVECHABLE,UF1,3701,tm2 pk 14+225 - 14+635,14225,14635,CAMPO,23,m3,885.879999999999,1,1.3,681.446153846153,,xls-4355
2026-09-10,85,TIERRAS,3702.02.07,EXPLANACIONES,Terraplenes (solo conformación),UF2,3702,tm2 pk 36+399 - 36+555,36399,36555,CAMPO,23,m3,885.879999999999,1,1.3,681.446153846153,,xls-4356
2026-09-10,156,TIERRAS,3701.05.11,ESTRUCTURAS,Geobolsas de geotextil (propybag) MSR,UF1,3701,MSR 14+300,14300,14500,CAMPO,23,UND,100,1,1,100,,xls-4357
2026-09-10,12,TIERRAS,3701.02.06,EXPLANACIONES,Excavación en material común de préstamos,UF1,3701,EL DIVISO,21500,21500,CAMPO,23,m3,1138.09,1,1.3,875.453846153846,,xls-4358
2026-09-10,13,TIERRAS,3701.02.07,EXPLANACIONES,Terraplenes (solo conformación),UF1,3701,tm2 pk 20+875 - 22+650,20875,22650,CAMPO,23,m3,182,1,1.3,140,,xls-4359
2026-09-10,85,TIERRAS,3702.02.07,EXPLANACIONES,Terraplenes (solo conformación),UF2,3702,tm2 pk 36+399 - 36+555,36399,36555,CAMPO,23,m3,494.2,1,1.3,380.15384615384613,,xls-4360
2026-09-12,4,TIERRAS,3701.01.04,DEMOLICIONES Y REUBICACIONES,Remoción de cercas de alambre,UF1,3701,tm2 pk 16+210 - 17+120,16210,17120,CAMPO,23,m,795,1,1,795,,xls-4361
2026-09-12,5,TIERRAS,3701.01.05,DEMOLICIONES Y REUBICACIONES,Cercas de alambre de púas con postes de concreto,UF1,3701,tm2 pk 16+210 - 17+120,16210,17120,CAMPO,23,m,795,1,1,795,,xls-4362
2026-09-12,76,TIERRAS,3702.01.04,DEMOLICIONES Y REUBICACIONES,Remoción de cercas de alambre,UF2,3702,tm2 pk 30+500 - 31+942,30500,31942,CAMPO,23,m,80,1,1,80,,xls-4363
2026-09-12,77,TIERRAS,3702.01.05,DEMOLICIONES Y REUBICACIONES,Cercas de alambre de púas con postes de concreto,UF2,3702,tm2 pk 30+500 - 31+942,30500,31942,CAMPO,23,m,279,1,1,279,,xls-4364
2026-09-12,76,TIERRAS,3702.01.04,DEMOLICIONES Y REUBICACIONES,Remoción de cercas de alambre,UF2,3702,tm2 pk 36+399 - 36+555,36399,36555,CAMPO,23,m,187,1,1,187,,xls-4365
2026-09-12,77,TIERRAS,3702.01.05,DEMOLICIONES Y REUBICACIONES,Cercas de alambre de púas con postes de concreto,UF2,3702,tm2 pk 36+399 - 36+555,36399,36555,CAMPO,23,m,258,1,1,258,,xls-4366
2026-09-12,76,TIERRAS,3702.01.04,DEMOLICIONES Y REUBICACIONES,Remoción de cercas de alambre,UF2,3702,tm2 pk 37+130 - 37+655,37130,37655,CAMPO,23,m,180,1,1,180,,xls-4367
2026-09-12,77,TIERRAS,3702.01.05,DEMOLICIONES Y REUBICACIONES,Cercas de alambre de púas con postes de concreto,UF2,3702,tm2 pk 37+130 - 37+655,37130,37655,CAMPO,23,m,285,1,1,285,,xls-4368
2026-09-12,76,TIERRAS,3702.01.04,DEMOLICIONES Y REUBICACIONES,Remoción de cercas de alambre,UF2,3702,tm2 pk 38+064 - 38+864,38064,38864,CAMPO,23,m,120,1,1,120,,xls-4369
2026-09-12,77,TIERRAS,3702.01.05,DEMOLICIONES Y REUBICACIONES,Cercas de alambre de púas con postes de concreto,UF2,3702,tm2 pk 38+064 - 38+864,38064,38864,CAMPO,23,m,189,1,1,189,,xls-4370
2026-09-12,76,TIERRAS,3702.01.04,DEMOLICIONES Y REUBICACIONES,Remoción de cercas de alambre,UF2,3702,tm2 pk 38+864 - 39+200,38864,39200,CAMPO,23,m,205,1,1,205,,xls-4371
2026-09-12,77,TIERRAS,3702.01.05,DEMOLICIONES Y REUBICACIONES,Cercas de alambre de púas con postes de concreto,UF2,3702,tm2 pk 38+864 - 39+200,38864,39200,CAMPO,23,m,231,1,1,231,,xls-4372
2026-09-12,77,TIERRAS,3702.01.05,DEMOLICIONES Y REUBICACIONES,Cercas de alambre de púas con postes de concreto,UF2,3702,tm2 pk 38+064 - 38+864,38064,38864,CAMPO,23,m,126,1,1,126,,xls-4373
2026-09-12,73,TIERRAS,3702.01.01,DEMOLICIONES Y REUBICACIONES,Demolición de edificaciones,UF2,3702,tm2 pk 37+130 - 37+655,37130,37655,CAMPO,23,m2,83.43,1,1,83.43,,xls-4374
2026-09-11,30,DRENAJES Y ESTRUCTURAS,3701.06.01,DRENAJE TRANSVERSAL,Excavaciones varias sin clasicar,UF1,3701,ODT1-044B,30,30,CAMPO,23,m3,75,1,1,75,[Clima: Soleado],xls-4375
2026-09-11,33,DRENAJES Y ESTRUCTURAS,3701.06.04,DRENAJE TRANSVERSAL,Acero de refuerzo Fy=420 Mpa.,UF1,3701,ODT1-043A,19362,19362,CAMPO,23,kg,120,1,1,120,,xls-4376
2026-09-11,38,DRENAJES Y ESTRUCTURAS,3701.06.09,DRENAJE TRANSVERSAL,"Concreto clase  28 MPA (encoles, descoles, box, sumideros)",UF1,3701,ODT1-047,20108,20108,CAMPO,23,m3,3.2,1,1,3.2,,xls-4377
2026-09-11,33,DRENAJES Y ESTRUCTURAS,3701.06.04,DRENAJE TRANSVERSAL,Acero de refuerzo Fy=420 Mpa.,UF1,3701,ODT1-071,25699,25699,CAMPO,23,kg,2500,1,1,2500,,xls-4378
2026-09-11,105,DRENAJES Y ESTRUCTURAS,3702.06.04,DRENAJE TRANSVERSAL,Acero de refuerzo Fy=420 Mpa.,UF2,3702,ODT2-032,36523,36523,CAMPO,23,kg,341,1,1,341,,xls-4379
2026-09-11,110,DRENAJES Y ESTRUCTURAS,3702.06.09,DRENAJE TRANSVERSAL,"Concreto clase  28 MPA (encoles, descoles, box, sumideros)",UF2,3702,ODT2-032,36523,36523,CAMPO,23,m3,5.5,1,1,5.5,,xls-4380
2026-09-11,105,DRENAJES Y ESTRUCTURAS,3702.06.04,DRENAJE TRANSVERSAL,Acero de refuerzo Fy=420 Mpa.,UF2,3702,ODT2-044,39394,39394,CAMPO,23,kg,1500,1,1,1500,,xls-4381
2026-09-11,59,DRENAJES Y ESTRUCTURAS,3701.07.01,DRENAJE LONGITUDINAL,Excavaciones varias sin clasicar ODL,UF1,3701,tm2 pk 19+000 - 20+875,19000,20875,CAMPO,23,m3,5,1,1,5,,xls-4382
2026-09-11,12,TIERRAS,3701.02.06,EXPLANACIONES,Excavación en material común de préstamos,UF1,3701,EL DIVISO,21500,21500,CAMPO,23,m3,1687.88999999999,1,1.3,1298.3769230769153,,xls-4383
2026-09-11,85,TIERRAS,3702.02.07,EXPLANACIONES,Terraplenes (solo conformación),UF2,3702,tm2 pk 38+864 - 39+200,38864,39200,CAMPO,23,m3,649.14,1,1.3,499.3384615384615,,xls-4384
2026-09-11,85,TIERRAS,3702.02.07,EXPLANACIONES,Terraplenes (solo conformación),UF2,3702,tm2 pk 36+399 - 36+555,36399,36555,CAMPO,23,m3,196,1,1.3,150.76923076923077,,xls-4385
2026-09-11,10,TIERRAS,3701.02.05,EXPLANACIONES,Excavaciones en material común APROVECHABLE,UF1,3701,tm2 pk 14+225 - 14+635,14225,14635,CAMPO,23,m3,228.41,1,1.3,175.7,,xls-4386
2026-09-11,85,TIERRAS,3702.02.07,EXPLANACIONES,Terraplenes (solo conformación),UF2,3702,tm2 pk 36+399 - 36+555,36399,36555,CAMPO,23,m3,228.41,1,1.3,175.7,,xls-4387
2026-09-11,10,TIERRAS,3701.02.05,EXPLANACIONES,Excavaciones en material común APROVECHABLE,UF1,3701,tm2 pk 14+225 - 14+635,14225,14635,CAMPO,23,m3,1655.64999999999,1,1.3,1273.5769230769154,,xls-4388
2026-09-11,85,TIERRAS,3702.02.07,EXPLANACIONES,Terraplenes (solo conformación),UF2,3702,tm2 pk 36+399 - 36+555,36399,36555,CAMPO,23,m3,1655.64999999999,1,1.3,1273.5769230769154,,xls-4389
2026-09-11,156,TIERRAS,3701.05.11,ESTRUCTURAS,Geobolsas de geotextil (propybag) MSR,UF1,3701,MSR 14+300,14300,14500,CAMPO,23,UND,250,1,1,250,,xls-4390
2026-09-12,10,TIERRAS,3701.02.05,EXPLANACIONES,Excavaciones en material común APROVECHABLE,UF1,3701,tm2 pk 14+225 - 14+635,14225,14635,CAMPO,23,m3,429.34,1,1.3,330.2615384615384,[Clima: Soleado],xls-4391
2026-09-12,85,TIERRAS,3702.02.07,EXPLANACIONES,Terraplenes (solo conformación),UF2,3702,tm2 pk 36+399 - 36+555,36399,36555,CAMPO,23,m3,196.489999999999,1,1.3,151.14615384615306,,xls-4392
2026-09-12,85,TIERRAS,3702.02.07,EXPLANACIONES,Terraplenes (solo conformación),UF2,3702,tm2 pk 38+864 - 39+200,38864,39200,CAMPO,23,m3,190.85,1,1.3,146.8076923076923,,xls-4393
2026-09-12,154,TIERRAS,3701.05.09,ESTRUCTURAS,Geotextil tejido uniaxial de 2890 n (método grab md),UF1,3701,MSR 14+300,14300,14500,CAMPO,23,M2,87,1,1,87,,xls-4394
2026-09-12,150,TIERRAS,3701.05.05,ESTRUCTURAS,Material granular drenante MSR,UF1,3701,MSR 14+300,14300,14500,CAMPO,23,M3,20,1,1,20,,xls-4395
2026-09-12,148,TIERRAS,3701.05.03,ESTRUCTURAS,"Tubería PVC d=4"" para drenaje perforada MSR",UF1,3701,MSR 14+300,14300,14500,CAMPO,23,M,6,1,1,6,,xls-4396
2026-09-12,155,TIERRAS,3701.05.10,ESTRUCTURAS,Geodrén planar h=1 m MSR,UF1,3701,MSR 14+300,14300,14500,CAMPO,23,M,20,1,1,20,,xls-4397
2026-09-12,18,TIERRAS,3701.03.01,"BASES, SUBBASES Y AFIRMADOS",Subbase Granular,UF1,3701,tm2 pk 20+875 - 22+650,20875,22650,CAMPO,23,m3,437.43,1,1.3,336.4846153846154,,xls-4398
2026-09-12,36,DRENAJES Y ESTRUCTURAS,3701.06.07,DRENAJE TRANSVERSAL,"Concreto clase 14 MPA (solados, estructuras)",UF1,3701,ODT1-044B,30,30,CAMPO,23,m3,4,1,1,4,[Clima: Soleado],xls-4399
2026-09-12,105,DRENAJES Y ESTRUCTURAS,3702.06.04,DRENAJE TRANSVERSAL,Acero de refuerzo Fy=420 Mpa.,UF2,3702,ODT2-041,38344,38344,CAMPO,23,kg,300,1,1,1200,,xls-4400
2026-09-12,110,DRENAJES Y ESTRUCTURAS,3702.06.09,DRENAJE TRANSVERSAL,"Concreto clase  28 MPA (encoles, descoles, box, sumideros)",UF2,3702,ODT2-044,39394,39394,CAMPO,23,m3,20,1,1,20,,xls-4401
2026-09-12,105,DRENAJES Y ESTRUCTURAS,3702.06.04,DRENAJE TRANSVERSAL,Acero de refuerzo Fy=420 Mpa.,UF2,3702,ODT2-044,39394,39394,CAMPO,23,kg,437,1,1,437,,xls-4402
2026-09-12,33,DRENAJES Y ESTRUCTURAS,3701.06.04,DRENAJE TRANSVERSAL,Acero de refuerzo Fy=420 Mpa.,UF1,3701,ODT1-071,25699,25699,CAMPO,23,kg,1579,1,1,1579,,xls-4403
2026-09-12,105,DRENAJES Y ESTRUCTURAS,3702.06.04,DRENAJE TRANSVERSAL,Acero de refuerzo Fy=420 Mpa.,UF2,3702,ODT2-032,36523,36523,CAMPO,23,kg,341,1,1,341,,xls-4404
2026-09-14,33,DRENAJES Y ESTRUCTURAS,3701.06.04,DRENAJE TRANSVERSAL,Acero de refuerzo Fy=420 Mpa.,UF1,3701,ODT1-071,25699,25699,CAMPO,23,kg,413,1,1,413,[Clima: Soleado],xls-4405
2026-09-14,110,DRENAJES Y ESTRUCTURAS,3702.06.09,DRENAJE TRANSVERSAL,"Concreto clase  28 MPA (encoles, descoles, box, sumideros)",UF2,3702,ODT2-032,36523,36523,CAMPO,23,m3,4.5,1,1,4.5,,xls-4406
2026-09-14,102,DRENAJES Y ESTRUCTURAS,3702.06.01,DRENAJE TRANSVERSAL,Excavaciones varias sin clasicar,UF2,3702,ODT2-031,36536,36536,CAMPO,23,m3,100,1,1,100,,xls-4407
2026-09-14,102,DRENAJES Y ESTRUCTURAS,3702.06.01,DRENAJE TRANSVERSAL,Excavaciones varias sin clasicar,UF2,3702,ODT2-031,36536,36536,CAMPO,23,m3,2,1,1,2,,xls-4408
2026-09-14,30,DRENAJES Y ESTRUCTURAS,3701.06.01,DRENAJE TRANSVERSAL,Excavaciones varias sin clasicar,UF1,3701,ODT1-043B,19362,19362,CAMPO,23,m3,150,1,1,150,,xls-4409
2026-09-14,33,DRENAJES Y ESTRUCTURAS,3701.06.04,DRENAJE TRANSVERSAL,Acero de refuerzo Fy=420 Mpa.,UF1,3701,ODT1-043A,19362,19362,CAMPO,23,kg,100,1,1,100,,xls-4410
2026-09-14,34,DRENAJES Y ESTRUCTURAS,3701.06.05,DRENAJE TRANSVERSAL,Tubería de Concreto Reforzado de 900mm de diámetro interior (Tipo III),UF1,3701,ODT1-044B,30,30,CAMPO,23,m,25,1,1,25,,xls-4411
2026-09-14,10,TIERRAS,3701.02.05,EXPLANACIONES,Excavaciones en material común APROVECHABLE,UF1,3701,tm2 pk 14+225 - 14+635,14225,14635,CAMPO,23,m3,1276.65,1,1.3,982.0384615384615,[Clima: Soleado],xls-4412
2026-09-14,13,TIERRAS,3701.02.07,EXPLANACIONES,Terraplenes (solo conformación),UF1,3701,tm2 pk 14+225 - 14+635,14225,14635,CAMPO,23,m3,185.95,1,1.3,143.03846153846152,,xls-4413
2026-09-14,85,TIERRAS,3702.02.07,EXPLANACIONES,Terraplenes (solo conformación),UF2,3702,tm2 pk 38+864 - 39+200,38864,39200,CAMPO,23,m3,484.39,1,1.3,372.6076923076923,,xls-4414
2026-09-14,85,TIERRAS,3702.02.07,EXPLANACIONES,Terraplenes (solo conformación),UF2,3702,tm2 pk 36+399 - 36+555,36399,36555,CAMPO,23,m3,606.31,1,1.3,466.3923076923076,,xls-4415
2026-08-22,36,DRENAJES Y ESTRUCTURAS,3701.06.07,DRENAJE TRANSVERSAL,"Concreto clase 14 MPA (solados, estructuras)",UF1,3701,ODT1-047,20108,20108,CAMPO,23,m3,2,1,1,2,,xls-4416
2026-09-03,36,DRENAJES Y ESTRUCTURAS,3701.06.07,DRENAJE TRANSVERSAL,"Concreto clase 14 MPA (solados, estructuras)",UF1,3701,ODT1-071,25699,25699,CAMPO,23,m3,2,1,1,2,,xls-4417
2026-09-08,65,DRENAJES Y ESTRUCTURAS,3701.07.07,DRENAJE LONGITUDINAL,Concreto clase 14 MPA (Cunetas de terraza y coronación),UF1,3701,tm2 pk 19+000 - 20+875,19000,20875,CAMPO,23,m3,4,1,1,4,,xls-4418
2026-09-09,65,DRENAJES Y ESTRUCTURAS,3701.07.07,DRENAJE LONGITUDINAL,Concreto clase 14 MPA (Cunetas de terraza y coronación),UF1,3701,tm2 pk 19+000 - 20+875,19000,20875,CAMPO,23,m3,4,1,1,4,,xls-4419
2026-09-15,108,DRENAJES Y ESTRUCTURAS,3702.06.07,DRENAJE TRANSVERSAL,"Concreto clase 14 MPA (solados, estructuras)",UF2,3702,ODT2-031,36536,36536,CAMPO,23,m3,2,1,1,2,,xls-4420
2026-09-15,105,DRENAJES Y ESTRUCTURAS,3702.06.04,DRENAJE TRANSVERSAL,Acero de refuerzo Fy=420 Mpa.,UF2,3702,ODT2-031,36536,36536,CAMPO,23,kg,651,1,1,651,,xls-4421
2026-09-15,110,DRENAJES Y ESTRUCTURAS,3702.06.09,DRENAJE TRANSVERSAL,"Concreto clase  28 MPA (encoles, descoles, box, sumideros)",UF2,3702,ODT2-031,36536,36536,CAMPO,23,m3,4.7,1,1,4.7,,xls-4422
2026-09-15,36,DRENAJES Y ESTRUCTURAS,3701.06.07,DRENAJE TRANSVERSAL,"Concreto clase 14 MPA (solados, estructuras)",UF1,3701,ODT1-044B,30,30,CAMPO,23,m3,4.5,1,1,4.5,,xls-4423
2026-09-15,110,DRENAJES Y ESTRUCTURAS,3702.06.09,DRENAJE TRANSVERSAL,"Concreto clase  28 MPA (encoles, descoles, box, sumideros)",UF2,3702,ODT2-041,38344,38344,CAMPO,23,m3,6,1,1,6,,xls-4424
2026-09-15,102,DRENAJES Y ESTRUCTURAS,3702.06.01,DRENAJE TRANSVERSAL,Excavaciones varias sin clasicar,UF2,3702,ODT2-042,50,50,CAMPO,23,m3,120,1,1,120,,xls-4425
2026-09-15,103,DRENAJES Y ESTRUCTURAS,3702.06.02,DRENAJE TRANSVERSAL,Rellenos con material seleccionado,UF2,3702,ODT2-042,50,50,CAMPO,23,m3,112,1,1,112,,xls-4426
2026-09-15,38,DRENAJES Y ESTRUCTURAS,3701.06.09,DRENAJE TRANSVERSAL,"Concreto clase  28 MPA (encoles, descoles, box, sumideros)",UF1,3701,ODT1-043A,19362,19362,CAMPO,23,m3,2.5,1,1,2.5,,xls-4427
2026-09-15,10,TIERRAS,3701.02.05,EXPLANACIONES,Excavaciones en material común APROVECHABLE,UF1,3701,tm2 pk 14+225 - 14+635,14225,14635,CAMPO,23,m3,851.89,1,1.3,655.3,[Clima: Lluvias],xls-4428
2026-09-15,85,TIERRAS,3702.02.07,EXPLANACIONES,Terraplenes (solo conformación),UF2,3702,tm2 pk 38+864 - 39+200,38864,39200,CAMPO,23,m3,420.94,1,1.3,323.8,,xls-4429
2026-09-15,14,TIERRAS,3701.02.08,EXPLANACIONES,Conformación y disposición de sobrantes (incluye obras de adecuación),UF1,3701,RCD 15+800,15800,15800,CAMPO,23,m3,100.01,1,1.3,76.93076923076923,,xls-4430
2026-09-15,10,TIERRAS,3701.02.05,EXPLANACIONES,Excavaciones en material común NO APROVECHABLE,UF1,3701,tm2 pk 14+225 - 14+635,14225,14635,CAMPO,23,m3,100.01,1,1.3,76.93076923076923,,xls-4431
2026-09-15,156,TIERRAS,3701.05.11,ESTRUCTURAS,Geobolsas de geotextil (propybag) MSR,UF1,3701,MSR 14+300,14300,14500,CAMPO,23,UND,100,1,1,100,,xls-4432
2026-09-15,85,TIERRAS,3702.02.07,EXPLANACIONES,Terraplenes (solo conformación),UF2,3702,tm2 pk 36+399 - 36+555,36399,36555,CAMPO,23,m3,430.95,1,1.3,331.5,,xls-4433
2026-09-15,85,TIERRAS,3702.02.07,EXPLANACIONES,Terraplenes (solo conformación),UF2,3702,tm2 pk 36+399 - 36+555,36399,36555,CAMPO,23,m3,1065.98,1,1.3,819.9846153846154,,xls-4434
2026-09-15,10,TIERRAS,3701.02.05,EXPLANACIONES,Excavaciones en material común APROVECHABLE,UF1,3701,tm2 pk 14+225 - 14+635,14225,14635,CAMPO,23,m3,1065.98,1,1.3,819.9846153846154,,xls-4435
2026-09-15,113,DRENAJES Y ESTRUCTURAS,3702.06.12,DRENAJE TRANSVERSAL,Geodrén vial h=1 m con tubería de 100 mm,UF2,3702,ODT2-044,39394,39394,CAMPO,23,m,37.14,1,1,37.14,,xls-4436
2026-09-15,113,DRENAJES Y ESTRUCTURAS,3702.06.12,DRENAJE TRANSVERSAL,Geodrén vial h=1 m con tubería de 100 mm,UF2,3702,ODT2-041,38344,38344,CAMPO,23,m,44.46,1,1,44.46,,xls-4437
2026-09-15,114,DRENAJES Y ESTRUCTURAS,3702.06.13,DRENAJE TRANSVERSAL,Geodrén planar h=1 m,UF2,3702,ODT2-041,38344,38344,CAMPO,23,m2,88.92,1,1,88.92,,xls-4438
2026-09-15,111,DRENAJES Y ESTRUCTURAS,3702.06.10,DRENAJE TRANSVERSAL,Cinta pvc para juntas,UF2,3702,ODT2-041,38344,38344,CAMPO,23,m,44.46,1,1,44.46,,xls-4439
2025-08-01,106,DRENAJES Y ESTRUCTURAS,3702.06.05,DRENAJE TRANSVERSAL,Tubería de Concreto Reforzado de 900mm de diámetro interior (Tipo III),UF2,3702,ajuste origen UF2,30000,39600,CAMPO,10,m,67.37,1,1,67.37,,xls-4440
2026-09-01,34,DRENAJES Y ESTRUCTURAS,3701.06.05,DRENAJE TRANSVERSAL,Tubería de Concreto Reforzado de 900mm de diámetro interior (Tipo III),UF1,3701,ODT1-061,22432,22432,CAMPO,23,m,15,1,1,15,,xls-4441
2026-09-01,34,DRENAJES Y ESTRUCTURAS,3701.06.05,DRENAJE TRANSVERSAL,Tubería de Concreto Reforzado de 900mm de diámetro interior (Tipo III),UF1,3701,ODT1-080,28753,28753,CAMPO,23,m,13,1,1,13,,xls-4442
2026-09-16,108,DRENAJES Y ESTRUCTURAS,3702.06.07,DRENAJE TRANSVERSAL,"Concreto clase 14 MPA (solados, estructuras)",UF2,3702,ODT2-042,50,50,CAMPO,24,m3,8,1,1,8,,xls-4443
2026-09-16,102,DRENAJES Y ESTRUCTURAS,3702.06.01,DRENAJE TRANSVERSAL,Excavaciones varias sin clasicar,UF2,3702,ODT2-042,50,50,CAMPO,24,m3,80,1,1,80,,xls-4444
2026-09-16,103,DRENAJES Y ESTRUCTURAS,3702.06.02,DRENAJE TRANSVERSAL,Rellenos con material seleccionado,UF2,3702,ODT2-042,50,50,CAMPO,24,m3,140,1,1,140,,xls-4445
2026-09-16,36,DRENAJES Y ESTRUCTURAS,3701.06.07,DRENAJE TRANSVERSAL,"Concreto clase 14 MPA (solados, estructuras)",UF1,3701,ODT1-044B,30,30,CAMPO,24,m3,5.5,1,1,5.5,,xls-4446
2026-09-16,34,DRENAJES Y ESTRUCTURAS,3701.06.05,DRENAJE TRANSVERSAL,Tubería de Concreto Reforzado de 900mm de diámetro interior (Tipo III),UF1,3701,ODT1-044B,30,30,CAMPO,24,m,25,1,1,25,,xls-4447
2026-09-16,33,DRENAJES Y ESTRUCTURAS,3701.06.04,DRENAJE TRANSVERSAL,Acero de refuerzo Fy=420 Mpa.,UF1,3701,ODT1-043A,19362,19362,CAMPO,24,kg,100,1,1,100,,xls-4448
2026-09-16,59,DRENAJES Y ESTRUCTURAS,3701.07.01,DRENAJE LONGITUDINAL,Excavaciones varias sin clasicar ODL,UF1,3701,tm2 pk 19+000 - 20+875,19000,20875,CAMPO,24,m3,2,1,1,2,,xls-4449
2026-09-01,80,TIERRAS,3702.02.03,EXPLANACIONES,Desmonte y limpieza en zonas no boscosas,UF2,3702,tm2 pk 35+885 - 36+050,35885,36050,CAMPO,23,Ha,1765.5,0.0001,1,0.17655,,xls-4450
2026-09-01,80,TIERRAS,3702.02.03,EXPLANACIONES,Desmonte y limpieza en zonas no boscosas,UF2,3702,tm2 pk 36+399 - 36+555,36399,36555,CAMPO,23,Ha,3011,0.0001,1,0.30110000000000003,,xls-4451
2026-09-15,80,TIERRAS,3702.02.03,EXPLANACIONES,Desmonte y limpieza en zonas no boscosas,UF2,3702,tm2 pk 37+130 - 37+655,37130,37655,CAMPO,23,Ha,3712,0.0001,1,0.37120000000000003,,xls-4452
2026-09-16,151,TIERRAS,3701.05.06,ESTRUCTURAS,Geomalla tejida uniaxial de 55 kn/m (método md),UF1,3701,MSR 14+300,14300,14500,CAMPO,24,M2,816,1,1,816,[Clima: Lluvias parciales],xls-4453
2026-09-16,156,TIERRAS,3701.05.11,ESTRUCTURAS,Geobolsas de geotextil (propybag) MSR,UF1,3701,MSR 14+300,14300,14500,CAMPO,24,UND,240,1,1,240,,xls-4454
2026-09-16,153,TIERRAS,3701.05.08,ESTRUCTURAS,Geotextil tejido uniaxial de 1480 n (método grab md),UF1,3701,MSR 14+300,14300,14500,CAMPO,24,M2,130,1,1,130,,xls-4455
2026-09-17,33,DRENAJES Y ESTRUCTURAS,3701.06.04,DRENAJE TRANSVERSAL,Acero de refuerzo Fy=420 Mpa.,UF1,3701,ODT1-043A,19362,19362,CAMPO,24,kg,100,1,1,100,[Clima: Soleado],xls-4456
2026-09-17,36,DRENAJES Y ESTRUCTURAS,3701.06.07,DRENAJE TRANSVERSAL,"Concreto clase 14 MPA (solados, estructuras)",UF1,3701,ODT1-044B,30,30,CAMPO,24,m3,5,1,1,5,,xls-4457
2026-09-17,38,DRENAJES Y ESTRUCTURAS,3701.06.09,DRENAJE TRANSVERSAL,"Concreto clase  28 MPA (encoles, descoles, box, sumideros)",UF1,3701,ODT1-071,25699,25699,CAMPO,24,m3,4.5,1,1,4.5,,xls-4458
2026-09-17,105,DRENAJES Y ESTRUCTURAS,3702.06.04,DRENAJE TRANSVERSAL,Acero de refuerzo Fy=420 Mpa.,UF2,3702,ODT2-042,50,50,CAMPO,24,kg,200,1,1,200,,xls-4459
2026-09-17,38,DRENAJES Y ESTRUCTURAS,3701.06.09,DRENAJE TRANSVERSAL,"Concreto clase  28 MPA (encoles, descoles, box, sumideros)",UF1,3701,ODT1-071,25699,25699,CAMPO,24,m3,13,1,1,13,,xls-4460
2026-09-17,59,DRENAJES Y ESTRUCTURAS,3701.07.01,DRENAJE LONGITUDINAL,Excavaciones varias sin clasicar ODL,UF1,3701,tm2 pk 19+000 - 20+875,19000,20875,CAMPO,24,m3,1,1,1,1,,xls-4461
2026-09-17,13,TIERRAS,3701.02.07,EXPLANACIONES,Terraplenes (solo conformación),UF1,3701,tm2 pk 14+225 - 14+635,14225,14635,CAMPO,24,m3,222.54,1,1.3,171.18461538461537,[Clima: Soleado],xls-4462
2026-09-17,85,TIERRAS,3702.02.07,EXPLANACIONES,Terraplenes (solo conformación),UF2,3702,tm2 pk 38+864 - 39+200,38864,39200,CAMPO,24,m3,798.8,1,1.3,614.4615384615385,,xls-4463
2026-09-17,85,TIERRAS,3702.02.07,EXPLANACIONES,Terraplenes (solo conformación),UF2,3702,tm2 pk 36+399 - 36+555,36399,36555,CAMPO,24,m3,199.9,1,1.3,153.76923076923077,,xls-4464
2026-09-17,10,TIERRAS,3701.02.05,EXPLANACIONES,Excavaciones en material común APROVECHABLE,UF1,3701,tm2 pk 14+225 - 14+635,14225,14635,CAMPO,24,m3,199.9,1,1.3,153.76923076923077,,xls-4465
2026-09-17,85,TIERRAS,3702.02.07,EXPLANACIONES,Terraplenes (solo conformación),UF2,3702,tm2 pk 36+399 - 36+555,36399,36555,CAMPO,24,m3,167.9,1,1.3,129.15384615384616,,xls-4466
2026-09-17,10,TIERRAS,3701.02.05,EXPLANACIONES,Excavaciones en material común APROVECHABLE,UF1,3701,tm2 pk 14+225 - 14+635,14225,14635,CAMPO,24,m3,1247.92,1,1.3,959.9384615384615,,xls-4467
2026-08-15,72,TIERRAS,3701.09.02,PROTECCIÓN DE TALUDES,Protección de taludes con productos enrollados para control de erosión con biomanto,UF1,3701,tm2 pk 19+000 - 20+875,19000,20875,CAMPO,22,m2,759.2700000000004,1,1,759.2700000000004,,xls-4468
